TEST_DATE,DURATION,WH_CSG_PRESS,WH_PRESS,WH_TEMP,OIL_RATE,GRAVITY,WATER_RATE,GROSS_FLUID,SURF_CHOKE,SEP_PRESS
1996-04-24,4.0,460.0,790.0,,1902.0,38.7000007629394,4.0,1906.0,38.0,
1996-04-27,4.0,290.0,750.0,,1862.0,39.7000007629394,6.0,1868.0,38.0,
1996-04-29,4.0,220.0,730.0,,1851.0,40.7000007629394,9.0,1860.0,38.0,
1996-05-02,4.0,800.0,700.0,,1889.0,38.7999992370606,4.0,1893.0,38.0,
1996-05-04,4.0,850.0,680.0,,1784.0,38.5,2.0,1786.0,38.0,
1996-05-08,4.0,825.0,650.0,,1729.0,38.9000015258789,3.0,1732.0,38.0,
1996-05-12,4.0,800.0,650.0,,1866.0,39.7999992370606,9.0,1875.0,38.0,
1996-05-18,4.0,800.0,640.0,,1744.0,39.9000015258789,0.0,1744.0,38.0,
1996-05-22,4.0,780.0,600.0,,2044.0,38.5999984741211,2.0,2046.0,42.0,
1996-08-22,6.0,660.0,640.0,,745.0,36.5,3.0,748.0,48.0,
1996-08-23,6.0,650.0,875.0,,1672.0,36.4000015258789,2.0,1674.0,48.0,
1996-10-22,24.0,355.0,240.0,,241.0,37.0999984741211,3.0,244.0,44.0,
1996-11-06,4.0,350.0,590.0,,1354.0,35.2999992370606,8.0,1362.0,64.0,
1996-11-10,6.0,380.0,225.0,,465.0,35.5,11.0,476.0,44.0,
1996-11-16,4.0,320.0,200.0,,186.0,35.7999992370606,0.0,186.0,44.0,
1996-11-29,24.0,1020.0,220.0,,0.0,37.2999992370606,0.0,0.0,117.0,
1996-11-30,24.0,1010.0,220.0,,0.0,37.5,0.0,0.0,117.0,
1996-12-01,24.0,1015.0,210.0,,0.0,37.4000015258789,0.0,0.0,117.0,
1996-12-02,24.0,1010.0,205.0,,0.0,37.9000015258789,0.0,0.0,117.0,
1996-12-03,24.0,1020.0,220.0,,0.0,37.9000015258789,0.0,0.0,117.0,
1996-12-04,24.0,980.0,220.0,,0.0,37.9000015258789,0.0,0.0,117.0,
1996-12-05,24.0,1000.0,220.0,,0.0,37.9000015258789,0.0,0.0,117.0,
1996-12-06,24.0,1000.0,220.0,,0.0,37.9000015258789,0.0,0.0,117.0,
1996-12-07,24.0,1000.0,220.0,,0.0,37.9000015258789,0.0,0.0,117.0,
1996-12-08,24.0,980.0,220.0,,0.0,37.9000015258789,0.0,0.0,117.0,
1996-12-09,24.0,1000.0,220.0,,0.0,37.9000015258789,0.0,0.0,117.0,
1996-12-10,24.0,1010.0,220.0,,0.0,37.7000007629394,0.0,0.0,117.0,
1996-12-11,24.0,1000.0,225.0,,0.0,37.4000015258789,0.0,0.0,117.0,
1996-12-12,24.0,1000.0,220.0,,0.0,36.7000007629394,0.0,0.0,117.0,
1996-12-13,24.0,1010.0,210.0,,0.0,38.5999984741211,0.0,0.0,117.0,
1996-12-14,24.0,1010.0,210.0,,0.0,38.7000007629394,0.0,0.0,117.0,
1996-12-15,24.0,1020.0,210.0,,0.0,37.0999984741211,0.0,0.0,117.0,
1996-12-16,24.0,1020.0,220.0,,0.0,38.7000007629394,0.0,0.0,117.0,
1996-12-17,24.0,1040.0,218.0,,0.0,39.0,0.0,0.0,117.0,
1996-12-18,24.0,1060.0,220.0,,0.0,38.5,0.0,0.0,117.0,
1996-12-19,24.0,1020.0,220.0,,0.0,38.7999992370606,0.0,0.0,117.0,
1996-12-20,24.0,1030.0,220.0,,0.0,38.2000007629394,0.0,0.0,117.0,
1996-12-21,24.0,950.0,215.0,,0.0,38.4000015258789,0.0,0.0,117.0,
1996-12-22,24.0,1025.0,220.0,,0.0,37.7999992370606,0.0,0.0,117.0,
1996-12-23,24.0,980.0,220.0,,0.0,37.9000015258789,0.0,0.0,117.0,
1996-12-24,24.0,960.0,215.0,,0.0,37.5999984741211,0.0,0.0,117.0,
1996-12-25,24.0,995.0,210.0,,0.0,37.5,0.0,0.0,117.0,
1996-12-26,24.0,990.0,210.0,,0.0,37.5,0.0,0.0,117.0,
1996-12-27,24.0,890.0,220.0,,0.0,37.5999984741211,0.0,0.0,117.0,
1996-12-29,24.0,980.0,210.0,,0.0,38.7000007629394,0.0,0.0,117.0,
1996-12-30,24.0,980.0,215.0,,0.0,39.7999992370606,0.0,0.0,117.0,
1997-02-25,6.0,280.0,190.0,,130.0,37.5999984741211,0.0,130.0,117.0,
1997-07-07,24.0,1160.0,255.0,,320.0,36.0,0.0,320.0,117.0,
1999-12-19,10.0,1480.0,900.0,,772.0,37.2000007629394,82.0,854.0,32.0,
1999-12-20,8.0,1650.0,840.0,,577.0,35.7000007629394,242.0,819.0,32.0,
1999-12-21,10.0,1100.0,880.0,,604.0,35.7000007629394,212.0,816.0,32.0,
2001-01-01,2.0,,,,0.0,0.0,0.0,0.0,,
2001-01-03,2.0,,,,0.0,0.0,0.0,0.0,,
2001-01-07,2.0,1360.0,1300.0,,0.0,0.0,0.0,0.0,40.0,
2001-01-09,2.0,1420.0,1280.0,,0.0,0.0,0.0,0.0,40.0,
2001-01-14,2.0,,,,0.0,0.0,0.0,0.0,,
2001-01-17,2.0,1220.0,1200.0,,0.0,0.0,0.0,0.0,20.0,
2001-11-15,2.0,,,,3.0,0.0,29.0,32.0,,
2002-07-19,24.0,1200.0,1220.0,,1200.0,0.0,0.0,1200.0,65.0,
2002-09-29,24.0,780.0,170.0,,303.0,0.0,455.0,758.0,80.0,
2002-09-30,24.0,760.0,150.0,,149.0,0.0,229.0,378.0,80.0,
2002-10-01,24.0,760.0,150.0,,0.0,0.0,0.0,0.0,80.0,
2002-10-02,4.0,750.0,700.0,,0.0,0.0,0.0,0.0,80.0,
2002-10-28,24.0,780.0,150.0,,45.0,0.0,74.0,119.0,80.0,
2002-10-29,24.0,780.0,140.0,,68.0,0.0,69.0,137.0,80.0,
2002-10-30,24.0,780.0,170.0,,87.0,0.0,88.0,175.0,80.0,
2002-10-31,24.0,760.0,180.0,,71.0,0.0,59.0,130.0,80.0,
2002-11-01,24.0,740.0,170.0,,92.0,0.0,61.0,153.0,80.0,
2002-11-02,24.0,740.0,150.0,,92.0,0.0,61.0,153.0,80.0,
2003-03-16,24.0,1260.0,200.0,,0.0,0.0,0.0,0.0,117.0,
2008-08-25,10.0,1100.0,1760.0,,1650.0,0.0,251.0,1901.0,24.0,
2008-08-26,10.0,1210.0,1735.0,,1065.0,0.0,54.0,1119.0,24.0,
2008-08-27,15.0,1310.0,1660.0,,1201.0,37.2299995422363,93.0,1294.0,26.0,
2008-08-28,16.0,1360.0,1610.0,,1214.0,38.0400009155273,91.0,1305.0,26.0,
2008-10-02,4.0,840.0,1180.0,,1275.0,38.0400009155273,21.0,1296.0,26.0,
2011-04-13,24.0,880.0,150.0,82.0,377.28,38.0,408.72,786.0,117.0,126.0
2011-04-14,24.0,880.0,150.0,56.0,293.92,38.0,374.08,668.0,117.0,127.0
2012-09-08,6.5,1000.0,195.0,85.0,309.96,37.0,428.04,738.0,117.0,140.0
2013-03-05,14.25,840.0,180.0,82.0,131.87,37.0,395.62,527.49,117.0,120.0
2015-11-07,24.0,920.0,180.0,82.0,121.8,37.0,690.2,812.0,116.0,125.0
2015-11-28,12.0,960.0,200.0,82.0,162.9,37.0,923.1,1086.0,116.0,126.0
2015-11-30,24.0,880.0,200.0,82.0,144.75,37.0,820.25,965.0,116.0,128.0
2015-12-01,24.0,880.0,200.0,82.0,142.65,37.0,808.35,951.0,116.0,128.0
2017-07-05,6.0,1070.0,345.0,80.0,72.4,37.0,651.6,724.0,40.0,120.0
2017-07-07,12.0,1060.0,360.0,81.0,43.26,37.0,1192.74,1236.0,60.0,121.0
2017-08-12,24.0,1010.0,400.0,80.0,19.92,40.0999984741211,478.08,498.0,40.0,118.0
2017-08-14,24.0,1010.0,220.0,80.0,23.8,40.0999984741211,452.2,476.0,40.0,118.0
2017-08-24,24.0,960.0,320.0,80.0,19.85,,377.15,397.0,40.0,118.0
2017-08-25,24.0,960.0,320.0,80.0,18.4,40.0999984741211,349.6,368.0,40.0,119.0
2017-08-26,24.0,960.0,320.0,80.0,21.65,40.0999984741211,411.35,433.0,40.0,120.0
2017-08-27,24.0,960.0,320.0,80.0,17.7,40.0999984741211,336.3,354.0,40.0,118.0
2019-01-30,12.0,1100.0,660.0,84.0,132.1,,2509.9,2642.0,70.0,119.0
2019-01-31,3.0,1080.0,650.0,84.0,124.3,,2361.7,2486.0,70.0,118.0
2020-01-02,6.0,900.0,220.0,84.0,62.64,,2025.36,2088.0,137.0,120.0
2022-03-29,4.0,1000.0,165.0,89.0,0.0,,0.0,0.0,137.0,104.0
2022-04-08,6.0,1000.0,160.0,89.0,13.32,,652.68,666.0,137.0,120.0
2025-11-19,8.0,999.0,140.0,98.0,27.08,,1326.91,1353.99,137.0,110.0
2015-05-20,6.0,1130.0,3320.0,82.0,0.0,,0.0,0.0,5.0,1138.0
2015-05-21,24.0,1130.0,3330.0,82.0,0.0,,0.0,0.0,5.0,1138.0
2015-05-22,24.0,1150.0,3400.0,82.0,0.0,,0.0,0.0,5.0,1135.0
2015-05-23,24.0,1150.0,3400.0,84.0,0.0,,0.0,0.0,5.0,1142.0
2015-05-24,24.0,1160.0,3300.0,85.0,0.0,,0.0,0.0,5.0,1136.0
2015-05-25,24.0,1160.0,3300.0,84.0,0.0,,0.0,0.0,5.0,1138.0
2015-05-26,24.0,1160.0,3300.0,85.0,0.0,,0.0,0.0,5.0,1137.0
2015-05-27,24.0,1200.0,3300.0,85.0,0.0,,0.0,0.0,5.0,1127.0
2015-05-28,24.0,1120.0,3300.0,85.0,0.0,,0.0,0.0,5.0,1140.0
2015-05-29,24.0,1200.0,3220.0,85.0,0.0,,0.0,0.0,5.0,
2015-05-30,12.0,1200.0,3110.0,85.0,0.0,,0.0,0.0,8.0,1138.0
2015-06-01,24.0,1200.0,3100.0,85.0,0.0,,0.0,0.0,8.0,1119.0
2015-06-18,24.0,0.0,2680.0,83.0,0.0,,0.0,0.0,8.0,1064.0
2015-06-19,8.0,0.0,2650.0,81.0,0.0,,0.0,0.0,10.0,1085.0
2015-06-20,24.0,0.0,2600.0,82.0,0.0,,0.0,0.0,10.0,1059.0
2015-06-21,24.0,0.0,2600.0,,0.0,,0.0,0.0,10.0,
2015-06-22,24.0,0.0,2500.0,83.0,0.0,,0.0,0.0,10.0,1060.0
2015-06-23,24.0,0.0,2540.0,,0.0,,0.0,0.0,10.0,1071.0
2015-06-29,24.0,0.0,2380.0,83.0,0.0,,0.0,0.0,10.0,1068.0
2015-06-30,24.0,0.0,2380.0,,0.0,,0.0,0.0,10.0,1059.0
2015-07-01,24.0,0.0,2400.0,83.0,0.0,,0.0,0.0,10.0,1058.0
2015-07-02,8.0,0.0,2265.0,81.0,0.0,,0.0,0.0,19.0,1065.0
2015-09-01,10.0,850.0,180.0,,550.35,,309.57,859.92,137.0,114.0
2015-09-11,24.0,850.0,300.0,79.0,48.39,,1564.61,1613.0,137.0,114.0
2015-09-12,10.0,825.0,300.0,75.0,43.65,,1411.35,1455.0,137.0,115.0
2015-09-15,6.0,100.0,1200.0,81.0,56.6,,1075.4,1132.0,40.0,1011.0
2015-09-16,24.0,1050.0,1180.0,81.0,93.5,,1776.5,1870.0,40.0,996.0
2015-09-17,18.0,1050.0,1180.0,83.0,77.15,,1465.85,1543.0,40.0,1049.0
2015-09-18,24.0,1050.0,1180.0,83.0,58.1,,1103.9,1162.0,40.0,1158.0
2015-09-19,24.0,1050.0,1180.0,83.0,48.6,,923.4,972.0,40.0,1150.0
2015-09-20,24.0,1050.0,1180.0,82.0,40.05,,760.95,801.0,40.0,1158.0
2015-09-21,24.0,1050.0,1180.0,82.0,41.4,,786.6,828.0,40.0,1157.0
2015-09-22,24.0,250.0,1270.0,82.0,41.55,,789.45,831.0,40.0,1155.0
2015-09-23,24.0,250.0,1270.0,80.0,54.6,,1037.4,1092.0,40.0,1159.0
2015-10-24,24.0,850.0,360.0,83.0,19.2,,940.8,960.0,60.0,125.0
2015-12-14,24.0,730.0,630.0,84.0,19.04,,932.96,952.0,40.0,135.0
2015-12-17,6.0,750.0,650.0,84.0,13.68,,670.32,684.0,44.0,126.0
2015-12-19,24.0,750.0,650.0,83.0,16.08,,787.92,804.0,40.0,137.0
2015-12-22,24.0,720.0,620.0,84.0,13.48,,660.52,674.0,40.0,136.0
2016-01-06,24.0,650.0,230.0,83.0,3.8,,186.2,190.0,40.0,127.0
2016-01-07,24.0,650.0,165.0,84.0,3.78,,185.22,189.0,40.0,127.0
2016-01-08,24.0,650.0,165.0,84.0,6.56,,321.44,328.0,60.0,127.0
2016-01-10,24.0,690.0,195.0,84.0,14.98,,734.02,749.0,100.0,130.0
2016-01-11,24.0,690.0,195.0,84.0,10.92,,1081.08,1092.0,100.0,138.0
2016-01-12,24.0,650.0,240.0,84.0,18.96,,929.04,948.0,100.0,137.0
2016-04-27,24.0,720.0,1340.0,114.0,441.78,,2.22,444.0,14.0,125.0
2016-07-12,8.0,120.0,840.0,86.0,805.6,,201.4,1007.0,26.0,472.0
2016-07-13,24.0,120.0,990.0,84.0,757.35,,133.65,891.0,26.0,486.0
2016-07-14,24.0,120.0,990.0,84.0,722.5,,127.5,850.0,26.0,464.0
2016-07-15,24.0,130.0,1010.0,84.0,699.2,,174.8,874.0,26.0,484.0
2016-07-16,24.0,130.0,1010.0,85.0,668.8,,167.2,836.0,26.0,466.0
2016-07-17,24.0,130.0,1010.0,85.0,662.4,,165.6,828.0,26.0,461.0
2016-07-18,24.0,130.0,1010.0,83.0,654.4,,163.6,818.0,26.0,472.0
2016-07-19,24.0,130.0,1000.0,83.0,575.4,,246.6,822.0,26.0,503.0
2016-07-20,24.0,120.0,1000.0,82.0,566.3,,242.7,809.0,26.0,502.0
2016-07-21,24.0,120.0,1000.0,83.0,567.7,,243.3,811.0,26.0,208.0
2016-07-22,24.0,160.0,1000.0,81.0,753.88,,48.12,802.0,26.0,498.0
2016-07-23,24.0,140.0,1000.0,81.0,666.4,,117.6,784.0,26.0,490.0
2016-07-24,24.0,160.0,995.0,82.0,772.2,40.0999984741211,7.8,780.0,26.0,501.0
2016-07-25,24.0,160.0,995.0,83.0,764.28,40.0999984741211,7.72,772.0,26.0,499.0
2016-07-26,24.0,123.0,1000.0,80.0,541.1,,231.9,773.0,26.0,508.0
2016-07-27,24.0,123.0,1000.0,80.0,532.7,,228.3,761.0,26.0,508.0
2016-07-31,12.0,160.0,995.0,83.0,722.7,40.0999984741211,7.3,730.0,26.0,439.0
2016-08-04,12.0,180.0,960.0,77.0,508.2,40.0999984741211,217.8,726.0,26.0,403.0
2016-08-05,12.0,160.0,910.0,84.0,609.0,40.0999984741211,261.0,870.0,35.0,459.0
2016-08-06,12.0,160.0,910.0,84.0,602.0,40.0999984741211,258.0,860.0,35.0,419.0
2016-08-07,12.0,180.0,900.0,84.0,674.66,40.0999984741211,179.34,854.0,35.0,488.0
2016-08-08,12.0,180.0,900.0,85.0,674.66,40.0999984741211,179.34,854.0,35.0,393.0
2016-08-09,14.0,180.0,900.0,83.0,644.28,40.0999984741211,181.72,826.0,35.0,395.0
2016-08-10,12.0,180.0,900.0,83.0,661.44,40.0999984741211,186.56,848.0,35.0,395.0
2016-08-11,24.0,180.0,900.0,83.0,656.76,40.0999984741211,185.24,842.0,35.0,480.0
2016-08-12,24.0,180.0,900.0,83.0,640.38,,180.62,821.0,35.0,481.0
2016-08-13,24.0,180.0,900.0,84.0,642.72,40.0999984741211,181.28,824.0,35.0,486.0
2016-08-14,24.0,180.0,900.0,,636.48,40.0999984741211,179.52,816.0,35.0,485.0
2016-08-15,24.0,180.0,900.0,83.0,627.9,40.0999984741211,177.1,805.0,35.0,487.0
2016-08-16,12.0,180.0,845.0,83.0,606.0,40.0999984741211,202.0,808.0,35.0,494.0
2016-08-17,12.0,180.0,845.0,83.0,588.0,40.0999984741211,196.0,784.0,35.0,516.0
2016-08-18,24.0,180.0,845.0,83.0,741.21,40.0999984741211,55.79,797.0,35.0,516.0
2016-08-19,24.0,180.0,845.0,82.0,732.84,40.0999984741211,55.16,788.0,35.0,515.0
2016-08-20,24.0,180.0,845.0,82.0,724.47,40.0999984741211,54.53,779.0,35.0,512.0
2016-08-21,24.0,180.0,845.0,82.0,732.84,40.0999984741211,55.16,788.0,35.0,511.0
2016-08-22,24.0,180.0,845.0,82.0,719.82,40.0999984741211,54.18,774.0,35.0,502.0
2016-08-23,24.0,180.0,845.0,82.0,694.71,40.0999984741211,52.29,747.0,35.0,510.0
2016-08-24,24.0,180.0,845.0,82.0,718.89,40.0999984741211,54.11,773.0,35.0,512.0
2016-08-25,24.0,200.0,800.0,83.0,623.2,40.0999984741211,136.8,760.0,35.0,515.0
2016-08-30,24.0,200.0,745.0,83.0,621.56,40.0999984741211,136.44,758.0,35.0,513.0
2016-08-31,24.0,200.0,745.0,83.0,612.54,40.0999984741211,134.46,747.0,35.0,813.0
2016-09-03,12.0,200.0,760.0,81.0,603.5,40.0999984741211,106.5,710.0,35.0,502.0
2016-09-04,16.0,200.0,760.0,83.0,609.45,40.0999984741211,107.55,717.0,35.0,506.0
2016-09-05,18.0,200.0,760.0,83.0,607.75,40.0999984741211,107.25,715.0,35.0,510.0
2016-09-06,12.0,200.0,760.0,84.0,606.9,40.0999984741211,107.1,714.0,35.0,500.0
2016-09-10,24.0,200.0,750.0,83.0,436.05,40.0999984741211,76.95,513.0,35.0,523.0
2016-09-11,24.0,200.0,750.0,,586.5,40.0999984741211,103.5,690.0,35.0,525.0
2016-09-12,24.0,200.0,750.0,83.0,583.1,40.0999984741211,102.9,686.0,35.0,513.0
2016-09-13,24.0,200.0,750.0,81.0,578.85,40.0999984741211,102.15,681.0,35.0,515.0
2016-09-14,24.0,200.0,750.0,83.0,575.45,40.0999984741211,101.55,677.0,35.0,517.0
2016-09-15,24.0,200.0,750.0,82.0,580.55,40.0999984741211,102.45,683.0,35.0,504.0
2016-09-16,24.0,200.0,750.0,83.0,629.28,40.0999984741211,54.72,684.0,35.0,522.0
2016-09-17,24.0,200.0,750.0,84.0,575.0,40.0999984741211,50.0,625.0,35.0,524.0
2016-09-18,24.0,200.0,750.0,84.0,22.1,40.0999984741211,3.9,26.0,35.0,544.0
2016-09-19,8.0,200.0,750.0,85.0,0.0,40.0999984741211,0.0,0.0,35.0,460.0
2016-09-22,16.0,210.0,750.0,82.0,296.7,40.0999984741211,48.3,345.0,35.0,447.0
2016-09-23,24.0,220.0,750.0,81.0,522.66,40.0999984741211,39.34,562.0,35.0,459.0
2016-09-24,12.0,220.0,750.0,81.0,576.6,40.0999984741211,43.4,620.0,35.0,457.0
2016-09-25,12.0,220.0,750.0,83.0,518.94,40.0999984741211,39.06,558.0,35.0,436.0
2016-09-26,12.0,200.0,750.0,83.0,332.64,40.0999984741211,45.36,378.0,35.0,425.0
2016-09-27,10.0,200.0,760.0,84.0,658.94,40.0999984741211,89.86,748.8,35.0,420.0
2016-09-28,12.0,200.0,760.0,84.0,630.08,40.0999984741211,85.92,716.0,35.0,451.0
2016-09-29,12.0,200.0,760.0,84.0,628.32,40.0999984741211,85.68,714.0,35.0,442.0
2016-09-30,12.0,200.0,760.0,84.0,631.84,40.0999984741211,86.16,718.0,35.0,439.0
2016-10-01,10.0,200.0,760.0,83.0,644.16,40.0999984741211,87.84,732.0,35.0,452.0
2016-10-02,12.0,200.0,760.0,82.0,624.8,40.0999984741211,85.2,710.0,35.0,436.0
2016-10-03,18.0,200.0,750.0,85.0,606.05,40.0999984741211,106.95,713.0,35.0,426.0
2016-10-04,18.0,200.0,750.0,84.0,589.33,40.0999984741211,104.0,693.33,35.0,432.0
2016-10-05,18.0,200.0,750.0,83.0,599.19,40.0999984741211,105.74,704.93,35.0,413.0
2016-10-13,24.0,200.0,750.0,83.0,611.8,40.0999984741211,53.2,665.0,35.0,427.0
2016-10-14,24.0,200.0,750.0,84.0,593.4,40.0999984741211,51.6,645.0,35.0,445.0
2016-10-15,24.0,200.0,750.0,84.0,594.32,40.0999984741211,51.68,646.0,35.0,448.0
2016-10-16,24.0,200.0,750.0,,593.4,85.0,51.6,645.0,35.0,443.0
2016-10-17,24.0,220.0,750.0,85.0,545.16,40.0999984741211,103.84,649.0,35.0,443.0
2016-10-18,24.0,220.0,750.0,84.0,542.64,40.0999984741211,103.36,646.0,35.0,439.0
2016-10-19,24.0,220.0,750.0,85.0,530.04,40.0999984741211,100.96,631.0,35.0,443.0
2016-10-20,24.0,200.0,750.0,85.0,611.94,40.0999984741211,46.06,658.0,35.0,426.0
2016-10-21,24.0,200.0,750.0,83.0,598.92,40.0999984741211,45.08,644.0,35.0,427.0
2016-10-22,24.0,200.0,750.0,84.0,608.22,40.0999984741211,45.78,654.0,35.0,419.0
2016-10-23,24.0,200.0,750.0,84.0,601.71,40.0999984741211,45.29,647.0,32.0,418.0
2016-10-24,24.0,200.0,750.0,82.0,611.94,40.0999984741211,46.06,658.0,35.0,417.0
2016-10-25,24.0,220.0,750.0,83.0,540.12,40.0999984741211,102.88,643.0,35.0,426.0
2016-10-26,24.0,220.0,750.0,83.0,540.96,40.0999984741211,103.04,644.0,35.0,420.0
2016-10-27,24.0,200.0,745.0,84.0,541.45,40.0999984741211,95.55,637.0,35.0,422.0
2016-10-28,12.0,200.0,745.0,82.0,538.9,40.0999984741211,95.1,634.0,35.0,425.0
2016-10-29,12.0,200.0,745.0,83.0,527.0,40.0999984741211,93.0,620.0,35.0,419.0
2016-10-30,12.0,200.0,745.0,83.0,530.4,40.0999984741211,93.6,624.0,35.0,416.0
2016-10-31,12.0,200.0,745.0,84.0,535.5,40.0999984741211,94.5,630.0,35.0,408.0
2016-11-01,24.0,200.0,745.0,83.0,555.9,40.0999984741211,98.1,654.0,35.0,396.0
2016-11-03,24.0,200.0,745.0,,534.65,40.0999984741211,94.35,629.0,35.0,398.0
2016-11-04,24.0,200.0,745.0,,533.8,40.0999984741211,94.2,628.0,35.0,401.0
2016-11-05,24.0,200.0,745.0,,540.6,40.0999984741211,95.4,636.0,35.0,403.0
2016-11-06,24.0,200.0,745.0,,527.0,40.0999984741211,93.0,620.0,35.0,394.0
2016-11-07,24.0,200.0,745.0,,526.15,40.0999984741211,92.85,619.0,35.0,409.0
2016-11-08,12.0,200.0,745.0,84.0,521.9,40.0999984741211,92.1,614.0,35.0,417.0
2016-11-09,12.0,200.0,745.0,83.0,516.8,40.0999984741211,91.2,608.0,35.0,428.0
2016-11-10,24.0,200.0,745.0,84.0,531.25,40.0999984741211,93.75,625.0,35.0,403.0
2016-11-11,24.0,200.0,745.0,85.0,527.0,40.0999984741211,93.0,620.0,35.0,400.0
2016-11-12,24.0,200.0,745.0,85.0,526.15,40.0999984741211,92.85,619.0,35.0,402.0
2016-11-13,24.0,200.0,745.0,85.0,523.6,40.0999984741211,92.4,616.0,35.0,403.0
2016-11-14,24.0,220.0,750.0,83.0,504.05,40.0999984741211,88.95,593.0,35.0,418.0
2016-11-16,24.0,220.0,750.0,84.0,499.8,40.0999984741211,88.2,588.0,35.0,424.0
2016-11-19,24.0,220.0,750.0,85.0,514.25,40.0999984741211,90.75,605.0,35.0,447.0
2016-11-20,24.0,220.0,750.0,84.0,524.45,40.0999984741211,92.55,617.0,35.0,361.0
2016-11-21,24.0,220.0,750.0,85.0,496.4,40.0999984741211,87.6,584.0,35.0,410.0
2016-11-22,24.0,220.0,750.0,83.0,491.3,40.0999984741211,86.7,578.0,35.0,420.0
2016-11-23,24.0,220.0,750.0,,483.65,40.0999984741211,85.35,569.0,35.0,400.0
2016-11-24,12.0,220.0,750.0,84.0,494.7,40.0999984741211,87.3,582.0,35.0,403.0
2016-11-25,12.0,220.0,750.0,84.0,470.9,40.0999984741211,83.1,554.0,35.0,380.0
2016-11-27,16.0,220.0,750.0,87.0,466.65,40.0999984741211,82.35,549.0,35.0,414.0
2016-11-29,24.0,220.0,750.0,85.0,453.46,40.0999984741211,99.54,553.0,35.0,394.0
2016-11-30,24.0,220.0,750.0,85.0,453.46,40.0999984741211,99.54,553.0,35.0,405.0
2016-12-01,24.0,220.0,750.0,86.0,460.02,40.0999984741211,100.98,561.0,35.0,404.0
2016-12-02,24.0,220.0,750.0,86.0,407.54,40.0999984741211,89.46,497.0,35.0,458.0
2016-12-03,24.0,220.0,750.0,84.0,429.68,40.0999984741211,94.32,524.0,35.0,463.0
2016-12-04,24.0,220.0,750.0,82.0,467.4,40.0999984741211,102.6,570.0,35.0,379.0
2016-12-06,18.0,220.0,450.0,84.0,459.2,40.0999984741211,100.8,560.0,35.0,407.0
2016-12-07,22.0,220.0,750.0,84.0,432.96,40.0999984741211,95.04,528.0,35.0,450.0
2016-12-08,22.0,220.0,750.0,85.0,472.32,40.0999984741211,103.68,576.0,35.0,367.0
2016-12-09,22.0,220.0,750.0,84.0,549.0,40.0999984741211,61.0,610.0,35.0,404.0
2016-12-10,22.0,220.0,750.0,85.0,536.4,40.0999984741211,59.6,596.0,35.0,438.0
2016-12-11,22.0,220.0,750.0,83.0,507.6,40.0999984741211,56.4,564.0,35.0,435.0
2016-12-12,24.0,220.0,750.0,85.0,527.4,40.0999984741211,58.6,586.0,35.0,415.0
2016-12-14,24.0,220.0,750.0,85.0,482.4,40.0999984741211,53.6,536.0,35.0,414.0
2016-12-17,24.0,220.0,750.0,83.0,481.5,40.0999984741211,53.5,535.0,35.0,434.0
2016-12-19,24.0,220.0,750.0,85.0,478.8,40.0999984741211,53.2,532.0,35.0,452.0
2016-12-20,24.0,220.0,750.0,83.0,469.8,40.0999984741211,52.2,522.0,35.0,433.0
2016-12-21,22.0,220.0,750.0,83.0,471.6,40.0999984741211,52.4,524.0,35.0,447.0
2016-12-22,24.0,220.0,750.0,83.0,504.0,40.0999984741211,56.0,560.0,35.0,422.0
2016-12-23,24.0,230.0,750.0,84.0,449.1,40.0999984741211,49.9,499.0,35.0,433.0
2016-12-24,24.0,200.0,750.0,85.0,418.6,40.0999984741211,179.4,598.0,35.0,415.0
2016-12-25,24.0,200.0,750.0,83.0,346.5,40.0999984741211,148.5,495.0,35.0,420.0
2016-12-26,24.0,200.0,750.0,82.0,354.9,40.0999984741211,152.1,507.0,35.0,427.0
2016-12-29,24.0,200.0,750.0,83.0,475.3,40.0999984741211,203.7,679.0,35.0,436.0
2016-12-30,24.0,200.0,750.0,84.0,350.7,40.0999984741211,150.3,501.0,35.0,413.0
2016-12-31,24.0,200.0,750.0,83.0,338.8,40.0999984741211,145.2,484.0,35.0,431.0
2017-01-01,24.0,210.0,720.0,85.0,547.5,40.0999984741211,182.5,730.0,35.0,411.0
2017-01-02,24.0,210.0,720.0,85.0,357.0,40.0999984741211,119.0,476.0,35.0,413.0
2017-01-04,18.0,230.0,750.0,84.0,643.08,40.0999984741211,55.92,699.0,35.0,428.0
2017-01-05,24.0,230.0,750.0,81.0,429.64,40.0999984741211,37.36,467.0,35.0,428.0
2017-01-06,24.0,220.0,580.0,83.0,443.44,40.0999984741211,38.56,482.0,35.0,421.0
2017-01-07,14.0,220.0,580.0,84.0,378.12,40.0999984741211,32.88,411.0,35.0,449.0
2017-01-08,24.0,220.0,580.0,85.0,451.72,40.0999984741211,39.28,491.0,35.0,416.0
2017-01-09,24.0,220.0,580.0,82.0,437.0,40.0999984741211,38.0,475.0,35.0,414.0
2017-01-10,24.0,220.0,580.0,85.0,404.8,40.0999984741211,35.2,440.0,35.0,447.0
2017-01-11,24.0,220.0,580.0,85.0,414.0,40.0999984741211,36.0,450.0,35.0,427.0
2017-01-12,24.0,200.0,580.0,84.0,437.92,40.0999984741211,38.08,476.0,35.0,411.0
2017-01-13,24.0,200.0,580.0,84.0,402.04,40.0999984741211,34.96,437.0,35.0,417.0
2017-01-15,10.0,240.0,570.0,84.0,284.83,40.0999984741211,24.77,309.6,35.0,501.0
2017-01-17,14.0,240.0,560.0,83.0,549.24,40.0999984741211,2.76,552.0,35.0,402.0
2017-01-18,24.0,220.0,520.0,84.0,215.92,40.0999984741211,1.09,217.01,35.0,474.0
2017-01-19,24.0,200.0,500.0,85.0,407.95,40.0999984741211,2.05,410.0,35.0,420.0
2017-01-20,14.0,200.0,540.0,83.0,414.92,40.0999984741211,2.09,417.01,35.0,418.0
2017-01-21,14.0,200.0,560.0,83.0,400.98,40.0999984741211,2.01,402.99,35.0,441.0
2017-01-22,14.0,200.0,560.0,83.0,398.99,40.0999984741211,2.0,400.99,35.0,417.0
2017-01-23,10.0,200.0,560.0,84.0,410.93,40.0999984741211,2.06,412.99,35.0,429.0
2017-01-24,24.0,200.0,560.0,84.0,439.79,40.0999984741211,2.21,442.0,35.0,465.0
2017-01-25,12.0,200.0,560.0,83.0,477.6,40.0999984741211,2.4,480.0,35.0,412.0
2017-01-31,4.0,200.0,560.0,84.0,429.84,40.0999984741211,2.16,432.0,35.0,421.0
2017-02-01,20.0,240.0,560.0,83.0,745.25,40.0999984741211,3.74,748.99,35.0,428.0
2017-02-03,24.0,220.0,560.0,84.0,529.3,40.0999984741211,140.7,670.0,35.0,421.0
2017-02-05,24.0,240.0,550.0,82.0,371.52,40.0999984741211,60.48,432.0,35.0,422.0
2017-02-06,24.0,240.0,550.0,86.0,203.82,40.0999984741211,33.18,237.0,35.0,439.0
2017-02-16,10.0,240.0,620.0,82.0,0.24,40.0999984741211,0.0,0.24,50.0,392.0
2017-02-17,8.0,240.0,620.0,84.0,0.0,,0.0,0.0,50.0,392.0
2017-02-28,12.0,230.0,520.0,83.0,0.02,40.0999984741211,0.0,0.02,24.0,389.0
2017-03-03,6.0,680.0,570.0,84.0,0.04,40.0999984741211,0.0,0.04,20.0,448.0
2017-03-11,24.0,595.0,420.0,85.0,32.9,40.0999984741211,2.1,35.0,45.0,364.0
2017-03-12,24.0,490.0,420.0,83.0,15.04,40.0999984741211,0.96,16.0,45.0,415.0
2017-04-11,8.0,620.0,370.0,82.0,494.95,40.0999984741211,26.05,521.0,40.0,143.0
2017-04-12,24.0,620.0,370.0,82.0,484.5,40.0999984741211,25.5,510.0,40.0,143.0
2017-04-13,24.0,720.0,520.0,83.0,718.2,40.0999984741211,37.8,756.0,40.0,144.0
2017-09-02,24.0,960.0,320.0,82.0,64.25,40.0999984741211,1220.75,1285.0,40.0,122.0
2017-09-03,24.0,960.0,320.0,81.0,53.05,40.0999984741211,1007.95,1061.0,40.0,121.0
2017-09-08,8.0,960.0,320.0,81.0,8.71,40.0999984741211,862.29,871.0,40.0,122.0
2017-09-09,24.0,880.0,260.0,82.0,7.7,40.0999984741211,762.3,770.0,40.0,122.0
2020-07-09,6.0,950.0,430.0,91.0,401.59,33.5,1.41,403.0,40.0,109.0
2020-07-10,24.0,920.0,430.0,91.0,372.13,33.5,1.87,374.0,40.0,115.0
2020-07-11,24.0,900.0,425.0,91.0,374.0,33.5,0.0,374.0,40.0,115.0
2020-07-12,8.0,900.0,430.0,97.0,377.62,33.5,0.38,378.0,40.0,110.0
2020-07-13,4.0,900.0,423.0,97.0,371.15,33.5,1.87,373.02,40.0,110.0
2023-12-12,2.0,0.0,1540.0,87.0,0.0,,0.0,0.0,36.0,101.0
2023-12-15,10.0,0.0,1380.0,89.0,0.0,,0.0,0.0,36.0,102.0
2023-12-20,12.0,0.0,1400.0,,0.0,,0.0,0.0,36.0,101.0
2023-12-21,12.0,0.0,1378.0,90.0,0.0,,0.0,0.0,36.0,101.0
2023-12-22,12.0,0.0,1375.0,90.0,0.0,,0.0,0.0,36.0,102.0
2023-12-23,12.0,0.0,1372.0,90.0,0.0,,0.0,0.0,36.0,101.0
2023-12-24,12.0,0.0,1372.0,90.0,0.0,,0.0,0.0,36.0,101.0
2023-12-25,8.0,0.0,1380.0,90.0,0.0,,0.0,0.0,36.0,101.0
2024-01-10,2.0,0.0,1364.0,90.0,0.0,0.0,0.0,0.0,36.0,116.0
2024-05-24,24.0,930.0,193.0,85.0,24.16,,579.84,604.0,137.0,122.0
2024-05-25,12.0,660.0,150.0,85.0,17.78,,377.23,395.01,137.0,120.0
2024-11-24,4.0,1060.0,170.0,87.0,23.28,,558.72,582.0,137.0,100.0
2024-12-09,2.0,840.0,1885.0,99.0,6.96,,167.04,174.0,30.0,103.0
2024-12-10,11.0,840.0,1785.0,86.0,0.0,,0.0,0.0,32.0,105.0
2024-12-11,7.0,840.0,1733.0,87.0,0.0,,0.0,0.0,32.0,106.0
2025-01-09,4.0,880.0,480.0,95.0,0.0,,0.0,0.0,64.0,113.0
2025-01-15,4.0,880.0,350.0,84.0,4.5,,145.5,150.0,64.0,105.0
2025-01-16,4.0,870.0,350.0,84.0,24.0,,176.0,200.0,64.0,105.0
2025-01-17,4.0,850.0,300.0,85.0,141.91,,475.09,617.0,40.0,105.0
2025-11-15,24.0,880.0,210.0,,0.0,,0.0,0.0,40.0,109.0
2025-11-16,22.0,929.0,172.0,99.0,53.65,40.9000015258789,123.41,177.06,40.0,108.0
2025-11-17,20.0,934.0,192.0,99.0,5.06,40.9000015258789,152.98,158.04,40.0,108.0
2025-11-18,14.0,929.0,213.0,99.0,7.2,40.9000015258789,217.8,225.0,40.0,109.0
2026-07-07,14.0,1999.0,1957.0,92.0,0.0,,0.0,0.0,10.0,111.0
2026-07-08,15.0,1866.0,1853.0,92.0,0.0,,0.0,0.0,12.0,113.0
2026-07-09,24.0,1700.0,1740.0,93.0,0.0,,0.0,0.0,12.0,112.0
2026-07-10,24.0,1210.0,1760.0,94.0,0.0,0.0,0.0,0.0,12.0,113.0
1996-04-23,3.0,,570.0,,389.0,39.7999992370606,4.0,393.0,21.0,
1996-04-27,4.0,,540.0,,556.0,40.7000007629394,8.0,564.0,37.0,
1996-04-29,4.0,,500.0,,420.0,40.9000015258789,7.0,427.0,21.0,
1996-05-02,24.0,,500.0,,364.0,39.7000007629394,9.0,373.0,21.0,
1996-05-05,4.0,,470.0,,422.0,41.2000007629394,9.0,431.0,21.0,
1996-05-09,4.0,,450.0,,467.0,38.9000015258789,6.0,473.0,21.0,
1996-05-13,4.0,,430.0,,412.0,38.5,8.0,420.0,21.0,
1996-05-19,4.0,,400.0,,387.0,39.0999984741211,5.0,392.0,21.0,
1996-05-22,4.0,,400.0,,355.0,39.0999984741211,5.0,360.0,24.0,
1996-08-26,24.0,1000.0,240.0,,1565.0,38.5,9.0,1574.0,58.0,
1996-10-22,24.0,1103.0,240.0,,1294.0,38.7000007629394,1.0,1295.0,64.0,
1996-10-24,24.0,1098.0,240.0,,0.0,39.7000007629394,0.0,0.0,64.0,
1996-10-25,24.0,1096.0,243.0,,0.0,40.7999992370606,0.0,0.0,64.0,
1996-10-26,24.0,1100.0,237.0,,0.0,40.7999992370606,0.0,0.0,64.0,
1996-10-27,24.0,1057.0,230.0,,0.0,39.5,0.0,0.0,64.0,
1996-10-28,24.0,1067.0,225.0,,0.0,40.0999984741211,0.0,0.0,64.0,
1996-10-29,24.0,1088.0,228.0,,0.0,38.7000007629394,0.0,0.0,64.0,
1996-10-30,24.0,1097.0,243.0,,0.0,39.4000015258789,0.0,0.0,64.0,
1996-10-31,24.0,1085.0,234.0,,0.0,39.4000015258789,0.0,0.0,64.0,
1996-11-01,24.0,1083.0,243.0,,0.0,39.7999992370606,0.0,0.0,64.0,
1996-11-02,24.0,1090.0,240.0,,0.0,39.7999992370606,0.0,0.0,64.0,
1996-11-03,24.0,1086.0,224.0,,0.0,38.2999992370606,0.0,0.0,117.0,
1996-11-04,24.0,1095.0,225.0,,0.0,39.4000015258789,0.0,0.0,117.0,
1996-11-05,24.0,1088.0,223.0,,0.0,39.7000007629394,0.0,0.0,117.0,
1996-11-06,4.0,1090.0,185.0,,568.0,39.9000015258789,2.0,570.0,117.0,
1996-11-11,24.0,1075.0,183.0,,0.0,39.7000007629394,0.0,0.0,117.0,
1996-11-12,24.0,1550.0,188.0,,0.0,39.7000007629394,0.0,0.0,117.0,
1996-11-19,24.0,1100.0,215.0,,0.0,35.0,0.0,0.0,117.0,
1996-11-20,24.0,1100.0,215.0,,0.0,39.2999992370606,0.0,0.0,117.0,
1996-11-21,24.0,1070.0,220.0,,0.0,34.0,0.0,0.0,117.0,
1996-11-22,24.0,1100.0,220.0,,0.0,39.0999984741211,0.0,0.0,117.0,
1996-11-23,24.0,1090.0,215.0,,0.0,39.5,0.0,0.0,117.0,
1996-11-24,24.0,1080.0,210.0,,0.0,40.0,0.0,0.0,117.0,
1996-11-25,24.0,1070.0,190.0,,0.0,40.2000007629394,0.0,0.0,117.0,
1996-11-26,24.0,1080.0,193.0,,0.0,40.4000015258789,0.0,0.0,117.0,
1996-11-27,24.0,1045.0,195.0,,0.0,40.2000007629394,0.0,0.0,117.0,
1996-11-28,24.0,1050.0,185.0,,0.0,40.0999984741211,0.0,0.0,117.0,
1996-11-29,24.0,1070.0,190.0,,0.0,39.0999984741211,0.0,0.0,117.0,
1996-11-30,24.0,1070.0,190.0,,0.0,39.0,0.0,0.0,117.0,
1996-12-01,24.0,1060.0,190.0,,0.0,38.7000007629394,0.0,0.0,117.0,
1996-12-02,24.0,1090.0,190.0,,0.0,38.5,0.0,0.0,117.0,
1996-12-03,24.0,1070.0,190.0,,0.0,38.5,0.0,0.0,117.0,
1996-12-04,24.0,1040.0,180.0,,0.0,38.5,0.0,0.0,117.0,
1996-12-05,24.0,1060.0,190.0,,0.0,38.5,0.0,0.0,117.0,
1996-12-06,24.0,1060.0,190.0,,0.0,38.5,0.0,0.0,117.0,
1996-12-07,24.0,1060.0,190.0,,0.0,38.5,0.0,0.0,117.0,
1996-12-08,24.0,1040.0,190.0,,0.0,38.5,0.0,0.0,117.0,
1996-12-09,24.0,1080.0,195.0,,0.0,38.5,0.0,0.0,117.0,
1996-12-10,24.0,1090.0,195.0,,0.0,39.7000007629394,0.0,0.0,117.0,
1996-12-11,24.0,1090.0,195.0,,0.0,39.0999984741211,0.0,0.0,117.0,
1996-12-12,24.0,1080.0,195.0,,0.0,38.7999992370606,0.0,0.0,117.0,
1996-12-13,24.0,1080.0,185.0,,0.0,39.2999992370606,0.0,0.0,117.0,
1996-12-14,24.0,1085.0,185.0,,0.0,39.5,0.0,0.0,117.0,
1996-12-15,24.0,1100.0,190.0,,0.0,40.0,0.0,0.0,117.0,
1996-12-16,24.0,1100.0,185.0,,0.0,39.2000007629394,0.0,0.0,117.0,
1996-12-17,24.0,1110.0,185.0,,0.0,39.0,0.0,0.0,117.0,
1996-12-18,24.0,1140.0,185.0,,0.0,39.0,0.0,0.0,117.0,
1996-12-19,24.0,1105.0,185.0,,0.0,39.0999984741211,0.0,0.0,117.0,
1996-12-20,24.0,1110.0,190.0,,0.0,39.0,0.0,0.0,117.0,
1996-12-21,24.0,1030.0,185.0,,0.0,39.2000007629394,0.0,0.0,117.0,
1996-12-22,24.0,1080.0,195.0,,0.0,39.5,0.0,0.0,117.0,
1996-12-23,24.0,1070.0,190.0,,0.0,38.9000015258789,0.0,0.0,117.0,
1996-12-24,24.0,1020.0,195.0,,0.0,39.0999984741211,0.0,0.0,117.0,
1996-12-25,24.0,1085.0,190.0,,0.0,39.2000007629394,0.0,0.0,117.0,
1996-12-26,24.0,1060.0,185.0,,0.0,39.2000007629394,0.0,0.0,117.0,
1996-12-27,24.0,1050.0,195.0,,0.0,38.2000007629394,0.0,0.0,117.0,
1996-12-29,24.0,1070.0,190.0,,0.0,38.0999984741211,0.0,0.0,117.0,
1996-12-30,24.0,1075.0,190.0,,0.0,40.2999992370606,0.0,0.0,117.0,
1998-09-06,12.0,810.0,200.0,,263.0,33.0,7.0,270.0,117.0,
1999-09-12,24.0,2800.0,2720.0,,0.0,0.0,0.0,0.0,24.0,
1999-09-13,24.0,2750.0,2670.0,,0.0,0.0,0.0,0.0,24.0,
1999-09-14,24.0,2620.0,2620.0,,0.0,0.0,0.0,0.0,24.0,
1999-09-15,24.0,2620.0,2620.0,,0.0,0.0,0.0,0.0,24.0,
1999-09-16,24.0,2500.0,2550.0,,0.0,0.0,0.0,0.0,24.0,
1999-09-17,18.25,2550.0,2560.0,,0.0,0.0,0.0,0.0,24.0,
1999-10-07,8.0,280.0,2000.0,,352.0,39.5,2.0,354.0,30.0,
1999-11-26,14.0,300.0,1220.0,,709.0,37.4000015258789,1.0,710.0,34.0,
2000-01-25,24.0,300.0,1100.0,,532.0,34.4000015258789,12.0,544.0,35.0,
2000-01-26,24.0,300.0,1140.0,,533.0,34.4000015258789,11.0,544.0,35.0,
2000-01-27,24.0,300.0,1100.0,,530.0,34.4000015258789,14.0,544.0,35.0,
2000-01-28,24.0,300.0,1070.0,,533.0,34.4000015258789,11.0,544.0,35.0,
2000-01-29,24.0,300.0,1100.0,,529.0,34.4000015258789,15.0,544.0,35.0,
2000-01-30,24.0,295.0,1075.0,,528.0,34.4000015258789,16.0,544.0,35.0,
2000-01-31,24.0,300.0,1040.0,,533.0,34.4000015258789,11.0,544.0,35.0,
2000-02-01,24.0,300.0,1080.0,,534.0,34.4000015258789,10.0,544.0,35.0,
2000-02-02,24.0,300.0,1065.0,,527.0,34.4000015258789,17.0,544.0,35.0,
2000-02-03,24.0,300.0,1110.0,,527.0,34.4000015258789,17.0,544.0,35.0,
2000-02-04,24.0,300.0,1050.0,,528.0,34.4000015258789,16.0,544.0,40.0,
2000-02-05,24.0,300.0,1040.0,,519.0,34.4000015258789,25.0,544.0,40.0,
2000-02-06,24.0,300.0,1060.0,,534.0,34.4000015258789,10.0,544.0,40.0,
2000-02-07,24.0,300.0,1060.0,,530.0,34.4000015258789,14.0,544.0,40.0,
2000-02-08,24.0,300.0,1060.0,,530.0,34.4000015258789,14.0,544.0,40.0,
2000-02-09,24.0,300.0,1050.0,,0.0,34.4000015258789,0.0,0.0,40.0,
2000-02-10,24.0,300.0,1050.0,,0.0,34.4000015258789,0.0,0.0,40.0,
2000-02-12,24.0,300.0,1060.0,,0.0,34.4000015258789,0.0,0.0,40.0,
2000-02-13,24.0,300.0,1030.0,,0.0,34.4000015258789,0.0,0.0,40.0,
2000-02-14,24.0,300.0,1020.0,,0.0,34.4000015258789,0.0,0.0,40.0,
2000-02-15,24.0,300.0,1020.0,,0.0,34.4000015258789,0.0,0.0,40.0,
2000-02-16,24.0,300.0,1080.0,,0.0,34.4000015258789,0.0,0.0,40.0,
2000-02-18,24.0,300.0,1080.0,,0.0,34.4000015258789,0.0,0.0,40.0,
2000-02-19,24.0,300.0,1010.0,,0.0,34.4000015258789,0.0,0.0,40.0,
2000-02-20,24.0,300.0,1020.0,,0.0,34.4000015258789,0.0,0.0,40.0,
2000-02-21,24.0,300.0,1020.0,,0.0,34.4000015258789,0.0,0.0,40.0,
2000-02-22,24.0,290.0,1025.0,,0.0,34.4000015258789,0.0,0.0,40.0,
2000-02-23,24.0,290.0,1020.0,,0.0,34.4000015258789,0.0,0.0,40.0,
2000-02-24,24.0,290.0,1030.0,,0.0,34.4000015258789,0.0,0.0,40.0,
2000-02-25,24.0,300.0,1020.0,,0.0,34.4000015258789,0.0,0.0,40.0,
2000-02-26,24.0,290.0,1040.0,,0.0,34.4000015258789,0.0,0.0,40.0,
2000-02-27,24.0,290.0,1040.0,,0.0,34.4000015258789,0.0,0.0,40.0,
2000-02-28,24.0,280.0,840.0,,0.0,34.4000015258789,0.0,0.0,40.0,
2000-03-10,6.0,290.0,890.0,,279.0,37.4000015258789,5.0,284.0,40.0,
2001-01-01,2.0,,,,271.0,0.0,17.0,288.0,,
2001-01-03,2.0,,,,271.0,0.0,17.0,288.0,,
2001-01-07,2.0,305.0,160.0,,0.0,0.0,0.0,0.0,50.0,
2001-01-09,2.0,310.0,150.0,,0.0,0.0,0.0,0.0,50.0,
2001-01-11,2.0,305.0,160.0,,0.0,0.0,0.0,0.0,50.0,
2001-01-14,2.0,,,,0.0,0.0,0.0,0.0,,
2001-01-17,2.0,320.0,180.0,,0.0,0.0,0.0,0.0,50.0,
2001-02-01,9.0,,,,288.0,0.0,0.0,288.0,,
2001-02-21,9.0,300.0,160.0,,288.0,0.0,0.0,288.0,40.0,
2001-03-01,2.0,300.0,165.0,,0.0,0.0,0.0,0.0,40.0,
2001-03-23,2.0,300.0,190.0,,0.0,0.0,0.0,0.0,40.0,
2001-03-25,2.0,300.0,160.0,,0.0,0.0,0.0,0.0,40.0,
2001-04-01,2.0,300.0,160.0,,288.0,0.0,0.0,288.0,40.0,
2001-04-02,2.0,300.0,160.0,,288.0,0.0,0.0,288.0,40.0,
2001-04-19,2.0,300.0,180.0,,288.0,0.0,0.0,288.0,40.0,
2003-01-30,14.5,320.0,620.0,,0.0,37.4000015258789,0.0,0.0,70.0,
2003-01-31,24.0,340.0,240.0,,0.0,37.4000015258789,0.0,0.0,70.0,
2003-02-01,24.0,320.0,180.0,,0.0,0.0,0.0,0.0,70.0,
2008-08-29,8.0,770.0,480.0,,366.0,0.0,86.0,452.0,54.0,
2008-08-30,24.0,580.0,290.0,,376.0,37.1300010681152,82.0,458.0,64.0,
2008-08-31,24.0,460.0,250.0,,184.0,36.0299987792969,191.0,375.0,64.0,
2014-08-27,6.0,920.0,195.0,82.0,112.8,36.0,1015.2,1128.0,137.0,113.0
2014-09-01,6.0,920.0,195.0,82.0,69.7,36.0,627.3,697.0,137.0,110.0
1996-04-23,4.0,450.0,370.0,,1176.0,37.9000015258789,4.0,1180.0,38.0,
1996-04-24,6.0,455.0,1800.0,,2054.0,38.2000007629394,2.0,2056.0,38.0,
1996-04-27,4.0,460.0,1640.0,,2533.0,35.7999992370606,8.0,2541.0,42.0,
1996-04-28,4.0,460.0,350.0,,1113.0,38.7999992370606,1.0,1114.0,37.0,
1996-04-30,4.0,460.0,1760.0,,2228.0,37.2999992370606,4.0,2232.0,42.0,
1996-05-03,4.0,460.0,1760.0,,2030.0,38.0,4.0,2034.0,42.0,
1996-05-05,4.0,455.0,290.0,,991.0,38.7000007629394,4.0,995.0,37.0,
1996-05-06,4.0,455.0,1700.0,,2057.0,38.2000007629394,4.0,2061.0,42.0,
1996-05-09,4.0,455.0,1680.0,,2665.0,36.7999992370606,13.0,2678.0,42.0,
1996-05-13,4.0,495.0,375.0,,931.0,38.5,4.0,935.0,37.0,
1996-05-14,4.0,495.0,1460.0,,2551.0,37.0,13.0,2564.0,42.0,
1996-05-19,6.0,485.0,350.0,,865.0,38.0,2.0,867.0,37.0,
1996-05-20,4.0,485.0,1440.0,,2432.0,37.0,7.0,2439.0,42.0,
1996-05-23,4.0,490.0,275.0,,843.0,38.4000015258789,3.0,846.0,42.0,
1996-08-24,6.0,370.0,1025.0,,1513.0,36.2999992370606,2.0,1515.0,42.0,
1996-08-27,24.0,785.0,200.0,,374.0,38.0,0.0,374.0,56.0,
1996-10-22,24.0,758.0,775.0,,1312.0,36.0,46.0,1358.0,46.0,
1996-10-24,24.0,760.0,255.0,,3411.0,35.7000007629394,626.0,4037.0,56.0,
1996-10-25,24.0,756.0,253.0,,3423.0,38.2999992370606,585.0,4008.0,56.0,
1996-10-26,24.0,740.0,250.0,,3393.0,38.2999992370606,576.0,3969.0,56.0,
1996-10-27,24.0,723.0,250.0,,3257.0,36.2000007629394,588.0,3845.0,56.0,
1996-10-28,24.0,757.0,260.0,,3269.0,35.7000007629394,600.0,3869.0,56.0,
1996-10-29,24.0,788.0,270.0,,3569.0,35.7999992370606,645.0,4214.0,56.0,
1996-10-30,24.0,800.0,298.0,,3889.0,36.2000007629394,649.0,4538.0,56.0,
1996-10-31,24.0,785.0,284.0,,3676.0,35.5,644.0,4320.0,56.0,
1996-11-01,24.0,785.0,278.0,,3603.0,36.0,646.0,4249.0,56.0,
1996-11-02,24.0,775.0,260.0,,3531.0,36.0,628.0,4159.0,56.0,
1996-11-03,24.0,770.0,254.0,,3507.0,35.7999992370606,648.0,4155.0,56.0,
1996-11-04,24.0,783.0,253.0,,3371.0,37.2999992370606,595.0,3966.0,56.0,
1996-11-05,24.0,823.0,240.0,,3516.0,38.0,680.0,4196.0,117.0,
1996-11-07,4.0,915.0,205.0,,599.0,37.7999992370606,0.0,599.0,117.0,
1996-11-11,24.0,1000.0,210.0,,4082.0,35.7999992370606,609.0,4691.0,117.0,
1996-11-12,24.0,418.0,205.0,,3943.0,35.7999992370606,866.0,4809.0,117.0,
1996-11-13,24.0,565.0,205.0,,3537.0,37.7999992370606,918.0,4455.0,117.0,
1996-11-14,24.0,570.0,200.0,,3654.0,38.4000015258789,1037.0,4691.0,117.0,
1996-11-15,24.0,278.0,190.0,,3532.0,37.4000015258789,210.0,3742.0,117.0,
1996-11-16,12.0,340.0,280.0,,1039.0,38.7000007629394,161.0,1200.0,117.0,
1996-11-17,8.0,320.0,210.0,,465.0,39.7000007629394,0.0,465.0,117.0,
1996-11-18,24.0,305.0,200.0,,2777.0,37.0,255.0,3032.0,117.0,
1996-11-19,24.0,560.0,250.0,,2901.0,37.0999984741211,283.0,3184.0,117.0,
1996-11-20,24.0,1100.0,250.0,,3202.0,36.4000015258789,286.0,3488.0,117.0,
1996-11-21,24.0,800.0,250.0,,3585.0,35.7999992370606,350.0,3935.0,117.0,
1996-11-22,24.0,805.0,245.0,,3306.0,36.7000007629394,371.0,3677.0,117.0,
1996-11-23,24.0,820.0,250.0,,3161.0,37.5999984741211,493.0,3654.0,117.0,
1996-11-24,24.0,805.0,245.0,,3336.0,37.2999992370606,584.0,3920.0,117.0,
1996-11-25,24.0,800.0,240.0,,3701.0,37.7999992370606,582.0,4283.0,117.0,
1996-11-26,24.0,800.0,228.0,,3371.0,38.0,791.0,4162.0,117.0,
1996-11-27,24.0,790.0,225.0,,3264.0,38.5,692.0,3956.0,117.0,
1996-11-28,24.0,790.0,210.0,,3173.0,38.0999984741211,759.0,3932.0,117.0,
1996-11-29,24.0,890.0,440.0,,0.0,36.0,0.0,0.0,64.0,
1996-11-30,24.0,890.0,225.0,,3098.0,36.5,789.0,3887.0,117.0,
1996-12-01,24.0,890.0,225.0,,3117.0,36.2999992370606,703.0,3820.0,117.0,
1996-12-02,24.0,915.0,220.0,,3123.0,37.0,805.0,3928.0,117.0,
1996-12-03,24.0,920.0,230.0,,3196.0,37.0,683.0,3879.0,117.0,
1996-12-04,24.0,880.0,230.0,,3129.0,37.0,773.0,3902.0,117.0,
1996-12-05,24.0,900.0,220.0,,3273.0,37.0,623.0,3896.0,117.0,
1996-12-06,24.0,900.0,220.0,,3232.0,37.0,671.0,3903.0,117.0,
1996-12-07,24.0,900.0,210.0,,3169.0,37.0,668.0,3837.0,117.0,
1996-12-08,24.0,880.0,210.0,,3271.0,37.0,577.0,3848.0,117.0,
1996-12-09,24.0,900.0,215.0,,3313.0,37.0,539.0,3852.0,117.0,
1996-12-10,24.0,900.0,200.0,,2938.0,37.2000007629394,907.0,3845.0,117.0,
1996-12-11,24.0,900.0,210.0,,3052.0,37.7000007629394,821.0,3873.0,117.0,
1996-12-12,24.0,890.0,220.0,,3016.0,37.5,821.0,3837.0,117.0,
1996-12-13,24.0,900.0,205.0,,3032.0,37.7999992370606,816.0,3848.0,117.0,
1996-12-14,24.0,900.0,210.0,,3031.0,37.5,739.0,3770.0,117.0,
1996-12-15,24.0,910.0,210.0,,2951.0,37.0999984741211,799.0,3750.0,117.0,
1996-12-16,24.0,910.0,210.0,,3036.0,38.0,640.0,3676.0,117.0,
1996-12-17,24.0,920.0,210.0,,3147.0,38.4000015258789,568.0,3715.0,117.0,
1996-12-18,24.0,940.0,210.0,,3090.0,38.2000007629394,593.0,3683.0,117.0,
1996-12-19,24.0,920.0,210.0,,2858.0,37.7999992370606,750.0,3608.0,117.0,
1996-12-20,24.0,915.0,215.0,,2915.0,38.0,648.0,3563.0,117.0,
1996-12-21,24.0,870.0,210.0,,2761.0,37.7999992370606,656.0,3417.0,117.0,
1996-12-22,24.0,900.0,215.0,,2626.0,37.7999992370606,435.0,3061.0,117.0,
1996-12-23,24.0,880.0,215.0,,2708.0,37.2999992370606,751.0,3459.0,117.0,
1996-12-24,24.0,860.0,210.0,,2826.0,37.5,571.0,3397.0,117.0,
1996-12-25,24.0,890.0,210.0,,2811.0,37.9000015258789,596.0,3407.0,117.0,
1996-12-26,24.0,880.0,210.0,,2832.0,37.5999984741211,588.0,3420.0,117.0,
1996-12-27,24.0,880.0,210.0,,2724.0,37.0999984741211,672.0,3396.0,117.0,
1996-12-29,24.0,885.0,208.0,,2819.0,37.5,541.0,3360.0,117.0,
1996-12-30,24.0,885.0,205.0,,2649.0,37.7000007629394,709.0,3358.0,117.0,
1997-02-26,24.0,140.0,300.0,,2067.0,0.0,253.0,2320.0,117.0,
1997-03-30,24.0,880.0,315.0,,1879.0,0.0,509.0,2388.0,117.0,
1997-03-31,24.0,875.0,315.0,,1776.0,0.0,598.0,2374.0,117.0,
1997-04-01,24.0,895.0,325.0,,1735.0,0.0,557.0,2292.0,117.0,
1997-04-02,24.0,895.0,325.0,,1752.0,0.0,562.0,2314.0,117.0,
1997-04-03,24.0,900.0,320.0,,1743.0,0.0,548.0,2291.0,117.0,
1997-04-04,24.0,880.0,320.0,,1619.0,0.0,624.0,2243.0,117.0,
1997-04-05,24.0,880.0,300.0,,1686.0,0.0,529.0,2215.0,117.0,
1997-04-06,24.0,780.0,300.0,,1752.0,0.0,441.0,2193.0,117.0,
1997-04-07,24.0,870.0,300.0,,1605.0,0.0,558.0,2163.0,117.0,
1997-04-08,24.0,325.0,300.0,,1657.0,0.0,501.0,2158.0,117.0,
1997-04-09,24.0,150.0,300.0,,1788.0,0.0,641.0,2429.0,117.0,
1997-04-10,24.0,600.0,300.0,,1849.0,0.0,666.0,2515.0,117.0,
1997-04-11,24.0,860.0,300.0,,1630.0,0.0,570.0,2200.0,117.0,
1997-04-12,24.0,725.0,300.0,,1612.0,0.0,606.0,2218.0,117.0,
1997-04-13,24.0,435.0,300.0,,1667.0,0.0,561.0,2228.0,117.0,
1997-04-14,24.0,425.0,300.0,,1544.0,0.0,610.0,2154.0,117.0,
1997-04-15,7.25,650.0,300.0,,1347.0,0.0,591.0,1938.0,117.0,
1997-04-24,2.5,800.0,240.0,,1240.0,0.0,524.0,1764.0,117.0,
1997-04-29,24.0,720.0,325.0,,1001.0,35.2999992370606,739.0,1740.0,117.0,
1997-04-30,24.0,710.0,310.0,,1227.0,35.4000015258789,523.0,1750.0,117.0,
1997-05-01,24.0,700.0,320.0,,1211.0,35.0,539.0,1750.0,117.0,
1997-05-02,24.0,745.0,340.0,,1417.0,35.2000007629394,333.0,1750.0,117.0,
1997-05-03,24.0,720.0,340.0,,143.0,35.2000007629394,395.0,538.0,117.0,
1997-05-04,23.0,860.0,400.0,,229.0,35.0,248.0,477.0,117.0,
1997-05-05,24.0,850.0,360.0,,194.0,35.0,169.0,363.0,117.0,
1997-05-06,4.53000020980835,740.0,280.0,,173.0,35.0,128.0,301.0,117.0,
1998-08-07,24.0,940.0,940.0,,0.0,0.0,0.0,0.0,,
1998-08-24,24.0,800.0,950.0,,0.0,0.0,0.0,0.0,,
1998-08-25,24.0,800.0,950.0,,0.0,0.0,0.0,0.0,,
1998-08-26,24.0,760.0,900.0,,0.0,0.0,0.0,0.0,,
1998-08-28,24.0,760.0,900.0,,0.0,0.0,0.0,0.0,,
1998-08-29,24.0,760.0,1000.0,,0.0,0.0,0.0,0.0,,
1998-08-30,10.5,740.0,800.0,,0.0,0.0,0.0,0.0,,
1998-08-31,13.0,1000.0,1120.0,,0.0,0.0,0.0,0.0,1.0,
1998-09-01,8.5,800.0,850.0,,0.0,0.0,0.0,0.0,,
1998-09-03,18.0,1020.0,1020.0,,0.0,0.0,0.0,0.0,1.0,
1998-12-11,10.0,600.0,480.0,,324.0,37.7000007629394,0.0,324.0,32.0,
1999-01-05,8.0,400.0,390.0,,207.0,38.0,3.0,210.0,32.0,
1999-05-01,24.0,400.0,220.0,,136.0,38.2000007629394,4.0,140.0,40.0,
1999-05-02,8.0,410.0,220.0,,86.0,36.2999992370606,22.0,108.0,40.0,
2000-01-25,24.0,480.0,200.0,,319.0,37.5,32.0,351.0,64.0,
2000-01-26,24.0,300.0,200.0,,347.0,37.5,4.0,351.0,64.0,
2000-01-27,24.0,300.0,200.0,,347.0,37.5,3.0,350.0,64.0,
2000-01-28,24.0,300.0,240.0,,345.0,37.5,5.0,350.0,64.0,
2000-01-29,24.0,480.0,200.0,,336.0,37.5,14.0,350.0,64.0,
2000-01-30,24.0,240.0,225.0,,341.0,37.5,9.0,350.0,64.0,
2000-01-31,24.0,240.0,240.0,,341.0,37.5,9.0,350.0,64.0,
2000-02-01,24.0,240.0,250.0,,341.0,37.5,9.0,350.0,64.0,
2000-02-02,24.0,240.0,250.0,,341.0,37.5,9.0,350.0,64.0,
2000-02-03,24.0,240.0,200.0,,341.0,0.0,9.0,350.0,64.0,
2000-02-04,24.0,240.0,250.0,,340.0,0.0,9.0,349.0,64.0,
2000-02-05,24.0,260.0,250.0,,350.0,0.0,0.0,350.0,64.0,
2000-02-06,24.0,260.0,250.0,,350.0,0.0,0.0,350.0,64.0,
2000-02-07,24.0,240.0,220.0,,350.0,0.0,0.0,350.0,64.0,
2000-02-08,24.0,240.0,220.0,,350.0,0.0,0.0,350.0,64.0,
2000-02-09,24.0,240.0,220.0,,0.0,0.0,0.0,0.0,64.0,
2000-02-10,24.0,240.0,220.0,,0.0,0.0,0.0,0.0,64.0,
2000-02-12,24.0,280.0,250.0,,0.0,34.0999984741211,0.0,0.0,64.0,
2000-02-13,24.0,500.0,250.0,,0.0,34.0999984741211,0.0,0.0,64.0,
2000-02-14,24.0,500.0,250.0,,0.0,34.0999984741211,0.0,0.0,64.0,
2000-02-15,24.0,490.0,240.0,,0.0,34.0999984741211,0.0,0.0,64.0,
2000-02-16,24.0,500.0,250.0,,0.0,34.0999984741211,0.0,0.0,64.0,
2000-02-18,24.0,480.0,220.0,,0.0,34.0999984741211,0.0,0.0,64.0,
2000-02-19,24.0,350.0,310.0,,0.0,34.0999984741211,0.0,0.0,64.0,
2000-02-20,24.0,525.0,260.0,,0.0,34.0999984741211,0.0,0.0,64.0,
2000-02-21,24.0,510.0,280.0,,0.0,34.0999984741211,0.0,0.0,64.0,
2000-02-22,24.0,490.0,225.0,,0.0,34.0999984741211,0.0,0.0,64.0,
2000-02-23,24.0,490.0,240.0,,0.0,34.0999984741211,0.0,0.0,64.0,
2000-02-24,24.0,510.0,225.0,,0.0,34.0999984741211,0.0,0.0,64.0,
2000-02-25,24.0,480.0,200.0,,0.0,34.0999984741211,0.0,0.0,64.0,
2000-02-26,24.0,500.0,200.0,,0.0,34.0999984741211,0.0,0.0,64.0,
2000-02-27,24.0,500.0,200.0,,0.0,34.0999984741211,0.0,0.0,64.0,
2000-02-28,24.0,470.0,220.0,,0.0,34.0999984741211,0.0,0.0,64.0,
2001-01-01,2.0,,,,0.0,0.0,0.0,0.0,,
2001-01-03,2.0,,,,0.0,0.0,0.0,0.0,,
2001-01-07,2.0,2220.0,2170.0,,0.0,0.0,0.0,0.0,0.0,
2001-01-09,2.0,2140.0,2080.0,,0.0,0.0,0.0,0.0,0.0,
2001-01-11,24.0,1620.0,1530.0,,0.0,0.0,0.0,0.0,0.0,
2001-01-14,2.0,,,,0.0,0.0,0.0,0.0,,
2001-01-17,2.0,1520.0,1480.0,,0.0,0.0,0.0,0.0,0.0,
2001-02-01,24.0,,,,41.0,0.0,2.0,43.0,,
2001-02-21,24.0,1400.0,1330.0,,1587.0,0.0,101.0,1688.0,0.0,
2001-03-01,2.0,1300.0,1300.0,,1840.0,0.0,117.0,1957.0,0.0,
2001-03-23,2.0,1600.0,1520.0,,243.0,0.0,415.0,658.0,0.0,
2001-03-25,2.0,1800.0,1700.0,,457.0,0.0,779.0,1236.0,0.0,
2001-04-01,2.0,1750.0,1750.0,,1379.0,0.0,88.0,1467.0,0.0,
2001-04-02,2.0,1840.0,1840.0,,1202.0,0.0,77.0,1279.0,0.0,
2001-04-19,2.0,1370.0,1850.0,,1073.0,0.0,27.0,1100.0,0.0,
2001-05-01,2.0,1840.0,1860.0,,892.0,0.0,78.0,970.0,0.0,
2001-05-04,2.0,,1980.0,,892.0,0.0,78.0,970.0,0.0,
2001-05-07,2.0,,1930.0,,863.0,0.0,107.0,970.0,0.0,
2001-06-01,2.0,,1950.0,,997.0,0.0,136.0,1133.0,0.0,
2001-07-01,2.0,,,,881.0,0.0,143.0,1024.0,,
2001-07-02,2.0,,,,881.0,0.0,143.0,1024.0,,
2001-08-01,24.0,1570.0,1520.0,,428.0,0.0,396.0,824.0,0.0,
2001-11-15,2.0,,,,27.0,0.0,0.0,27.0,,
2002-07-19,24.0,1270.0,1240.0,,960.0,0.0,240.0,1200.0,,
2007-06-21,24.0,120.0,720.0,,416.0,0.0,313.0,729.0,28.0,
2007-06-23,20.0,120.0,680.0,,399.0,0.0,277.0,676.0,28.0,
2007-06-24,14.0,120.0,680.0,,360.0,32.2299995422363,154.0,514.0,28.0,
2007-06-25,18.0,120.0,680.0,,300.0,32.2299995422363,209.0,509.0,28.0,
2007-06-26,24.0,120.0,680.0,,312.0,32.2299995422363,200.0,512.0,28.0,
2007-06-28,24.0,120.0,680.0,,338.0,32.2299995422363,207.0,545.0,28.0,
2007-06-29,24.0,120.0,680.0,,304.0,32.2299995422363,186.0,490.0,28.0,
2007-06-30,24.0,120.0,680.0,,394.0,32.2299995422363,241.0,635.0,28.0,
2007-07-01,24.0,120.0,680.0,,308.0,32.2299995422363,189.0,497.0,28.0,
2007-07-02,24.0,160.0,680.0,,288.0,32.2299995422363,176.0,464.0,28.0,
2007-07-03,24.0,160.0,680.0,,284.0,32.2299995422363,167.0,451.0,28.0,
2007-07-04,18.0,160.0,680.0,,275.0,32.2299995422363,162.0,437.0,28.0,
2007-07-05,6.0,160.0,700.0,,423.0,33.2299995422363,249.0,672.0,28.0,
2007-07-06,18.0,160.0,700.0,,334.0,33.2299995422363,196.0,530.0,28.0,
2007-07-07,18.0,160.0,700.0,,316.0,33.2299995422363,186.0,502.0,28.0,
2007-07-09,6.0,160.0,600.0,,260.0,33.2299995422363,152.0,412.0,30.0,
2007-07-10,24.0,160.0,600.0,,339.0,33.7299995422363,199.0,538.0,30.0,
2007-07-11,15.25,160.0,500.0,,446.0,33.7299995422363,262.0,708.0,32.0,
2007-07-12,24.0,160.0,400.0,,384.0,33.2299995422363,164.0,548.0,32.0,
2007-07-13,24.0,160.0,400.0,,417.0,33.2299995422363,179.0,596.0,32.0,
2007-07-14,24.0,160.0,400.0,,365.0,33.2299995422363,156.0,521.0,32.0,
2007-07-15,24.0,160.0,400.0,,403.0,33.2299995422363,173.0,576.0,32.0,
2007-07-16,24.0,120.0,450.0,,409.0,33.2299995422363,175.0,584.0,32.0,
2007-07-17,24.0,160.0,380.0,,400.0,33.2299995422363,171.0,571.0,36.0,
2007-07-18,24.0,120.0,450.0,,412.0,33.2299995422363,177.0,589.0,36.0,
2007-07-19,24.0,120.0,450.0,,413.0,33.2299995422363,177.0,590.0,36.0,
2007-07-20,24.0,120.0,450.0,,405.0,33.2299995422363,173.0,578.0,36.0,
2007-07-21,24.0,120.0,450.0,,407.0,33.2299995422363,174.0,581.0,36.0,
2007-07-22,24.0,160.0,360.0,,440.0,33.2299995422363,131.0,571.0,36.0,
2007-07-23,24.0,160.0,360.0,,470.0,33.2299995422363,140.0,610.0,36.0,
2007-07-24,4.0,160.0,380.0,,445.0,33.2299995422363,156.0,601.0,36.0,
2007-08-01,24.0,160.0,580.0,,483.0,33.2299995422363,136.0,619.0,36.0,
2007-08-02,24.0,160.0,580.0,,465.0,33.2299995422363,131.0,596.0,36.0,
2007-08-03,12.0,180.0,550.0,,436.0,33.2299995422363,138.0,574.0,40.0,
2007-08-05,24.0,180.0,550.0,,443.0,33.2299995422363,140.0,583.0,40.0,
2007-08-06,24.0,180.0,550.0,,478.0,33.2299995422363,151.0,629.0,40.0,
2007-08-07,24.0,180.0,550.0,,446.0,33.2299995422363,112.0,558.0,40.0,
2007-08-08,24.0,180.0,550.0,,422.0,33.2299995422363,105.0,527.0,40.0,
2007-08-09,24.0,180.0,550.0,,446.0,33.2299995422363,111.0,557.0,40.0,
2007-08-10,24.0,180.0,550.0,,433.0,33.2299995422363,108.0,541.0,40.0,
2007-08-11,24.0,180.0,550.0,,414.0,33.2299995422363,103.0,517.0,40.0,
2007-08-12,24.0,180.0,550.0,,460.0,33.2299995422363,115.0,575.0,40.0,
2007-08-13,6.0,180.0,550.0,,381.0,33.2299995422363,95.0,476.0,40.0,
2007-08-28,14.0,180.0,480.0,,404.0,33.2299995422363,83.0,487.0,44.0,
2007-08-29,24.0,180.0,480.0,,404.0,33.2299995422363,83.0,487.0,44.0,
2007-08-30,24.0,180.0,480.0,,417.0,33.2299995422363,86.0,503.0,44.0,
2007-08-31,24.0,170.0,430.0,,469.0,33.2299995422363,110.0,579.0,44.0,
2007-09-01,12.0,170.0,430.0,,407.0,33.2299995422363,95.0,502.0,44.0,
2007-09-15,24.0,180.0,440.0,,387.0,33.2299995422363,190.0,577.0,44.0,
2007-09-16,24.0,180.0,460.0,,353.0,33.2299995422363,131.0,484.0,44.0,
2007-09-17,10.0,180.0,370.0,,461.0,33.2299995422363,115.0,576.0,50.0,
2007-09-18,24.0,180.0,370.0,,412.0,33.2299995422363,103.0,515.0,50.0,
2007-09-19,24.0,180.0,380.0,,431.0,33.2299995422363,108.0,539.0,50.0,
2007-09-20,24.0,180.0,480.0,,441.0,33.2299995422363,110.0,551.0,50.0,
2007-09-21,24.0,180.0,480.0,,592.0,33.2299995422363,148.0,740.0,50.0,
2007-09-22,24.0,,,,648.0,33.2299995422363,162.0,810.0,50.0,
2007-09-23,24.0,,,,581.0,33.2299995422363,145.0,726.0,50.0,
2007-09-24,24.0,180.0,370.0,,675.0,33.2299995422363,129.0,804.0,50.0,
2007-09-25,24.0,180.0,380.0,,673.0,33.2299995422363,138.0,811.0,50.0,
2007-09-26,24.0,180.0,380.0,,668.0,33.2299995422363,137.0,805.0,50.0,
2007-10-03,8.0,180.0,380.0,,433.0,33.2299995422363,89.0,522.0,50.0,
2007-10-12,8.0,180.0,430.0,,373.0,33.2299995422363,71.0,444.0,52.0,
2007-10-13,24.0,180.0,430.0,,410.0,33.2299995422363,78.0,488.0,52.0,
2007-10-14,24.0,180.0,430.0,,430.0,33.2299995422363,94.0,524.0,52.0,
2007-10-15,24.0,170.0,400.0,,389.0,33.2299995422363,110.0,499.0,52.0,
2007-10-16,6.0,180.0,400.0,,410.0,33.2299995422363,90.0,500.0,52.0,
2007-10-17,12.0,180.0,400.0,,412.0,33.2299995422363,90.0,502.0,56.0,
2007-10-18,24.0,180.0,380.0,,426.0,33.2299995422363,93.0,519.0,56.0,
2007-10-19,24.0,180.0,380.0,,407.0,33.2299995422363,89.0,496.0,56.0,
2007-10-20,24.0,180.0,380.0,,400.0,33.2299995422363,88.0,488.0,56.0,
2007-10-21,24.0,180.0,380.0,,399.0,33.2299995422363,88.0,487.0,56.0,
2007-10-22,24.0,180.0,380.0,,403.0,33.2299995422363,88.0,491.0,56.0,
2007-10-23,24.0,180.0,380.0,,408.0,33.2299995422363,83.0,491.0,56.0,
2007-10-24,6.0,180.0,340.0,,422.0,33.2299995422363,58.0,480.0,56.0,
2007-11-12,12.0,180.0,340.0,,325.0,33.2299995422363,71.0,396.0,56.0,
2007-11-13,24.0,180.0,300.0,,349.0,33.2299995422363,77.0,426.0,60.0,
2007-11-14,10.0,180.0,300.0,,348.0,33.2299995422363,76.0,424.0,60.0,
2007-12-02,4.0,180.0,240.0,,581.0,33.2299995422363,79.0,660.0,70.0,
2007-12-17,8.0,180.0,230.0,,435.0,33.2299995422363,33.0,468.0,128.0,
2007-12-18,24.0,180.0,230.0,,423.0,33.2299995422363,32.0,455.0,128.0,
2007-12-19,10.0,190.0,200.0,,416.0,33.2299995422363,31.0,447.0,128.0,
2008-01-06,4.0,180.0,200.0,,398.0,33.2299995422363,100.0,498.0,128.0,
2008-02-13,10.0,180.0,200.0,,279.0,33.2299995422363,31.0,310.0,128.0,
2008-02-14,24.0,250.0,140.0,,292.0,33.2299995422363,82.0,374.0,128.0,
2008-02-15,20.0,250.0,140.0,,308.0,34.0299987792969,87.0,395.0,128.0,
2008-02-16,12.0,250.0,160.0,,322.0,33.2299995422363,80.0,402.0,128.0,
2008-08-24,14.0,300.0,180.0,,41.0,33.2299995422363,14.0,55.0,128.0,
2008-09-30,9.0,320.0,1825.0,,0.0,0.0,0.0,0.0,22.0,
2008-10-05,14.0,325.0,1770.0,,5.0,0.0,0.0,5.0,22.0,
2008-10-22,24.0,350.0,1525.0,,0.0,0.0,0.0,0.0,48.0,
2008-10-23,24.0,350.0,1525.0,,0.0,0.0,0.0,0.0,48.0,
2008-10-24,24.0,350.0,1525.0,,0.0,0.0,0.0,0.0,48.0,
2008-10-27,24.0,350.0,1500.0,,0.0,0.0,0.0,0.0,48.0,
2008-10-28,24.0,350.0,1520.0,,0.0,0.0,0.0,0.0,48.0,
2008-10-29,24.0,350.0,1500.0,,0.0,0.0,0.0,0.0,48.0,
2008-10-30,24.0,350.0,1500.0,,0.0,0.0,0.0,0.0,48.0,
2008-10-31,24.0,350.0,1500.0,,0.0,0.0,0.0,0.0,48.0,
2008-11-01,24.0,360.0,1500.0,,0.0,0.0,0.0,0.0,48.0,
2008-11-02,24.0,360.0,1500.0,,0.0,0.0,0.0,0.0,48.0,
2008-11-03,24.0,360.0,1500.0,,0.0,0.0,0.0,0.0,48.0,
2008-11-04,24.0,350.0,1500.0,,0.0,0.0,0.0,0.0,48.0,
2008-11-06,24.0,350.0,1500.0,,0.0,0.0,0.0,0.0,48.0,
2008-11-07,24.0,350.0,1350.0,,0.0,0.0,0.0,0.0,52.0,
2008-11-08,24.0,250.0,1450.0,,0.0,0.0,0.0,0.0,52.0,
2008-11-09,24.0,250.0,1450.0,,0.0,0.0,0.0,0.0,52.0,
2008-11-10,24.0,200.0,1450.0,,0.0,0.0,0.0,0.0,52.0,
2008-11-11,24.0,350.0,1440.0,,0.0,0.0,0.0,0.0,52.0,
2008-11-12,24.0,350.0,1440.0,,0.0,0.0,0.0,0.0,52.0,
2008-11-13,24.0,350.0,1440.0,,0.0,0.0,0.0,0.0,52.0,
2008-11-14,24.0,350.0,1430.0,,0.0,0.0,0.0,0.0,52.0,
2008-11-15,24.0,350.0,1430.0,,0.0,0.0,0.0,0.0,52.0,
2008-11-16,24.0,350.0,1430.0,,0.0,0.0,0.0,0.0,52.0,
2008-11-17,24.0,350.0,1430.0,,0.0,0.0,0.0,0.0,52.0,
2008-11-19,24.0,350.0,1430.0,,0.0,0.0,0.0,0.0,52.0,
2008-11-20,24.0,350.0,1440.0,,0.0,0.0,0.0,0.0,52.0,
2008-11-21,24.0,350.0,1430.0,,0.0,0.0,0.0,0.0,52.0,
2008-11-22,24.0,350.0,1430.0,,0.0,0.0,0.0,0.0,52.0,
2008-11-23,24.0,350.0,1430.0,,0.0,0.0,0.0,0.0,52.0,
2008-11-24,24.0,350.0,1420.0,,0.0,0.0,0.0,0.0,52.0,
2008-11-25,24.0,350.0,1420.0,,0.0,0.0,0.0,0.0,52.0,
2008-11-26,24.0,350.0,1450.0,,0.0,0.0,0.0,0.0,52.0,
2008-11-27,24.0,350.0,1420.0,,0.0,0.0,0.0,0.0,52.0,
2008-11-28,24.0,350.0,1430.0,,0.0,0.0,0.0,0.0,52.0,
2008-11-29,24.0,350.0,1430.0,,0.0,0.0,0.0,0.0,52.0,
2008-11-30,24.0,350.0,1430.0,,0.0,0.0,0.0,0.0,52.0,
2008-12-01,24.0,350.0,1430.0,,0.0,0.0,0.0,0.0,52.0,
2008-12-02,24.0,350.0,1430.0,,0.0,0.0,0.0,0.0,52.0,
2008-12-03,24.0,350.0,1430.0,,0.0,0.0,0.0,0.0,52.0,
2008-12-04,24.0,350.0,1430.0,,0.0,0.0,0.0,0.0,52.0,
2008-12-05,24.0,350.0,1430.0,,0.0,0.0,0.0,0.0,52.0,
2008-12-06,24.0,350.0,1430.0,,0.0,0.0,0.0,0.0,52.0,
2008-12-07,24.0,350.0,1400.0,,0.0,0.0,0.0,0.0,52.0,
2008-12-08,24.0,350.0,1420.0,,0.0,0.0,0.0,0.0,52.0,
2008-12-09,24.0,350.0,1420.0,,0.0,0.0,0.0,0.0,52.0,
2008-12-10,24.0,360.0,1400.0,,0.0,0.0,0.0,0.0,52.0,
2008-12-11,24.0,360.0,1400.0,,0.0,0.0,0.0,0.0,52.0,
2008-12-12,24.0,350.0,1320.0,,0.0,0.0,0.0,0.0,52.0,
2008-12-13,24.0,350.0,1320.0,,0.0,0.0,0.0,0.0,52.0,
2008-12-14,24.0,350.0,1320.0,,0.0,0.0,0.0,0.0,52.0,
2008-12-15,24.0,350.0,1320.0,,0.0,0.0,0.0,0.0,52.0,
2008-12-16,24.0,350.0,1400.0,,0.0,0.0,0.0,0.0,52.0,
2008-12-17,24.0,350.0,1400.0,,0.0,0.0,0.0,0.0,52.0,
2008-12-22,24.0,350.0,1400.0,,0.0,0.0,0.0,0.0,52.0,
2008-12-29,24.0,350.0,1380.0,,0.0,0.0,0.0,0.0,52.0,
2008-12-30,24.0,350.0,1380.0,,0.0,0.0,0.0,0.0,52.0,
2009-01-01,24.0,360.0,1400.0,,0.0,,0.0,0.0,52.0,1140.0
2009-01-04,24.0,250.0,1390.0,68.0,0.0,,0.0,0.0,52.0,1140.0
2009-01-06,24.0,250.0,1380.0,70.0,0.0,,0.0,0.0,52.0,1140.0
2009-01-08,24.0,250.0,1380.0,70.0,0.0,,0.0,0.0,52.0,1150.0
2009-01-09,24.0,350.0,1370.0,70.0,0.0,,0.0,0.0,52.0,1150.0
2009-01-10,24.0,350.0,1370.0,70.0,0.0,,0.0,0.0,52.0,1150.0
2009-01-11,24.0,350.0,1370.0,70.0,0.0,,0.0,0.0,52.0,1150.0
2009-01-12,24.0,350.0,1370.0,70.0,0.0,,0.0,0.0,52.0,1120.0
2009-01-13,24.0,350.0,1370.0,,0.0,,0.0,0.0,52.0,1120.0
2009-01-14,24.0,350.0,1370.0,70.0,0.0,,0.0,0.0,52.0,1140.0
2009-01-15,24.0,350.0,1360.0,68.0,0.0,,0.0,0.0,52.0,1160.0
2009-01-16,24.0,350.0,1365.0,70.0,0.0,,0.0,0.0,52.0,1130.0
2009-01-18,24.0,350.0,1350.0,69.0,0.0,,0.0,0.0,52.0,1130.0
2009-02-02,12.0,350.0,1630.0,70.0,0.0,,0.0,0.0,32.0,1170.0
2009-02-14,24.0,350.0,1355.0,69.0,0.0,,0.0,0.0,52.0,1140.0
2009-02-15,12.0,350.0,1350.0,69.0,0.0,,0.0,0.0,54.0,1130.0
2009-02-16,24.0,350.0,1350.0,69.0,0.0,,0.0,0.0,54.0,1130.0
2009-02-17,24.0,350.0,1320.0,70.0,0.0,,0.0,0.0,54.0,1150.0
2009-02-18,24.0,350.0,1320.0,69.0,0.0,,0.0,0.0,54.0,1130.0
2009-02-20,24.0,350.0,1310.0,68.0,0.0,,0.0,0.0,54.0,1140.0
2009-02-21,24.0,350.0,1330.0,68.0,0.0,,0.0,0.0,54.0,1160.0
2009-02-23,24.0,350.0,1330.0,68.0,0.0,,0.0,0.0,54.0,1210.0
2009-02-24,24.0,350.0,1370.0,68.0,0.0,,0.0,0.0,54.0,1210.0
2009-02-25,24.0,350.0,1370.0,70.0,0.0,,0.0,0.0,54.0,1210.0
2009-03-09,24.0,350.0,1260.0,70.0,0.0,,0.0,0.0,54.0,1190.0
2009-03-10,24.0,350.0,1350.0,70.0,0.0,,0.0,0.0,54.0,1150.0
2009-05-28,24.0,350.0,1280.0,,0.0,,0.0,0.0,56.0,1180.0
2009-05-30,24.0,350.0,1280.0,68.0,0.0,,0.0,0.0,56.0,1175.0
2009-05-31,12.0,350.0,1400.0,68.0,0.0,,0.0,0.0,40.0,1180.0
2009-06-01,12.0,350.0,1400.0,70.0,0.0,,0.0,0.0,44.0,1180.0
2009-06-02,12.0,350.0,1300.0,70.0,0.0,,0.0,0.0,52.0,1190.0
2009-06-07,24.0,350.0,1300.0,70.0,0.0,,0.0,0.0,56.0,1190.0
2009-06-08,24.0,350.0,1300.0,70.0,0.0,,0.0,0.0,56.0,1180.0
2009-06-26,24.0,350.0,1250.0,70.0,0.0,,0.0,0.0,60.0,1180.0
2009-08-24,24.0,390.0,1250.0,70.0,0.0,,0.0,0.0,60.0,1190.0
2009-09-04,24.0,350.0,1250.0,70.0,0.0,,0.0,0.0,60.0,1180.0
2009-11-29,12.0,330.0,1900.0,70.0,0.0,,0.0,0.0,24.0,1180.0
2009-11-30,24.0,330.0,1900.0,70.0,0.0,,0.0,0.0,24.0,1180.0
2009-12-01,24.0,330.0,1780.0,70.0,0.0,,0.0,0.0,24.0,1180.0
2011-03-31,24.0,370.0,540.0,82.0,295.3,,327.7,623.0,72.0,140.0
2011-04-02,24.0,820.0,1060.0,152.0,104.34,,117.66,222.0,32.0,141.0
2011-04-03,24.0,380.0,1060.0,83.0,121.73,,137.27,259.0,32.0,135.0
2011-08-19,6.0,1040.0,700.0,81.0,336.52,,379.48,716.0,48.0,136.0
2012-09-07,8.0,380.0,520.0,85.0,622.8,35.2999992370606,934.2,1557.0,72.0,137.0
2012-09-08,6.0,340.0,520.0,85.0,765.0,32.7999992370606,765.0,1530.0,72.0,137.0
2012-12-25,12.0,1080.0,200.0,85.0,31.59,32.7999992370606,1021.41,1053.0,35.0,50.0
2013-03-02,24.0,1150.0,140.0,55.0,804.6,32.7999992370606,983.4,1788.0,137.0,40.0
2013-03-03,6.0,1130.0,260.0,82.0,910.0,32.5999984741211,1365.0,2275.0,114.0,116.0
2013-03-04,24.0,1130.0,300.0,82.0,992.7,32.5999984741211,1213.3,2206.0,114.0,119.0
2013-03-05,10.0,1130.0,300.0,82.0,1209.45,32.5999984741211,989.55,2199.0,114.0,118.0
2013-06-26,10.0,1000.0,290.0,82.0,917.28,32.5999984741211,611.52,1528.8,75.0,132.0
2013-06-27,8.0,1000.0,300.0,82.0,724.5,32.5999984741211,724.5,1449.0,75.0,135.0
2013-07-04,4.0,1000.0,300.0,80.0,755.82,,612.18,1368.0,137.0,135.0
2013-09-11,4.0,950.0,290.0,80.0,629.28,32.5999984741211,738.72,1368.0,137.0,122.0
2013-11-13,6.0,940.0,250.0,82.0,301.2,32.5999984741211,702.8,1004.0,137.0,124.0
2014-02-15,24.0,1070.0,110.0,84.0,18.48,32.5999984741211,1829.52,1848.0,137.0,20.0
2014-04-24,6.0,1030.0,200.0,86.0,32.96,32.5999984741211,1615.04,1648.0,74.0,131.0
2014-04-25,8.0,1030.0,200.0,81.0,30.54,32.5999984741211,1496.46,1527.0,74.0,135.0
2020-07-02,8.0,1200.0,435.0,98.0,0.0,,0.0,0.0,36.0,105.0
2020-07-24,12.0,640.0,2530.0,98.0,0.0,,0.0,0.0,40.0,105.0
2020-08-30,1.0,1050.0,2320.0,97.0,0.0,,0.0,0.0,40.0,106.0
2020-10-03,24.0,1120.0,460.0,102.0,102.86,,5040.14,5143.0,137.0,109.0
2020-10-09,24.0,1150.0,460.0,102.0,48.06,,1553.94,1602.0,137.0,110.0
2021-03-05,24.0,1125.0,300.0,106.0,0.0,,0.0,0.0,137.0,150.0
2021-03-15,24.0,1130.0,300.0,106.0,0.0,,0.0,0.0,137.0,150.0
2021-03-17,24.0,1130.0,280.0,106.0,0.0,,0.0,0.0,137.0,150.0
2021-08-13,4.0,780.0,680.0,101.0,0.0,,0.0,0.0,50.0,100.0
2021-08-14,4.0,1080.0,420.0,161.0,0.0,,0.0,0.0,80.0,100.0
2022-03-09,2.0,1100.0,210.0,97.0,6.24,,617.76,624.0,137.0,100.0
2022-03-17,2.0,850.0,190.0,93.0,0.0,,0.0,0.0,64.0,102.0
2022-03-20,2.0,930.0,165.0,91.0,0.0,,0.0,0.0,137.0,103.0
2022-03-21,2.0,1070.0,270.0,91.0,0.0,,0.0,0.0,137.0,118.0
2022-03-22,2.0,1070.0,260.0,95.0,0.0,,0.0,0.0,137.0,104.0
2022-03-24,2.0,1050.0,220.0,92.0,0.0,,0.0,0.0,137.0,104.0
2022-03-25,2.0,1060.0,210.0,89.0,0.0,,0.0,0.0,137.0,102.0
2022-03-26,2.0,1025.0,220.0,90.5,0.0,,0.0,0.0,137.0,105.0
2022-03-27,3.0,1020.0,230.0,93.0,0.0,,0.0,0.0,137.0,102.0
2022-03-29,10.0,1020.0,230.0,94.0,0.0,,0.0,0.0,137.0,104.0
2022-03-30,8.0,1010.0,230.0,91.0,0.0,,0.0,0.0,137.0,105.0
2022-04-01,10.0,1020.0,230.0,93.0,0.0,,0.0,0.0,137.0,102.0
2022-04-02,9.0,1000.0,220.0,94.0,0.0,,0.0,0.0,137.0,105.0
2022-04-03,9.0,1000.0,230.0,92.0,0.0,,0.0,0.0,137.0,102.0
2022-05-07,12.75,1000.0,200.0,89.0,0.0,,0.0,0.0,137.0,102.0
2022-05-08,15.75,980.0,200.0,88.0,0.0,,0.0,0.0,137.0,103.0
2022-05-09,12.75,1000.0,200.0,90.0,0.0,,0.0,0.0,137.0,102.0
2022-05-10,14.0,920.0,200.0,90.0,0.0,,0.0,0.0,137.0,103.0
2022-05-11,12.25,990.0,200.0,151.0,0.0,,0.0,0.0,137.0,107.0
2023-12-16,12.0,680.0,140.0,90.0,0.0,,407.0,407.0,137.0,103.0
2024-03-05,1.0,960.0,708.0,88.0,0.0,,0.0,0.0,40.0,146.0
2025-07-01,14.0,720.0,410.0,92.5299987792969,20.0,,0.0,20.0,5.0,109.0
2025-07-02,9.0,980.0,335.0,94.370002746582,36.0,,0.0,36.0,10.0,106.0
2025-07-03,24.0,980.0,312.0,92.0,138.6,,1.4,140.0,12.0,104.0
2026-07-11,5.0,1010.0,170.0,93.0,0.0,,0.0,0.0,20.0,114.0
2026-07-12,14.0,920.0,510.0,93.0,0.0,,0.0,0.0,20.0,114.0
1996-04-23,3.0,660.0,700.0,,4651.48,,4380.52,9032.0,32.0,
1996-04-23,3.0,660.0,700.0,,581.0,37.4000015258789,548.0,1129.0,32.0,
1996-04-27,4.0,740.0,650.0,,6699.35,,1304.65,8004.0,32.0,
1996-04-27,4.0,740.0,650.0,,1117.0,38.2999992370606,217.0,1334.0,32.0,
1996-04-30,4.0,680.0,550.0,,6304.28,,1507.72,7812.0,32.0,
1996-04-30,4.0,680.0,550.0,,1051.0,37.0999984741211,251.0,1302.0,32.0,
1996-05-03,4.0,680.0,550.0,,6497.28,,2142.72,8640.0,32.0,
1996-05-03,4.0,680.0,550.0,,1083.0,37.5999984741211,357.0,1440.0,32.0,
1996-05-05,4.0,680.0,475.0,,3087.72,,2630.28,5718.0,32.0,
1996-05-05,4.0,680.0,475.0,,515.0,37.2999992370606,438.0,953.0,32.0,
1996-05-10,6.0,700.0,425.0,,1751.6,,1268.4,3020.0,32.0,
1996-05-10,6.0,700.0,425.0,,438.0,37.4000015258789,317.0,755.0,32.0,
1996-05-13,4.0,710.0,410.0,,1894.65,,2563.35,4458.0,32.0,
1996-05-13,4.0,710.0,410.0,,316.0,37.4000015258789,427.0,743.0,32.0,
1996-05-19,4.0,760.0,400.0,,1291.79,,1624.21,2916.0,32.0,
1996-05-19,4.0,760.0,400.0,,215.0,34.9000015258789,271.0,486.0,32.0,
1996-05-23,,,,,0.0,,0.0,0.0,,
1996-05-23,24.0,,,,215.0,0.0,271.0,486.0,,
1996-05-24,,,,,0.0,,0.0,0.0,,
1996-05-24,24.0,,,,215.0,0.0,271.0,486.0,,
1996-05-25,4.0,700.0,230.0,,1853.0,40.0999984741211,1261.0,3114.0,117.0,
1996-05-25,4.0,700.0,230.0,,11116.98,,7567.02,18684.0,117.0,
1996-08-27,10.0,1000.0,380.0,,1641.14,,1049.26,2690.4,40.0,
1996-08-27,10.0,1000.0,380.0,,684.0,37.5,437.0,1121.0,40.0,
1996-10-22,24.0,1000.0,240.0,,449.0,36.0,4.0,453.0,38.0,
1996-10-24,,1000.0,281.0,,0.0,,0.0,0.0,47.0,
1996-10-24,24.0,1000.0,281.0,,0.0,37.0,0.0,0.0,47.0,
1996-10-25,,1000.0,280.0,,0.0,,0.0,0.0,47.0,
1996-10-25,24.0,1000.0,280.0,,0.0,37.0,0.0,0.0,47.0,
1996-10-26,,1000.0,283.0,,0.0,,0.0,0.0,47.0,
1996-10-26,24.0,1000.0,283.0,,0.0,37.0,0.0,0.0,47.0,
1996-10-27,,983.0,277.0,,0.0,,0.0,0.0,47.0,
1996-10-27,24.0,983.0,277.0,,0.0,37.0,0.0,0.0,47.0,
1996-10-28,,1000.0,280.0,,0.0,,0.0,0.0,47.0,
1996-10-28,24.0,1000.0,280.0,,0.0,37.0,0.0,0.0,47.0,
1996-10-29,,1000.0,278.0,,0.0,,0.0,0.0,47.0,
1996-10-29,24.0,1000.0,278.0,,0.0,36.7999992370606,0.0,0.0,47.0,
1996-10-30,,1000.0,287.0,,0.0,,0.0,0.0,47.0,
1996-10-30,24.0,1000.0,287.0,,0.0,35.7000007629394,0.0,0.0,47.0,
1996-10-31,,998.0,283.0,,0.0,,0.0,0.0,47.0,
1996-10-31,24.0,998.0,283.0,,0.0,34.4000015258789,0.0,0.0,47.0,
1996-11-01,,993.0,283.0,,0.0,,0.0,0.0,47.0,
1996-11-01,24.0,993.0,283.0,,0.0,35.7000007629394,0.0,0.0,47.0,
1996-11-02,,1000.0,290.0,,0.0,,0.0,0.0,47.0,
1996-11-02,24.0,1000.0,290.0,,0.0,35.7000007629394,0.0,0.0,47.0,
1996-11-03,,1000.0,260.0,,0.0,,0.0,0.0,47.0,
1996-11-03,24.0,1000.0,260.0,,0.0,34.5,0.0,0.0,47.0,
1996-11-04,,1000.0,279.0,,0.0,,0.0,0.0,56.0,
1996-11-04,24.0,1000.0,279.0,,0.0,34.5,0.0,0.0,56.0,
1996-11-05,,1000.0,255.0,,0.0,,0.0,0.0,117.0,
1996-11-05,24.0,1000.0,255.0,,0.0,35.2000007629394,0.0,0.0,117.0,
1996-11-08,6.0,990.0,220.0,,269.0,37.0999984741211,387.0,656.0,117.0,
1996-11-08,6.0,990.0,220.0,,1075.84,,1548.16,2624.0,117.0,
1996-11-10,4.0,990.0,195.0,,6.0,36.9000015258789,0.0,6.0,48.0,
1996-11-11,,1000.0,230.0,,0.0,,0.0,0.0,117.0,
1996-11-11,24.0,1000.0,230.0,,0.0,35.7999992370606,0.0,0.0,117.0,
1996-11-12,,1100.0,210.0,,0.0,,0.0,0.0,117.0,
1996-11-12,24.0,1100.0,210.0,,0.0,35.7999992370606,0.0,0.0,117.0,
1996-11-13,,1140.0,230.0,,0.0,,0.0,0.0,117.0,
1996-11-14,,1010.0,200.0,,0.0,,0.0,0.0,117.0,
1996-11-19,,1100.0,215.0,,0.0,,0.0,0.0,117.0,
1996-11-20,,1100.0,215.0,,0.0,,0.0,0.0,117.0,
1996-11-21,,1050.0,250.0,,0.0,,0.0,0.0,117.0,
1996-11-21,24.0,1050.0,250.0,,0.0,0.0,0.0,0.0,117.0,
1996-11-22,,1060.0,240.0,,0.0,,0.0,0.0,117.0,
1996-11-22,24.0,1060.0,240.0,,0.0,0.0,0.0,0.0,117.0,
1996-11-23,,1050.0,228.0,,0.0,,0.0,0.0,117.0,
1996-11-23,24.0,1050.0,228.0,,0.0,0.0,0.0,0.0,117.0,
1996-11-24,,1025.0,235.0,,0.0,,0.0,0.0,117.0,
1996-11-24,24.0,1025.0,235.0,,0.0,0.0,0.0,0.0,117.0,
1996-11-25,,1010.0,225.0,,0.0,,0.0,0.0,117.0,
1996-11-25,24.0,1010.0,225.0,,0.0,0.0,0.0,0.0,117.0,
1996-11-26,,1015.0,230.0,,0.0,,0.0,0.0,117.0,
1996-11-26,24.0,1015.0,230.0,,0.0,0.0,0.0,0.0,117.0,
1996-11-27,,990.0,220.0,,0.0,,0.0,0.0,117.0,
1996-11-27,24.0,990.0,220.0,,0.0,0.0,0.0,0.0,117.0,
1996-11-28,,1025.0,215.0,,0.0,,0.0,0.0,117.0,
1996-11-28,24.0,1025.0,215.0,,0.0,0.0,0.0,0.0,117.0,
1996-11-29,,1000.0,230.0,,0.0,,0.0,0.0,117.0,
1996-11-29,24.0,1000.0,230.0,,0.0,0.0,0.0,0.0,117.0,
1996-11-30,,1010.0,220.0,,0.0,,0.0,0.0,117.0,
1996-11-30,24.0,1010.0,220.0,,0.0,0.0,0.0,0.0,117.0,
1996-12-01,,1090.0,220.0,,0.0,,0.0,0.0,117.0,
1996-12-01,24.0,1090.0,220.0,,0.0,0.0,0.0,0.0,117.0,
1996-12-02,,1025.0,220.0,,0.0,,0.0,0.0,117.0,
1996-12-02,24.0,1025.0,220.0,,0.0,0.0,0.0,0.0,117.0,
1996-12-03,,1030.0,240.0,,0.0,,0.0,0.0,117.0,
1996-12-03,24.0,1030.0,240.0,,0.0,0.0,0.0,0.0,117.0,
1996-12-04,,1060.0,220.0,,0.0,,0.0,0.0,117.0,
1996-12-04,24.0,1060.0,220.0,,0.0,0.0,0.0,0.0,117.0,
1996-12-05,,1030.0,220.0,,0.0,,0.0,0.0,117.0,
1996-12-05,24.0,1030.0,220.0,,0.0,0.0,0.0,0.0,117.0,
1996-12-06,,1030.0,220.0,,0.0,,0.0,0.0,117.0,
1996-12-06,24.0,1030.0,220.0,,0.0,0.0,0.0,0.0,117.0,
1996-12-07,,1030.0,250.0,,0.0,,0.0,0.0,117.0,
1996-12-07,24.0,1030.0,250.0,,0.0,0.0,0.0,0.0,117.0,
1996-12-08,,1010.0,220.0,,0.0,,0.0,0.0,117.0,
1996-12-08,24.0,1010.0,220.0,,0.0,0.0,0.0,0.0,117.0,
1996-12-09,,1040.0,220.0,,0.0,,0.0,0.0,117.0,
1996-12-09,24.0,1040.0,220.0,,0.0,0.0,0.0,0.0,117.0,
1996-12-10,,1040.0,230.0,,0.0,,0.0,0.0,117.0,
1996-12-10,24.0,1040.0,230.0,,0.0,37.0999984741211,0.0,0.0,117.0,
1996-12-11,,1040.0,250.0,,0.0,,0.0,0.0,117.0,
1996-12-11,24.0,1040.0,250.0,,0.0,35.7999992370606,0.0,0.0,117.0,
1996-12-12,,1050.0,240.0,,0.0,,0.0,0.0,117.0,
1996-12-12,24.0,1050.0,240.0,,0.0,33.9000015258789,0.0,0.0,117.0,
1996-12-13,,1050.0,240.0,,0.0,,0.0,0.0,117.0,
1996-12-13,24.0,1050.0,240.0,,0.0,35.7999992370606,0.0,0.0,117.0,
1996-12-14,,1020.0,225.0,,0.0,,0.0,0.0,117.0,
1996-12-14,24.0,1020.0,225.0,,0.0,35.5999984741211,0.0,0.0,117.0,
1996-12-15,,1020.0,210.0,,0.0,,0.0,0.0,117.0,
1996-12-15,24.0,1020.0,210.0,,0.0,35.7999992370606,0.0,0.0,117.0,
1996-12-16,,1040.0,210.0,,0.0,,0.0,0.0,117.0,
1996-12-16,24.0,1040.0,210.0,,0.0,36.2000007629394,0.0,0.0,117.0,
1996-12-17,,1040.0,220.0,,0.0,,0.0,0.0,117.0,
1996-12-17,24.0,1040.0,220.0,,0.0,36.0999984741211,0.0,0.0,117.0,
1996-12-18,,1060.0,220.0,,0.0,,0.0,0.0,117.0,
1996-12-18,24.0,1060.0,220.0,,0.0,36.4000015258789,0.0,0.0,117.0,
1996-12-19,,1025.0,250.0,,0.0,,0.0,0.0,117.0,
1996-12-19,24.0,1025.0,250.0,,0.0,0.0,0.0,0.0,117.0,
1996-12-20,,1020.0,220.0,,0.0,,0.0,0.0,117.0,
1996-12-20,24.0,1020.0,220.0,,0.0,35.0999984741211,0.0,0.0,117.0,
1996-12-21,,980.0,205.0,,0.0,,0.0,0.0,117.0,
1996-12-21,24.0,980.0,205.0,,0.0,36.0,0.0,0.0,117.0,
1996-12-22,,1000.0,240.0,,0.0,,0.0,0.0,117.0,
1996-12-22,24.0,1000.0,240.0,,0.0,36.0,0.0,0.0,117.0,
1996-12-23,,1000.0,255.0,,0.0,,0.0,0.0,117.0,
1996-12-23,24.0,1000.0,255.0,,0.0,35.5999984741211,0.0,0.0,117.0,
1996-12-24,,970.0,220.0,,0.0,,0.0,0.0,117.0,
1996-12-24,24.0,970.0,220.0,,0.0,35.7999992370606,0.0,0.0,117.0,
1996-12-25,,1000.0,230.0,,0.0,,0.0,0.0,117.0,
1996-12-25,24.0,1000.0,230.0,,0.0,0.0,0.0,0.0,117.0,
1996-12-26,,1000.0,250.0,,0.0,,0.0,0.0,117.0,
1996-12-26,24.0,1000.0,250.0,,0.0,35.5999984741211,0.0,0.0,117.0,
1996-12-27,,1000.0,250.0,,0.0,,0.0,0.0,117.0,
1996-12-27,24.0,1000.0,250.0,,0.0,0.0,0.0,0.0,117.0,
1996-12-29,,1000.0,240.0,,0.0,,0.0,0.0,117.0,
1996-12-29,24.0,1000.0,240.0,,0.0,37.0999984741211,0.0,0.0,117.0,
1996-12-30,,1000.0,240.0,,0.0,,0.0,0.0,117.0,
1996-12-30,24.0,1000.0,240.0,,0.0,35.9000015258789,0.0,0.0,117.0,
1997-01-02,,1000.0,280.0,,0.0,,0.0,0.0,117.0,
1997-01-03,,1120.0,220.0,,0.0,,0.0,0.0,117.0,
1997-01-05,,1160.0,235.0,,0.0,,0.0,0.0,117.0,
1997-01-06,,1150.0,320.0,,0.0,,0.0,0.0,117.0,
1997-01-07,,1060.0,220.0,,0.0,,0.0,0.0,117.0,
1997-01-08,,1090.0,220.0,,0.0,,0.0,0.0,117.0,
1997-01-09,,1100.0,240.0,,0.0,,0.0,0.0,117.0,
1997-01-11,,1050.0,255.0,,0.0,,0.0,0.0,117.0,
1997-01-28,,1060.0,210.0,,0.0,,0.0,0.0,117.0,
1998-12-09,24.0,900.0,280.0,,379.0,37.0999984741211,101.0,480.0,40.0,
1999-01-02,8.0,900.0,500.0,,64.0,37.2999992370606,518.0,582.0,40.0,
1999-01-03,8.0,900.0,460.0,,51.0,37.5,513.0,564.0,40.0,
1999-05-02,4.0,1100.0,500.0,,1421.28,,1602.72,3024.0,32.0,
1999-05-02,4.0,1100.0,500.0,,237.0,37.0999984741211,267.0,504.0,32.0,
1999-05-03,24.0,1080.0,440.0,,146.4,,158.6,305.0,32.0,
1999-05-03,24.0,1080.0,440.0,,146.0,39.2999992370606,159.0,305.0,32.0,
1999-05-04,6.0,1090.0,380.0,,1578.24,,1709.76,3288.0,40.0,
1999-05-04,6.0,1090.0,380.0,,395.0,39.2000007629394,427.0,822.0,40.0,
1999-05-05,,1100.0,350.0,,0.0,,0.0,0.0,40.0,
1999-05-06,,1100.0,350.0,,0.0,,0.0,0.0,40.0,
1999-05-07,,1150.0,350.0,,0.0,,0.0,0.0,40.0,
1999-05-08,,1250.0,400.0,,0.0,,0.0,0.0,40.0,
1999-05-09,,1250.0,350.0,,0.0,,0.0,0.0,40.0,
1999-05-11,,1200.0,320.0,,0.0,,0.0,0.0,40.0,
1999-05-12,,1200.0,230.0,,0.0,,0.0,0.0,40.0,
1999-05-13,,1200.0,220.0,,0.0,,0.0,0.0,50.0,
1999-05-14,24.0,1200.0,210.0,,94.54,,68.46,163.0,50.0,
1999-05-14,24.0,1200.0,210.0,,95.0,37.0,68.0,163.0,50.0,
1999-05-15,8.0,1220.0,240.0,,312.93,,236.07,549.0,50.0,
1999-05-15,8.0,1220.0,240.0,,104.0,37.2999992370606,79.0,183.0,50.0,
1999-05-16,,1260.0,300.0,,0.0,,0.0,0.0,50.0,
1999-05-17,,1250.0,290.0,,0.0,,0.0,0.0,50.0,
1999-05-18,,1200.0,300.0,,0.0,,0.0,0.0,50.0,
1999-05-19,,1200.0,300.0,,0.0,,0.0,0.0,50.0,
1999-05-20,,1200.0,260.0,,0.0,,0.0,0.0,50.0,
1999-05-21,,1250.0,250.0,,0.0,,0.0,0.0,50.0,
1999-05-22,,1230.0,280.0,,0.0,,0.0,0.0,50.0,
1999-05-23,,1240.0,270.0,,0.0,,0.0,0.0,50.0,
1999-05-24,,1200.0,240.0,,0.0,,0.0,0.0,50.0,
1999-05-25,,1200.0,350.0,,0.0,,0.0,0.0,50.0,
1999-05-26,,1200.0,400.0,,0.0,,0.0,0.0,50.0,
1999-05-27,,1200.0,210.0,,0.0,,0.0,0.0,50.0,
1999-05-28,,1200.0,220.0,,0.0,,0.0,0.0,50.0,
1999-05-29,,1200.0,200.0,,0.0,,0.0,0.0,50.0,
1999-05-30,,1200.0,200.0,,0.0,,0.0,0.0,50.0,
1999-05-31,,1200.0,200.0,,0.0,,0.0,0.0,50.0,
1999-06-01,,1200.0,200.0,,0.0,,0.0,0.0,50.0,
1999-06-02,,1200.0,200.0,,0.0,,0.0,0.0,50.0,
1999-06-03,,1200.0,250.0,,0.0,,0.0,0.0,50.0,
1999-06-04,,1200.0,210.0,,0.0,,0.0,0.0,50.0,
1999-06-05,,700.0,200.0,,0.0,,0.0,0.0,50.0,
1999-06-06,,700.0,210.0,,0.0,,0.0,0.0,50.0,
1999-06-07,,1250.0,450.0,,0.0,,0.0,0.0,50.0,
1999-06-08,,1300.0,300.0,,0.0,,0.0,0.0,60.0,
1999-06-09,,1240.0,290.0,,0.0,,0.0,0.0,60.0,
1999-06-10,,1220.0,280.0,,0.0,,0.0,0.0,60.0,
1999-06-11,,1220.0,280.0,,0.0,,0.0,0.0,60.0,
1999-06-12,,1050.0,270.0,,0.0,,0.0,0.0,60.0,
1999-06-13,,1200.0,250.0,,0.0,,0.0,0.0,60.0,
1999-06-14,,1200.0,300.0,,0.0,,0.0,0.0,60.0,
1999-06-16,,1100.0,200.0,,0.0,,0.0,0.0,60.0,
1999-06-17,,1100.0,480.0,,0.0,,0.0,0.0,60.0,
1999-06-18,,1100.0,480.0,,0.0,,0.0,0.0,60.0,
1999-06-19,,950.0,480.0,,0.0,,0.0,0.0,60.0,
1999-06-20,,900.0,450.0,,0.0,,0.0,0.0,60.0,
1999-06-21,,890.0,460.0,,0.0,,0.0,0.0,60.0,
1999-06-22,,895.0,460.0,,0.0,,0.0,0.0,60.0,
1999-06-23,,895.0,460.0,,0.0,,0.0,0.0,60.0,
1999-06-24,,920.0,460.0,,0.0,,0.0,0.0,60.0,
1999-06-25,,920.0,460.0,,0.0,,0.0,0.0,60.0,
1999-06-26,,1090.0,460.0,,0.0,,0.0,0.0,60.0,
1999-06-27,,1170.0,500.0,,0.0,,0.0,0.0,60.0,
1999-06-28,,1110.0,460.0,,0.0,,0.0,0.0,60.0,
1999-06-29,,1140.0,460.0,,0.0,,0.0,0.0,60.0,
1999-06-30,,1150.0,460.0,,0.0,,0.0,0.0,60.0,
1999-07-01,,1220.0,465.0,,0.0,,0.0,0.0,60.0,
1999-07-02,,1200.0,460.0,,0.0,,0.0,0.0,60.0,
1999-07-03,,1200.0,450.0,,0.0,,0.0,0.0,60.0,
1999-07-04,,1200.0,450.0,,0.0,,0.0,0.0,60.0,
1999-07-05,,1200.0,450.0,,0.0,,0.0,0.0,60.0,
1999-07-06,,1200.0,450.0,,0.0,,0.0,0.0,60.0,
1999-07-07,,1200.0,450.0,,0.0,,0.0,0.0,60.0,
1999-07-08,,1200.0,450.0,,0.0,,0.0,0.0,60.0,
1999-07-09,,1200.0,450.0,,0.0,,0.0,0.0,60.0,
1999-07-10,,1200.0,450.0,,0.0,,0.0,0.0,60.0,
1999-07-11,,1200.0,450.0,,0.0,,0.0,0.0,60.0,
1999-07-12,,1200.0,450.0,,0.0,,0.0,0.0,60.0,
1999-07-13,,1200.0,450.0,,0.0,,0.0,0.0,60.0,
1999-07-14,,1200.0,450.0,,0.0,,0.0,0.0,60.0,
1999-07-15,,1200.0,450.0,,0.0,,0.0,0.0,60.0,
1999-07-16,,1250.0,420.0,,0.0,,0.0,0.0,60.0,
1999-07-17,,1220.0,420.0,,0.0,,0.0,0.0,60.0,
1999-07-18,,1250.0,400.0,,0.0,,0.0,0.0,60.0,
1999-07-19,,1250.0,400.0,,0.0,,0.0,0.0,60.0,
1999-07-20,,1220.0,400.0,,0.0,,0.0,0.0,60.0,
1999-07-21,,1000.0,350.0,,0.0,,0.0,0.0,60.0,
1999-07-22,,1150.0,390.0,,0.0,,0.0,0.0,60.0,
1999-07-23,,1260.0,400.0,,0.0,,0.0,0.0,60.0,
1999-07-24,,1250.0,390.0,,0.0,,0.0,0.0,60.0,
1999-07-25,,1250.0,400.0,,0.0,,0.0,0.0,60.0,
1999-07-26,,1250.0,350.0,,0.0,,0.0,0.0,60.0,
1999-07-27,,1280.0,350.0,,0.0,,0.0,0.0,70.0,
1999-07-28,,1150.0,320.0,,0.0,,0.0,0.0,70.0,
1999-07-29,,1150.0,340.0,,0.0,,0.0,0.0,70.0,
1999-07-30,,1150.0,350.0,,0.0,,0.0,0.0,70.0,
1999-07-31,,1180.0,350.0,,0.0,,0.0,0.0,70.0,
1999-08-01,,1200.0,350.0,,0.0,,0.0,0.0,70.0,
1999-08-02,,1200.0,350.0,,0.0,,0.0,0.0,70.0,
1999-08-03,,1200.0,300.0,,0.0,,0.0,0.0,70.0,
1999-08-04,,1100.0,300.0,,0.0,,0.0,0.0,70.0,
1999-08-05,,700.0,300.0,,0.0,,0.0,0.0,70.0,
1999-08-06,,1000.0,300.0,,0.0,,0.0,0.0,70.0,
1999-08-07,,990.0,300.0,,0.0,,0.0,0.0,70.0,
1999-08-08,,700.0,320.0,,0.0,,0.0,0.0,70.0,
1999-08-09,,700.0,320.0,,0.0,,0.0,0.0,70.0,
1999-08-10,,680.0,300.0,,0.0,,0.0,0.0,70.0,
1999-08-11,,1100.0,300.0,,0.0,,0.0,0.0,70.0,
1999-08-12,,1100.0,300.0,,0.0,,0.0,0.0,70.0,
1999-08-13,,1000.0,300.0,,0.0,,0.0,0.0,70.0,
1999-08-14,,750.0,300.0,,0.0,,0.0,0.0,70.0,
1999-08-15,,700.0,300.0,,0.0,,0.0,0.0,70.0,
1999-08-16,,700.0,300.0,,0.0,,0.0,0.0,70.0,
1999-08-17,,1050.0,320.0,,0.0,,0.0,0.0,70.0,
1999-08-18,,1050.0,320.0,,0.0,,0.0,0.0,70.0,
1999-08-19,,820.0,280.0,,0.0,,0.0,0.0,70.0,
1999-08-20,,800.0,280.0,,0.0,,0.0,0.0,70.0,
1999-08-21,,750.0,250.0,,0.0,,0.0,0.0,70.0,
1999-08-22,,700.0,280.0,,0.0,,0.0,0.0,70.0,
1999-08-23,,700.0,270.0,,0.0,,0.0,0.0,70.0,
1999-08-24,,900.0,300.0,,0.0,,0.0,0.0,70.0,
1999-08-25,,900.0,300.0,,0.0,,0.0,0.0,70.0,
1999-08-26,,900.0,300.0,,0.0,,0.0,0.0,70.0,
1999-08-27,,800.0,280.0,,0.0,,0.0,0.0,70.0,
1999-08-28,,800.0,250.0,,0.0,,0.0,0.0,70.0,
1999-08-29,,800.0,250.0,,0.0,,0.0,0.0,70.0,
1999-08-30,,800.0,260.0,,0.0,,0.0,0.0,70.0,
1999-08-31,,720.0,270.0,,0.0,,0.0,0.0,70.0,
1999-09-01,,980.0,300.0,,0.0,,0.0,0.0,70.0,
1999-09-02,,700.0,260.0,,0.0,,0.0,0.0,70.0,
1999-09-03,,900.0,300.0,,0.0,,0.0,0.0,70.0,
1999-09-04,,1050.0,250.0,,0.0,,0.0,0.0,70.0,
1999-09-05,,800.0,280.0,,0.0,,0.0,0.0,70.0,
1999-09-06,,800.0,320.0,,0.0,,0.0,0.0,70.0,
1999-09-07,,800.0,320.0,,0.0,,0.0,0.0,70.0,
1999-09-08,2.0,750.0,1100.0,,12.0,0.0,0.0,12.0,32.0,
1999-09-11,,550.0,300.0,,0.0,,0.0,0.0,70.0,
1999-09-12,,600.0,280.0,,0.0,,0.0,0.0,70.0,
1999-09-13,,600.0,290.0,,0.0,,0.0,0.0,70.0,
1999-09-14,,600.0,260.0,,0.0,,0.0,0.0,70.0,
1999-09-15,,600.0,260.0,,0.0,,0.0,0.0,70.0,
1999-09-16,,550.0,280.0,,0.0,,0.0,0.0,70.0,
1999-09-17,3.5,600.0,600.0,,0.0,0.0,0.0,0.0,24.0,
1999-09-19,,800.0,230.0,,0.0,,0.0,0.0,70.0,
1999-09-20,,850.0,220.0,,0.0,,0.0,0.0,70.0,
1999-09-21,,850.0,210.0,,0.0,,0.0,0.0,70.0,
1999-09-22,,850.0,190.0,,0.0,,0.0,0.0,70.0,
1999-09-23,,850.0,190.0,,0.0,,0.0,0.0,70.0,
1999-09-24,,850.0,190.0,,0.0,,0.0,0.0,70.0,
1999-09-25,,850.0,190.0,,0.0,,0.0,0.0,70.0,
1999-09-26,,820.0,185.0,,0.0,,0.0,0.0,70.0,
1999-09-27,,850.0,280.0,,0.0,,0.0,0.0,70.0,
1999-09-28,,800.0,240.0,,0.0,,0.0,0.0,70.0,
1999-09-29,,820.0,260.0,,0.0,,0.0,0.0,70.0,
1999-09-30,,750.0,200.0,,0.0,,0.0,0.0,70.0,
1999-10-01,,800.0,190.0,,0.0,,0.0,0.0,70.0,
1999-10-02,,800.0,185.0,,0.0,,0.0,0.0,70.0,
1999-10-03,,750.0,185.0,,0.0,,0.0,0.0,70.0,
1999-10-04,,820.0,180.0,,0.0,,0.0,0.0,70.0,
1999-10-05,,690.0,180.0,,0.0,,0.0,0.0,70.0,
1999-10-06,,1000.0,220.0,,0.0,,0.0,0.0,70.0,
1999-10-07,,1250.0,215.0,,0.0,,0.0,0.0,70.0,
1999-10-08,,1250.0,200.0,,0.0,,0.0,0.0,70.0,
1999-10-09,,1100.0,270.0,,0.0,,0.0,0.0,70.0,
1999-10-10,,1150.0,250.0,,0.0,,0.0,0.0,70.0,
1999-10-11,,1120.0,200.0,,0.0,,0.0,0.0,70.0,
1999-10-12,,1100.0,185.0,,0.0,,0.0,0.0,70.0,
1999-10-13,,1150.0,185.0,,0.0,,0.0,0.0,70.0,
1999-10-14,,1060.0,205.0,,0.0,,0.0,0.0,70.0,
1999-10-15,,1120.0,215.0,,0.0,,0.0,0.0,70.0,
1999-10-16,,1200.0,215.0,,0.0,,0.0,0.0,70.0,
1999-10-17,,1110.0,320.0,,0.0,,0.0,0.0,70.0,
1999-10-18,,1480.0,320.0,,0.0,,0.0,0.0,70.0,
1999-10-19,,1520.0,210.0,,0.0,,0.0,0.0,70.0,
1999-10-20,,1500.0,320.0,,0.0,,0.0,0.0,70.0,
1999-10-21,,1420.0,210.0,,0.0,,0.0,0.0,70.0,
1999-10-22,,1250.0,230.0,,0.0,,0.0,0.0,70.0,
1999-10-23,,1260.0,230.0,,0.0,,0.0,0.0,75.0,
1999-10-24,,1160.0,230.0,,0.0,,0.0,0.0,75.0,
1999-10-25,,1000.0,220.0,,0.0,,0.0,0.0,75.0,
1999-10-26,,1070.0,220.0,,0.0,,0.0,0.0,75.0,
1999-10-27,,1070.0,220.0,,0.0,,0.0,0.0,75.0,
2001-11-15,2.0,,,,0.0,0.0,0.0,0.0,,
2002-07-09,10.25,1180.0,200.0,,201.0,0.0,202.0,403.0,117.0,
2008-01-16,12.0,50.0,280.0,,1497.0,34.6300010681152,473.0,1970.0,32.0,
2008-02-18,6.0,800.0,180.0,,633.0,34.6300010681152,838.0,1471.0,117.0,
2008-02-19,8.0,620.0,180.0,,722.0,30.8299999237061,957.0,1679.0,117.0,
2008-07-24,24.0,820.0,180.0,,115.0,30.8299999237061,653.0,768.0,117.0,
2008-07-25,10.0,820.0,180.0,,92.0,30.8299999237061,613.0,705.0,117.0,
2011-04-17,24.0,770.0,155.0,82.0,173.42,,125.58,299.0,117.0,123.0
2013-03-06,16.0,900.0,200.0,82.0,361.65,38.5,267.3,628.95,117.0,119.0
2014-10-22,4.0,810.0,180.0,83.0,61.2,,550.8,612.0,117.0,118.0
2015-05-14,6.0,1020.0,1010.0,82.0,1172.16,36.4000015258789,11.84,1184.0,18.0,123.0
2015-05-15,23.0,780.0,630.0,82.0,825.66,38.2999992370606,8.34,834.0,18.0,122.0
2015-05-16,15.0,645.0,520.0,82.0,666.62,38.2999992370606,5.38,672.0,20.0,118.0
2015-05-17,24.0,645.0,505.0,82.0,662.66,38.2999992370606,5.34,668.0,20.0,114.0
2015-05-18,24.0,610.0,500.0,82.0,522.34,37.0,10.66,533.0,20.0,116.0
2015-05-19,23.0,600.0,450.0,82.0,548.92,37.5,14.07,562.99,24.0,117.0
2015-05-20,24.0,600.0,450.0,82.0,547.95,37.5,14.05,562.0,20.0,117.0
2015-05-21,8.0,600.0,450.0,82.0,507.45,37.5,89.55,597.0,24.0,110.0
2015-05-22,12.0,520.0,490.0,82.0,621.32,37.5,12.68,634.0,30.0,111.0
2015-05-23,24.0,520.0,490.0,82.0,563.5,37.5,11.5,575.0,30.0,111.0
2015-05-24,24.0,520.0,490.0,82.0,447.44,37.5,28.56,476.0,30.0,110.0
2015-05-25,10.0,700.0,280.0,82.0,390.96,,43.44,434.4,44.0,112.0
2015-05-28,12.0,1120.0,50.0,83.0,225.72,37.5,2.28,228.0,60.0,6.0
2015-05-30,8.0,1080.0,140.0,84.0,105.84,37.5,2.16,108.0,30.0,58.0
2015-06-01,16.0,980.0,150.0,85.0,66.15,37.5,1.35,67.5,30.0,108.0
2015-06-19,12.0,940.0,160.0,81.0,1.96,37.5,0.04,2.0,64.0,110.0
2015-06-20,10.0,1080.0,160.0,83.0,61.15,37.5,1.25,62.4,72.0,109.0
2015-06-26,14.0,950.0,280.0,82.0,40.11,37.5,49.03,89.14,36.0,108.0
2015-06-29,24.0,950.0,230.0,82.0,31.95,37.5,39.05,71.0,36.0,108.0
2015-07-22,16.0,1680.0,1700.0,82.0,1073.6,39.2999992370606,5.39,1078.99,16.0,123.0
2015-07-23,14.0,1050.0,1700.0,79.0,1290.1,39.2999992370606,39.9,1330.0,16.0,120.0
2015-07-31,6.0,1050.0,1700.0,81.0,853.2,41.2000007629394,10.8,864.0,12.0,112.0
2015-08-07,24.0,1045.0,1660.0,81.0,1132.31,41.2000007629394,5.69,1138.0,12.0,126.0
2015-08-08,8.0,1050.0,1680.0,81.0,877.14,39.0,8.86,886.0,10.0,124.0
2015-08-09,24.0,1050.0,1680.0,81.0,851.4,39.0,8.6,860.0,10.0,125.0
2015-08-10,10.0,1050.0,1680.0,81.0,809.47,39.0,6.53,816.0,10.0,124.0
2015-08-30,12.0,1050.0,1680.0,80.0,867.01,39.9000015258789,6.99,874.0,12.0,122.0
2015-08-31,8.0,1380.0,1660.0,80.0,852.12,39.9000015258789,6.87,858.99,12.0,123.0
2015-09-15,8.0,250.0,1680.0,79.0,1421.36,39.9000015258789,21.65,1443.01,14.0,123.0
2015-09-17,24.0,50.0,1650.0,80.0,1369.15,39.9000015258789,20.85,1390.0,14.0,116.0
2015-09-18,24.0,50.0,1160.0,80.0,1319.81,39.9000015258789,62.19,1382.0,14.0,111.0
2015-09-19,24.0,50.0,1650.0,79.0,1342.1,39.9000015258789,23.91,1366.01,24.0,112.0
2015-09-20,24.0,50.0,1650.0,79.0,1328.34,39.9000015258789,23.66,1352.0,14.0,117.0
2015-09-21,24.0,100.0,1660.0,79.0,1295.78,39.9000015258789,33.23,1329.01,14.0,120.0
2015-09-22,24.0,100.0,1680.0,79.0,1327.67,39.9000015258789,5.33,1333.0,14.0,121.0
2015-09-23,12.0,100.0,1680.0,79.0,1343.6,39.9000015258789,5.4,1349.0,14.0,116.0
2015-11-27,10.0,160.0,1625.0,83.0,1570.28,39.9000015258789,4.73,1575.01,20.0,125.0
2016-07-08,24.0,150.0,1610.0,85.0,3434.7,39.9000015258789,52.31,3487.01,20.0,1124.0
2016-07-09,24.0,150.0,1600.0,85.0,3046.82,39.9000015258789,62.18,3109.0,20.0,1126.0
2016-07-13,8.0,1700.0,1700.0,82.0,3437.73,39.9000015258789,17.28,3455.01,24.0,117.0
2016-07-14,24.0,1700.0,1700.0,82.0,3624.79,39.9000015258789,18.22,3643.01,24.0,117.0
2016-07-15,24.0,1780.0,1680.0,82.0,3564.09,,17.91,3582.0,24.0,115.0
2016-07-16,24.0,1780.0,1680.0,,3640.7,,18.29,3658.99,24.0,116.0
2016-07-17,24.0,1780.0,1680.0,81.0,2902.42,,14.59,2917.01,24.0,114.0
2016-07-18,24.0,1780.0,1680.0,81.0,2687.5,,13.51,2701.01,24.0,115.0
2016-07-19,24.0,1780.0,1560.0,81.0,2658.64,,13.36,2672.0,24.0,115.0
2016-07-20,24.0,1680.0,1680.0,80.0,3132.26,,15.74,3148.0,24.0,117.0
2016-07-21,24.0,1680.0,1680.0,81.0,3630.76,,18.25,3649.01,24.0,115.0
2016-07-22,24.0,1900.0,1665.0,80.0,3580.8,,149.2,3730.0,24.0,115.0
2016-07-23,24.0,1900.0,1660.0,80.0,3064.05,,30.95,3095.0,24.0,116.0
2016-07-24,24.0,1900.0,1640.0,80.0,3193.74,39.2999992370606,32.26,3226.0,24.0,116.0
2016-07-25,24.0,1900.0,1640.0,81.0,2790.81,39.2999992370606,28.19,2819.0,24.0,115.0
2016-07-26,24.0,1900.0,1640.0,80.0,3207.6,,32.4,3240.0,24.0,116.0
2016-07-27,24.0,1900.0,1640.0,81.0,3560.04,,35.96,3596.0,24.0,117.0
2016-07-28,8.0,1850.0,1650.0,81.0,3476.48,39.2999992370606,107.52,3584.0,20.0,117.0
2016-08-16,12.0,1770.0,1570.0,81.0,1788.68,39.2999992370606,55.32,1844.0,20.0,115.0
2016-08-17,12.0,1170.0,1570.0,80.0,1757.64,39.2999992370606,54.36,1812.0,20.0,112.0
2016-08-18,24.0,1770.0,1570.0,80.0,1953.19,39.2999992370606,9.82,1963.01,20.0,119.0
2016-08-19,24.0,1770.0,1570.0,80.0,1948.33,39.2999992370606,29.67,1978.0,20.0,114.0
2016-08-20,24.0,1770.0,1570.0,80.0,1793.69,39.2999992370606,27.32,1821.01,20.0,115.0
2016-08-21,24.0,1770.0,1570.0,80.0,1788.76,39.2999992370606,27.24,1816.0,20.0,114.0
2016-08-22,24.0,1770.0,1570.0,80.0,1801.57,39.2999992370606,27.44,1829.01,20.0,118.0
2016-08-23,24.0,1770.0,1570.0,80.0,1821.27,39.2999992370606,27.74,1849.01,24.0,119.0
2016-08-24,24.0,1770.0,1570.0,80.0,1804.52,39.2999992370606,27.48,1832.0,24.0,115.0
2016-08-25,24.0,1350.0,1560.0,81.0,1846.72,39.2999992370606,9.28,1856.0,24.0,115.0
2016-09-01,14.0,1458.0,1530.0,80.0,2291.48,39.2999992370606,11.51,2302.99,24.0,114.0
2016-09-02,12.0,1500.0,1540.0,80.0,2263.63,39.2999992370606,11.38,2275.01,24.0,114.0
2016-09-03,12.0,1550.0,1540.0,80.0,2273.58,3.29999995231628,11.43,2285.01,24.0,115.0
2016-09-04,16.0,1550.0,1540.0,80.0,2274.57,39.2999992370606,11.43,2286.0,24.0,115.0
2016-09-05,12.0,1550.0,1540.0,82.0,2275.57,39.2999992370606,11.44,2287.01,24.0,114.0
2016-11-01,12.0,1740.0,1530.0,82.0,1792.99,39.2999992370606,9.01,1802.0,24.0,136.0
2016-11-02,24.0,1740.0,1530.0,83.0,1793.99,39.2999992370606,9.02,1803.01,24.0,137.0
2016-11-03,24.0,1740.0,1530.0,83.0,1926.32,39.2999992370606,9.68,1936.0,24.0,137.0
2016-11-04,24.0,1740.0,1530.0,83.0,2019.85,39.2999992370606,10.15,2030.0,24.0,138.0
2016-12-05,8.0,1760.0,1520.0,83.0,751.22,39.2999992370606,3.77,754.99,24.0,129.0
2016-12-07,4.0,1760.0,1520.0,85.0,1962.16,39.2999992370606,9.86,1972.02,24.0,123.0
2016-12-08,22.0,1760.0,1520.0,84.0,1964.16,39.2999992370606,19.84,1984.0,24.0,117.0
2016-12-09,6.0,1720.0,1490.0,84.0,2568.1,39.2999992370606,12.91,2581.01,30.0,115.0
2016-12-10,10.0,1720.0,1490.0,84.0,2628.78,39.2999992370606,13.21,2641.99,30.0,113.0
2017-02-02,16.0,1200.0,1360.0,84.0,3153.47,30.2000007629394,97.53,3251.0,30.0,129.0
2017-02-03,24.0,1200.0,1360.0,83.0,3099.69,30.2000007629394,233.31,3333.0,30.0,129.0
2017-02-04,24.0,1200.0,1360.0,83.0,3284.76,30.2000007629394,247.24,3532.0,30.0,129.0
2017-02-05,24.0,1170.0,1340.0,83.0,3526.28,30.2000007629394,17.72,3544.0,30.0,129.0
2017-02-06,24.0,1170.0,1340.0,84.0,3485.79,30.2000007629394,35.21,3521.0,30.0,129.0
2017-02-07,14.0,1170.0,1340.0,84.0,3507.99,30.2000007629394,35.43,3543.42,30.0,129.0
2017-02-08,22.0,1170.0,1340.0,84.0,3279.96,30.2000007629394,33.13,3313.09,30.0,128.0
2017-02-09,10.0,1170.0,1340.0,83.0,2924.86,30.2000007629394,29.54,2954.4,30.0,128.0
2017-02-28,8.0,1290.0,1180.0,82.0,2921.25,30.2000007629394,153.75,3075.0,30.0,127.0
2017-03-01,18.0,1280.0,1160.0,82.0,2916.5,30.2000007629394,153.5,3070.0,30.0,127.0
2017-03-04,12.0,1260.0,1155.0,81.0,3050.88,30.2000007629394,127.12,3178.0,30.0,127.0
2017-03-11,24.0,1230.0,1110.0,83.0,2430.72,30.2000007629394,945.28,3376.0,30.0,131.0
2017-03-12,24.0,1240.0,1105.0,83.0,2444.4,30.2000007629394,950.6,3395.0,30.0,131.0
2017-03-13,24.0,1240.0,1105.0,83.0,2436.48,30.2000007629394,947.52,3384.0,30.0,130.0
2017-04-06,24.0,1150.0,1030.0,82.0,2918.4,30.2000007629394,153.6,3072.0,30.0,121.0
2017-04-07,24.0,1150.0,1030.0,82.0,1945.44,30.2000007629394,1142.56,3088.0,30.0,125.0
2017-04-08,24.0,1150.0,1030.0,82.0,2047.5,30.2000007629394,1202.5,3250.0,30.0,135.0
2017-04-09,24.0,1150.0,1030.0,82.0,2100.42,30.2000007629394,1233.58,3334.0,30.0,135.0
2017-04-10,10.0,1280.0,1050.0,82.0,2049.72,30.2000007629394,1256.28,3306.0,30.0,135.0
2017-07-04,4.0,1200.0,920.0,81.0,1455.51,30.2000007629394,1852.47,3307.98,45.0,120.0
2017-07-06,8.0,1200.0,920.0,80.0,1563.49,30.2000007629394,1627.31,3190.8,45.0,120.0
2017-08-05,10.0,1170.0,900.0,83.0,1559.46,30.2000007629394,1758.54,3318.0,45.0,121.0
2017-08-06,23.0,1170.0,900.0,83.0,1372.68,30.2000007629394,1975.32,3348.0,45.0,121.0
2017-08-07,23.0,1170.0,900.0,81.0,1554.19,30.2000007629394,1752.59,3306.78,45.0,121.0
2017-08-08,24.0,1170.0,900.0,81.0,1515.7,30.2000007629394,1779.3,3295.0,45.0,121.0
2017-08-09,22.0,1180.0,910.0,51.0,1577.8,30.3999996185303,1642.2,3220.0,45.0,121.0
2017-11-26,14.0,1100.0,820.0,84.0,1218.81,30.3999996185303,1906.34,3125.15,45.0,123.0
2017-11-27,24.0,1100.0,820.0,84.0,1214.07,30.3999996185303,1898.93,3113.0,45.0,123.0
2017-11-28,24.0,1100.0,820.0,85.0,1237.2,30.2000007629394,1855.8,3093.0,45.0,123.0
2017-11-29,24.0,1100.0,820.0,83.0,1244.4,30.2000007629394,1866.6,3111.0,45.0,121.0
2017-11-30,24.0,1100.0,820.0,84.0,1428.8,30.2000007629394,2143.2,3572.0,45.0,123.0
2017-12-01,24.0,1100.0,820.0,84.0,1230.8,30.2000007629394,1846.2,3077.0,45.0,122.0
2017-12-02,24.0,1100.0,820.0,84.0,1246.18,30.2000007629394,1830.81,3076.99,45.0,121.0
2017-12-03,24.0,1100.0,820.0,84.0,1181.57,30.2000007629394,1887.44,3069.01,45.0,121.0
2017-12-07,6.0,1060.0,775.0,85.0,1010.24,30.2000007629394,2146.76,3157.0,45.0,121.0
2017-12-08,12.0,1040.0,780.0,85.0,1217.3,30.2000007629394,2260.7,3478.0,45.0,120.0
2018-01-03,14.0,980.0,720.0,84.0,1254.57,30.2000007629394,2490.42,3744.99,45.0,126.0
2018-01-05,24.0,900.0,720.0,85.0,1355.9,30.2000007629394,2518.1,3874.0,45.0,125.0
2018-01-06,24.0,980.0,720.0,84.0,1417.5,30.2000007629394,2632.5,4050.0,45.0,125.0
2018-01-07,24.0,900.0,730.0,85.0,1358.0,30.2000007629394,2522.0,3880.0,45.0,126.0
2018-01-08,24.0,900.0,720.0,84.0,1285.76,30.2000007629394,2732.24,4018.0,45.0,125.0
2018-01-09,24.0,900.0,720.0,85.0,1203.2,30.2000007629394,2556.8,3760.0,45.0,125.0
2018-01-10,24.0,880.0,640.0,85.0,1345.28,30.2000007629394,2858.72,4204.0,45.0,126.0
2018-01-11,24.0,880.0,640.0,85.0,1477.44,30.2000007629394,3139.56,4617.0,45.0,126.0
2018-01-12,24.0,880.0,690.0,85.0,1406.92,30.2000007629394,2731.08,4138.0,45.0,125.0
2018-01-13,24.0,880.0,680.0,85.0,1548.05,30.2000007629394,2874.95,4423.0,45.0,125.0
2018-01-14,24.0,900.0,700.0,85.0,1324.62,30.2000007629394,2689.38,4014.0,45.0,125.0
2018-01-15,24.0,900.0,700.0,85.0,1344.75,30.2000007629394,2730.25,4075.0,45.0,125.0
2018-01-16,24.0,900.0,700.0,85.0,1347.39,30.2000007629394,2735.61,4083.0,45.0,125.0
2018-01-17,24.0,850.0,690.0,85.0,1269.44,302.0,2697.56,3967.0,45.0,125.0
2018-01-18,24.0,850.0,690.0,86.0,1309.76,30.2000007629394,2783.23,4092.99,45.0,125.0
2018-01-19,24.0,850.0,690.0,85.0,1304.0,30.2000007629394,2771.0,4075.0,45.0,125.0
2018-01-20,24.0,850.0,690.0,85.0,1311.68,30.2000007629394,2787.32,4099.0,45.0,125.0
2018-01-21,24.0,850.0,690.0,85.0,1297.28,30.2000007629394,2756.72,4054.0,45.0,125.0
2018-01-22,24.0,850.0,690.0,85.0,1282.88,30.2000007629394,2726.12,4009.0,45.0,125.0
2018-01-24,24.0,880.0,710.0,85.0,1506.27,30.2000007629394,2564.73,4071.0,45.0,125.0
2018-01-25,24.0,880.0,710.0,86.0,1525.51,30.2000007629394,2597.49,4123.0,45.0,125.0
2018-01-26,24.0,880.0,710.0,84.0,1528.47,30.2000007629394,2602.53,4131.0,45.0,126.0
2018-01-27,24.0,880.0,710.0,26.0,1481.11,30.2000007629394,2521.89,4003.0,45.0,40.0
2018-01-28,24.0,880.0,710.0,81.0,1512.56,30.2000007629394,2575.44,4088.0,45.0,126.0
2018-01-30,24.0,880.0,710.0,52.0,1516.26,30.2000007629394,2581.74,4098.0,45.0,126.0
2018-01-31,24.0,980.0,700.0,85.0,1485.55,30.2000007629394,2529.45,4015.0,45.0,126.0
2018-02-02,24.0,980.0,700.0,85.0,1527.73,30.2000007629394,2601.27,4129.0,45.0,126.0
2018-02-03,24.0,980.0,700.0,85.0,1477.04,30.2000007629394,2514.96,3992.0,45.0,125.0
2018-02-04,24.0,980.0,700.0,85.0,1424.13,30.2000007629394,2424.87,3849.0,45.0,126.0
2018-02-05,24.0,960.0,700.0,85.0,1526.4,30.2000007629394,2289.6,3816.0,45.0,133.0
2018-02-06,24.0,960.0,700.0,84.0,1626.8,30.2000007629394,2440.2,4067.0,45.0,131.0
2018-02-07,24.0,1020.0,700.0,84.0,1385.3,30.2000007629394,2572.7,3958.0,45.0,131.0
2018-02-09,12.0,1020.0,700.0,83.0,893.9,,1660.1,2554.0,45.0,125.0
2018-02-10,24.0,940.0,645.0,84.0,1023.74,,1987.26,3011.0,45.0,127.0
2018-02-11,24.0,960.0,700.0,84.0,1026.12,,1991.88,3018.0,45.0,128.0
2018-02-12,24.0,960.0,700.0,84.0,1157.36,30.2000007629394,2246.64,3404.0,45.0,128.0
2018-02-13,24.0,1000.0,680.0,84.0,1001.22,30.2000007629394,2032.78,3034.0,45.0,129.0
2018-02-15,24.0,1000.0,670.0,84.0,1110.2,30.2000007629394,2061.8,3172.0,45.0,133.0
2018-02-16,24.0,1000.0,680.0,83.0,1031.56,30.2000007629394,2002.44,3034.0,45.0,133.0
2018-02-18,24.0,1000.0,680.0,85.0,1219.24,30.2000007629394,2366.76,3586.0,45.0,136.0
2018-02-21,24.0,1000.0,680.0,83.0,1108.45,30.2000007629394,2058.55,3167.0,45.0,133.0
2018-02-22,24.0,1000.0,680.0,84.0,1008.0,30.2000007629394,1872.0,2880.0,45.0,133.0
2018-02-23,24.0,1000.0,680.0,84.0,1045.1,30.2000007629394,1940.9,2986.0,45.0,133.0
2018-02-24,24.0,1000.0,680.0,84.0,1039.85,30.2000007629394,1931.15,2971.0,45.0,134.0
2018-02-25,24.0,1000.0,680.0,30.2000007629394,1043.0,83.0,1937.0,2980.0,45.0,133.0
2018-02-26,24.0,1000.0,680.0,83.0,1018.5,30.2000007629394,1891.5,2910.0,45.0,132.0
2018-03-01,24.0,1000.0,695.0,82.0,1068.55,30.2000007629394,1984.45,3053.0,45.0,133.0
2018-03-02,10.0,1000.0,695.0,83.0,1121.4,30.2000007629394,2082.6,3204.0,45.0,133.0
2018-03-03,10.0,920.0,620.0,84.0,1006.56,30.2000007629394,2348.64,3355.2,45.0,132.0
2018-03-04,24.0,970.0,665.0,84.0,1018.24,30.2000007629394,2163.76,3182.0,45.0,139.0
2018-03-05,24.0,970.0,665.0,84.0,1011.84,,2150.16,3162.0,45.0,133.0
2018-03-06,8.0,980.0,660.0,84.0,993.6,30.2000007629394,2111.4,3105.0,45.0,132.0
2018-03-07,24.0,970.0,665.0,83.0,976.96,30.2000007629394,2076.04,3053.0,45.0,132.0
2018-03-14,24.0,1000.0,690.0,82.0,981.76,30.2000007629394,2086.24,3068.0,45.0,113.0
2018-03-15,24.0,1000.0,690.0,82.0,969.28,30.2000007629394,2059.72,3029.0,45.0,113.0
2018-03-16,24.0,1000.0,690.0,82.0,950.72,30.2000007629394,2020.28,2971.0,45.0,113.0
2018-03-17,24.0,1000.0,690.0,79.0,976.32,30.2000007629394,2074.68,3051.0,45.0,113.0
2018-03-25,24.0,1000.0,690.0,82.0,1021.12,30.2000007629394,2169.88,3191.0,45.0,120.0
2018-03-26,24.0,1000.0,680.0,83.0,904.0,30.2000007629394,1921.0,2825.0,45.0,120.0
2018-03-29,24.0,1000.0,680.0,83.0,907.2,30.2000007629394,1927.8,2835.0,45.0,121.0
2018-03-30,24.0,1000.0,685.0,82.0,960.3,30.2000007629394,1949.7,2910.0,45.0,121.0
2018-03-31,20.0,1000.0,685.0,83.0,989.34,30.2000007629394,2008.66,2998.0,45.0,121.0
2018-04-01,18.0,1000.0,680.0,83.0,915.52,30.2000007629394,1945.48,2861.0,45.0,121.0
2018-04-02,18.0,1000.0,680.0,83.0,857.1,30.2000007629394,1999.9,2857.0,45.0,120.0
2018-04-03,24.0,1000.0,680.0,83.0,901.76,30.2000007629394,1916.24,2818.0,45.0,120.0
2018-04-04,10.0,1000.0,680.0,83.0,926.72,30.2000007629394,1969.29,2896.01,45.0,119.0
2018-04-10,24.0,1000.0,680.0,84.0,986.73,30.2000007629394,2196.27,3183.0,45.0,121.0
2018-04-11,24.0,1000.0,680.0,84.0,913.26,30.2000007629394,2032.74,2946.0,45.0,121.0
2018-04-12,24.0,1000.0,680.0,83.0,909.23,30.2000007629394,2023.77,2933.0,45.0,122.0
2018-04-13,24.0,1000.0,680.0,82.0,839.79,30.2000007629394,1869.21,2709.0,45.0,121.0
2018-04-14,24.0,1000.0,670.0,83.0,964.24,30.2000007629394,1871.76,2836.0,45.0,122.0
2018-04-15,24.0,1000.0,670.0,83.0,829.12,30.2000007629394,1761.88,2591.0,45.0,122.0
2018-04-16,24.0,1000.0,670.0,82.0,898.88,30.2000007629394,1910.12,2809.0,,121.0
2018-04-19,24.0,980.0,670.0,82.0,970.56,30.2000007629394,2062.44,3033.0,45.0,120.0
2018-04-20,24.0,980.0,670.0,82.0,1029.44,30.2000007629394,2187.56,3217.0,45.0,118.0
2018-04-21,24.0,980.0,670.0,82.0,1088.32,30.2000007629394,2312.68,3401.0,45.0,117.0
2018-04-22,24.0,980.0,670.0,82.0,1070.08,30.2000007629394,2273.92,3344.0,45.0,119.0
2018-04-23,24.0,980.0,680.0,82.0,996.03,30.2000007629394,2216.97,3213.0,45.0,118.0
2018-04-24,24.0,980.0,680.0,83.0,1022.38,30.2000007629394,2275.62,3298.0,45.0,118.0
2018-04-25,24.0,980.0,680.0,83.0,936.0,30.2000007629394,2184.0,3120.0,45.0,116.0
2018-04-27,24.0,980.0,680.0,83.0,1129.2,30.2000007629394,2634.8,3764.0,45.0,118.0
2018-04-28,24.0,980.0,665.0,82.0,1206.9,30.2000007629394,2816.1,4023.0,45.0,116.0
2018-04-29,24.0,960.0,660.0,82.0,1155.6,30.2000007629394,2696.4,3852.0,45.0,116.0
2018-04-30,24.0,1060.0,660.0,83.0,1126.72,30.2000007629394,2897.28,4024.0,45.0,116.0
2018-05-01,24.0,1060.0,660.0,82.0,1006.88,30.2000007629394,2589.12,3596.0,45.0,118.0
2018-05-02,24.0,970.0,660.0,82.0,1039.36,30.2000007629394,2208.64,3248.0,45.0,116.0
2018-05-06,24.0,970.0,660.0,83.0,937.8,30.2000007629394,2188.2,3126.0,45.0,117.0
2018-05-17,24.0,970.0,660.0,82.0,1359.0,30.2000007629394,3171.0,4530.0,45.0,117.0
2018-05-18,24.0,970.0,660.0,82.0,1335.3,30.2000007629394,3115.7,4451.0,45.0,117.0
2018-05-19,24.0,970.0,660.0,82.0,1323.3,30.2000007629394,3087.7,4411.0,45.0,118.0
2018-05-20,24.0,970.0,660.0,81.0,1347.6,30.2000007629394,3144.4,4492.0,45.0,120.0
2018-06-02,10.0,950.0,640.0,82.0,759.46,30.2000007629394,2161.53,2920.99,45.0,121.0
2018-06-09,24.0,870.0,520.0,82.0,691.38,30.2000007629394,2314.62,3006.0,48.0,120.0
2018-06-10,24.0,900.0,590.0,82.0,786.76,30.2000007629394,2239.24,3026.0,48.0,119.0
2018-06-11,24.0,900.0,590.0,82.0,853.44,30.2000007629394,2194.56,3048.0,48.0,119.0
2018-06-12,24.0,900.0,590.0,81.0,848.68,30.2000007629394,2182.32,3031.0,48.0,119.0
2018-06-13,22.0,900.0,590.0,81.0,850.64,30.2000007629394,2187.36,3038.0,48.0,119.0
2018-06-14,24.0,1000.0,600.0,82.0,845.6,30.2000007629394,2174.4,3020.0,48.0,119.0
2018-06-15,24.0,1000.0,600.0,81.0,777.28,30.2000007629394,1998.72,2776.0,48.0,119.0
2018-06-16,24.0,1000.0,600.0,82.0,855.68,30.2000007629394,2200.32,3056.0,48.0,119.0
2018-06-18,10.0,900.0,595.0,82.0,983.92,30.2000007629394,2530.08,3514.0,52.0,121.0
2018-06-19,24.0,1000.0,590.0,82.0,974.4,30.2000007629394,2505.6,3480.0,52.0,121.0
2018-06-20,24.0,1000.0,590.0,81.0,982.24,30.2000007629394,2525.76,3508.0,52.0,120.0
2018-06-21,24.0,1000.0,590.0,81.0,970.48,30.2000007629394,2495.52,3466.0,52.0,120.0
2018-06-22,24.0,900.0,580.0,82.0,890.76,30.2000007629394,2535.24,3426.0,52.0,120.0
2018-06-23,24.0,900.0,580.0,81.0,906.36,30.2000007629394,2579.64,3486.0,52.0,122.0
2018-06-26,24.0,900.0,560.0,82.0,916.09,30.2000007629394,3066.91,3983.0,56.0,123.0
2018-06-27,24.0,880.0,550.0,82.0,1054.62,30.2000007629394,2851.38,3906.0,56.0,122.0
2018-06-30,24.0,810.0,510.0,83.0,1123.53,30.2000007629394,3282.47,4406.0,80.0,130.0
2018-07-01,24.0,840.0,520.0,84.0,1117.34,30.2000007629394,3740.66,4858.0,80.0,130.0
2018-07-02,24.0,840.0,520.0,84.0,1345.41,30.2000007629394,3637.59,4983.0,80.0,130.0
2018-07-04,24.0,820.0,520.0,85.0,1395.24,30.2000007629394,3587.76,4983.0,80.0,130.0
2018-07-05,24.0,840.0,520.0,84.0,1232.75,30.2000007629394,3698.25,4931.0,80.0,130.0
2018-07-06,24.0,740.0,520.0,84.0,1866.18,30.2000007629394,3044.82,4911.0,80.0,130.0
2018-07-07,24.0,740.0,520.0,85.0,1225.0,30.2000007629394,3675.0,4900.0,80.0,130.0
2018-07-08,14.0,740.0,520.0,84.0,1321.38,30.2000007629394,3572.62,4894.0,80.0,130.0
2018-07-22,24.0,840.0,550.0,82.0,1270.8,30.2000007629394,2965.2,4236.0,55.0,124.0
2018-07-23,8.0,840.0,550.0,83.0,1055.24,30.2000007629394,3532.75,4587.99,60.0,125.0
2018-07-24,24.0,800.0,520.0,84.0,1134.25,30.2000007629394,3402.75,4537.0,60.0,125.0
2018-07-25,24.0,800.0,525.0,84.0,905.6,30.2000007629394,3622.4,4528.0,60.0,124.0
2018-07-27,24.0,800.0,525.0,86.0,899.8,30.2000007629394,3599.2,4499.0,60.0,125.0
2018-07-28,24.0,800.0,525.0,84.0,894.4,30.2000007629394,3577.6,4472.0,60.0,125.0
2018-07-29,24.0,800.0,525.0,85.0,891.6,30.2000007629394,3566.4,4458.0,60.0,125.0
2018-07-30,24.0,800.0,525.0,85.0,885.8,30.2000007629394,3543.2,4429.0,60.0,124.0
2018-08-12,24.0,800.0,500.0,84.0,1057.14,30.2000007629394,3976.86,5034.0,60.0,123.0
2018-08-13,24.0,800.0,500.0,85.0,1159.66,30.2000007629394,3882.34,5042.0,60.0,124.0
2018-08-17,24.0,800.0,495.0,82.0,1301.25,30.2000007629394,3903.75,5205.0,60.0,124.0
2018-08-18,24.0,800.0,500.0,82.0,1140.04,30.2000007629394,4041.96,5182.0,60.0,124.0
2018-08-19,4.0,800.0,580.0,80.0,799.7,30.2000007629394,2835.28,3634.98,40.0,121.0
2018-10-19,8.0,700.0,360.0,86.0,485.87,30.2000007629394,3931.09,4416.96,137.0,113.0
2018-10-20,22.0,700.0,360.0,86.0,493.92,30.2000007629394,3996.26,4490.18,137.0,112.0
2018-10-21,8.0,700.0,390.0,87.0,758.55,30.2000007629394,3703.5,4462.05,137.0,113.0
2018-11-19,6.0,700.0,375.0,87.0,664.65,30.2000007629394,3766.35,4431.0,137.0,108.0
2018-11-20,4.0,680.0,375.0,87.0,754.8,30.2000007629394,3685.2,4440.0,137.0,110.0
2020-07-12,4.0,800.0,330.0,98.0,249.2,30.2000007629394,2865.8,3115.0,137.0,109.0
2020-07-17,4.0,800.0,270.0,91.0,274.14,30.2000007629394,2771.86,3046.0,137.0,110.0
2020-08-06,24.0,750.0,340.0,96.0,200.13,30.2000007629394,2658.87,2859.0,137.0,110.0
2020-08-10,1.5,2250.0,2130.0,,0.0,,0.0,0.0,20.0,110.0
2020-08-11,7.0,1320.0,1100.0,99.0,733.54,30.2000007629394,1100.31,1833.85,40.0,113.0
2020-08-12,24.0,1280.0,1050.0,99.0,210.57,,1515.43,1726.0,40.0,113.0
2020-08-13,4.0,1150.0,930.0,95.0,202.23,,1687.77,1890.0,48.0,116.0
2020-08-14,7.0,1000.0,720.0,97.0,119.7,,2274.3,2394.0,,117.0
2020-08-15,6.0,710.0,450.0,99.0,107.4,,2040.6,2148.0,137.0,118.0
2020-08-16,24.0,720.0,470.0,,148.4,,1971.6,2120.0,137.0,119.0
2021-06-15,2.0,370.0,200.0,100.0,43.35,,823.65,867.0,137.0,111.0
2023-12-04,2.0,1023.0,2170.0,,0.0,,0.0,0.0,16.0,102.0
2023-12-08,8.0,740.0,901.0,94.0,0.0,,0.0,0.0,28.0,101.0
2023-12-09,10.0,685.0,711.0,91.0,0.0,,0.0,0.0,30.0,100.0
2023-12-10,2.0,900.0,496.0,86.0,0.0,,0.0,0.0,40.0,
2023-12-11,12.0,922.0,226.0,134.0,0.0,,0.0,0.0,64.0,101.0
2023-12-12,6.0,940.0,222.0,86.0,311.2,,1244.8,1556.0,64.0,101.0
2023-12-15,10.0,900.0,180.0,89.0,235.91,,1486.09,1722.0,66.0,102.0
2024-02-17,8.0,700.0,240.0,90.0,63.76,,1530.24,1594.0,60.0,132.0
2024-12-01,24.0,900.0,142.0,96.0,251.8,,2266.2,2518.0,137.0,101.0
2024-12-02,6.0,1000.0,113.0,97.0,26.25,,848.75,875.0,137.0,101.0
2024-12-03,24.0,1020.0,137.0,97.0,23.16,,748.84,772.0,137.0,101.0
2024-12-04,8.0,1040.0,140.0,98.0,17.32,,848.68,866.0,137.0,101.0
2024-12-05,22.0,1021.0,151.0,98.0,24.98,,1224.02,1249.0,137.0,101.0
2024-12-06,20.0,1020.0,156.0,98.0,78.48,,1229.52,1308.0,137.0,101.0
2024-12-07,20.0,920.0,161.0,98.0,65.2,,1238.8,1304.0,137.0,101.0
2024-12-08,20.0,907.0,167.0,98.0,67.85,,1289.15,1357.0,137.0,101.0
2024-12-09,20.0,1000.0,178.0,87.0,61.64,34.5999984741211,1479.36,1541.0,137.0,102.0
2024-12-11,16.0,1010.0,170.0,86.0,64.5,34.5999984741211,1225.5,1290.0,137.0,105.0
2025-11-10,3.0,1060.0,845.0,98.0,0.0,,0.0,0.0,26.0,108.0
2025-11-11,22.0,1056.0,899.0,98.0,0.0,,0.0,0.0,26.0,108.0
2025-11-12,22.0,1071.0,968.0,98.0,0.0,,0.0,0.0,26.0,108.0
2025-11-13,24.0,1073.0,1006.0,98.0,0.0,,0.0,0.0,26.0,109.0
2025-11-14,14.0,1068.0,1018.0,99.0,0.0,,0.0,0.0,26.0,109.0
2025-11-18,4.0,1070.0,1044.0,100.0,0.0,,0.0,0.0,26.0,109.0
2026-01-13,24.0,1120.0,1122.0,97.0,0.0,,0.0,0.0,24.0,118.0
2026-06-01,24.0,1080.0,1029.0,91.0,0.0,,0.0,0.0,24.0,103.0
2009-10-03,24.0,580.0,260.0,80.0,1444.61,34.5999984741211,2203.39,3648.0,44.0,125.0
2009-10-02,24.0,580.0,260.0,80.0,1158.08,34.5999984741211,1473.92,2632.0,44.0,125.0
2009-10-01,24.0,580.0,260.0,80.0,815.32,34.5999984741211,1037.68,1853.0,44.0,125.0
2009-09-30,24.0,160.0,400.0,80.0,675.68,34.5999984741211,972.32,1648.0,44.0,130.0
2009-09-29,24.0,160.0,400.0,82.0,724.95,34.5999984741211,798.05,1523.0,44.0,130.0
2009-09-28,24.0,160.0,400.0,82.0,771.14,34.5999984741211,625.86,1397.0,44.0,125.0
2009-09-27,24.0,160.0,400.0,80.0,843.48,34.5999984741211,576.52,1420.0,44.0,125.0
2009-09-26,24.0,160.0,400.0,81.0,861.3,34.5999984741211,623.7,1485.0,44.0,125.0
2009-09-25,24.0,160.0,480.0,82.0,771.49,34.5999984741211,662.51,1434.0,44.0,125.0
2009-09-24,6.0,160.0,480.0,80.0,642.83,34.5999984741211,828.17,1471.0,44.0,125.0
2009-09-21,12.0,300.0,575.0,80.0,600.47,34.5999984741211,878.53,1479.0,40.0,125.0
2009-09-20,12.0,300.0,575.0,80.0,641.79,34.5999984741211,797.21,1439.0,40.0,130.0
2009-09-19,6.0,300.0,550.0,82.0,692.75,35.5,800.25,1493.0,40.0,125.0
2009-09-18,24.0,300.0,450.0,80.0,914.0,35.5,760.0,1674.0,40.0,120.0
2009-09-17,24.0,300.0,450.0,80.0,912.81,35.5,790.19,1703.0,40.0,130.0
2009-09-16,24.0,300.0,450.0,81.0,1019.06,35.5,737.94,1757.0,40.0,130.0
2009-09-15,5.0,280.0,600.0,82.0,1267.87,35.5,80.93,1348.8,40.0,130.0
2009-08-27,10.0,150.0,200.0,80.0,677.83,34.4000015258789,1069.15,1746.98,117.0,120.0
2009-08-26,12.0,150.0,200.0,80.0,1926.81,34.4000015258789,3039.19,4966.0,117.0,110.0
2009-08-25,12.0,150.0,200.0,80.0,1323.86,34.4000015258789,2088.14,3412.0,117.0,125.0
2009-08-24,12.0,150.0,200.0,80.0,1188.64,34.4000015258789,1939.36,3128.0,117.0,120.0
2009-08-23,12.0,240.0,200.0,80.0,1204.06,34.4000015258789,1851.94,3056.0,117.0,125.0
2009-08-22,12.0,240.0,200.0,80.0,1237.39,34.5999984741211,1976.61,3214.0,117.0,125.0
2009-08-20,24.0,240.0,200.0,80.0,1268.29,34.5999984741211,1950.71,3219.0,117.0,130.0
2009-08-19,24.0,240.0,200.0,80.0,1298.62,34.5999984741211,1997.38,3296.0,117.0,120.0
2009-08-18,24.0,240.0,200.0,80.0,1309.61,34.5999984741211,2074.39,3384.0,117.0,120.0
2009-08-17,24.0,240.0,200.0,,1320.93,34.5999984741211,2066.07,3387.0,117.0,125.0
2009-08-16,24.0,240.0,200.0,80.0,1285.54,34.5999984741211,2097.46,3383.0,117.0,120.0
2009-08-12,24.0,380.0,200.0,80.0,820.39,34.5999984741211,1321.61,2142.0,117.0,125.0
2009-08-11,24.0,380.0,100.0,,926.59,34.5999984741211,1486.41,2413.0,117.0,30.0
2009-08-10,24.0,380.0,200.0,,889.98,34.5999984741211,1392.02,2282.0,117.0,30.0
2009-08-09,16.0,380.0,200.0,,734.61,34.5999984741211,1139.39,1874.0,117.0,125.0
2009-08-08,24.0,380.0,200.0,82.0,802.97,34.5999984741211,1235.03,2038.0,117.0,125.0
2009-08-07,24.0,380.0,200.0,82.0,908.15,34.5999984741211,1306.85,2215.0,117.0,125.0
2009-08-06,24.0,440.0,220.0,82.0,898.86,34.5999984741211,1394.14,2293.0,117.0,130.0
2009-08-05,24.0,440.0,220.0,82.0,943.94,34.5999984741211,1464.06,2408.0,117.0,130.0
2009-08-04,10.0,440.0,220.0,82.0,877.64,34.5999984741211,1494.36,2372.0,117.0,130.0
2009-08-03,12.0,480.0,240.0,82.0,1232.45,34.5999984741211,1911.55,3144.0,80.0,130.0
2009-08-02,12.0,480.0,240.0,82.0,1271.65,34.5999984741211,1972.35,3244.0,80.0,130.0
2009-08-01,12.0,480.0,240.0,83.0,1363.44,34.5,2224.56,3588.0,80.0,125.0
2009-07-31,10.0,490.0,240.0,82.0,1838.3,34.5,2875.3,4713.6,80.0,80.0
2009-07-30,24.0,490.0,95.0,82.0,1161.07,34.5,1770.93,2932.0,117.0,20.0
2009-07-29,24.0,650.0,100.0,82.0,1199.48,34.5,1829.52,3029.0,117.0,20.0
2009-07-27,24.0,650.0,100.0,82.0,1232.43,34.5,1895.57,3128.0,117.0,20.0
2009-07-26,24.0,650.0,100.0,82.0,1243.03,34.5,1927.97,3171.0,117.0,20.0
2009-07-25,24.0,650.0,100.0,82.0,1276.95,34.5999984741211,1964.05,3241.0,117.0,20.0
2009-07-24,24.0,650.0,100.0,82.0,1285.42,34.5999984741211,1960.58,3246.0,117.0,20.0
2009-07-23,24.0,650.0,100.0,82.0,1315.51,34.5999984741211,2006.49,3322.0,117.0,20.0
2009-07-22,24.0,650.0,100.0,82.0,1289.34,34.5999984741211,2016.66,3306.0,117.0,20.0
2009-07-21,24.0,650.0,100.0,82.0,1320.82,34.5999984741211,2006.18,3327.0,117.0,20.0
2009-07-20,24.0,740.0,100.0,82.0,1341.6,34.5,2012.4,3354.0,117.0,20.0
2009-07-19,24.0,740.0,100.0,82.0,1380.0,34.5,2070.0,3450.0,117.0,20.0
2009-07-18,24.0,740.0,100.0,82.0,1412.0,34.5,2118.0,3530.0,117.0,20.0
2009-07-17,24.0,740.0,100.0,82.0,1514.4,34.5,2271.6,3786.0,117.0,20.0
2009-07-16,24.0,740.0,100.0,82.0,1634.4,34.5,2451.6,4086.0,117.0,20.0
2009-07-15,24.0,740.0,125.0,84.0,1724.0,34.5,2586.0,4310.0,117.0,30.0
2009-07-14,24.0,760.0,100.0,82.0,1765.18,34.5,2737.82,4503.0,117.0,20.0
2009-07-13,24.0,760.0,100.0,82.0,1949.81,34.5,3024.19,4974.0,117.0,20.0
2009-02-28,24.0,1215.0,340.0,85.0,431.23,34.5,691.77,1123.0,40.0,120.0
2009-02-26,24.0,1215.0,340.0,83.0,521.09,31.5,835.91,1357.0,40.0,130.0
2009-02-25,24.0,1215.0,340.0,82.0,552.96,31.5,887.04,1440.0,40.0,130.0
2009-02-24,24.0,1215.0,340.0,83.0,564.33,31.5,897.67,1462.0,40.0,135.0
2009-02-23,24.0,1215.0,340.0,84.0,618.0,31.5,927.0,1545.0,40.0,120.0
2009-02-22,24.0,1215.0,340.0,83.0,615.2,31.5,922.8,1538.0,40.0,120.0
2009-02-21,24.0,1250.0,400.0,83.0,631.68,34.7000007629394,1013.32,1645.0,40.0,125.0
2009-02-20,24.0,1250.0,400.0,83.0,673.96,34.7000007629394,1072.04,1746.0,40.0,125.0
2009-02-19,24.0,1250.0,400.0,83.0,716.8,34.7000007629394,1140.2,1857.0,40.0,120.0
2009-02-18,24.0,1250.0,400.0,83.0,719.5,34.7000007629394,1144.5,1864.0,40.0,125.0
2009-02-17,24.0,1250.0,400.0,80.0,750.36,34.7000007629394,1173.64,1924.0,40.0,120.0
2009-02-16,24.0,1250.0,420.0,85.0,772.39,34.7000007629394,1228.61,2001.0,40.0,120.0
2009-02-15,24.0,1250.0,420.0,84.0,809.6,34.7000007629394,1214.4,2024.0,40.0,120.0
2009-02-14,24.0,1270.0,430.0,84.0,786.98,34.5,1284.02,2071.0,40.0,120.0
2009-02-13,24.0,1270.0,440.0,84.0,819.78,35.0,1282.22,2102.0,40.0,120.0
2009-02-12,24.0,1280.0,460.0,84.0,839.28,35.0,1312.72,2152.0,40.0,120.0
2009-02-11,24.0,1280.0,460.0,84.0,858.64,35.0,1354.36,2213.0,40.0,125.0
2009-02-10,24.0,1320.0,500.0,82.0,867.89,35.0,1346.11,2214.0,40.0,120.0
2009-02-09,24.0,1320.0,500.0,84.0,889.45,35.0,1379.55,2269.0,40.0,125.0
2009-02-08,24.0,1320.0,500.0,85.0,906.64,35.0,1371.36,2278.0,40.0,120.0
2009-02-07,24.0,1330.0,510.0,84.0,915.32,35.0,1419.68,2335.0,40.0,120.0
2009-02-06,24.0,1350.0,530.0,84.0,919.24,35.0,1425.76,2345.0,40.0,125.0
2009-02-05,24.0,1350.0,530.0,83.0,932.96,35.0,1484.04,2417.0,40.0,120.0
2009-02-04,24.0,1370.0,560.0,84.0,927.96,35.0,1514.04,2442.0,40.0,120.0
2009-02-03,24.0,1380.0,560.0,87.0,953.81,35.0,1517.19,2471.0,40.0,120.0
2009-02-02,24.0,1410.0,580.0,83.0,979.68,35.0,1532.32,2512.0,40.0,125.0
2009-02-01,24.0,1410.0,580.0,81.0,994.5,31.5,1555.5,2550.0,40.0,135.0
2009-01-31,24.0,1430.0,585.0,80.0,1022.0,31.6000003814697,1533.0,2555.0,40.0,140.0
2009-01-30,24.0,1450.0,580.0,86.0,1022.58,31.6000003814697,1599.42,2622.0,40.0,140.0
2009-01-29,6.0,1460.0,570.0,83.0,1055.44,31.6000003814697,1616.56,2672.0,40.0,140.0
2009-01-28,8.0,1500.0,670.0,86.0,824.85,31.6000003814697,1290.15,2115.0,32.0,140.0
2009-01-26,24.0,1530.0,700.0,83.0,490.0,31.6000003814697,1260.0,1750.0,28.0,140.0
2009-01-25,6.0,1540.0,700.0,82.0,486.0,31.6000003814697,1314.0,1800.0,28.0,135.0
2009-01-24,12.0,1560.0,840.0,82.0,347.22,31.6000003814697,938.78,1286.0,24.0,135.0
2009-01-23,24.0,1550.0,610.0,83.0,232.2,31.6000003814697,627.8,860.0,20.0,130.0
2009-01-20,16.0,1550.0,880.0,83.0,483.0,31.6000003814697,1449.0,1932.0,20.0,130.0
2009-01-19,24.0,1580.0,880.0,82.0,445.75,31.6000003814697,1337.25,1783.0,20.0,130.0
2009-01-18,24.0,1580.0,880.0,81.0,459.75,31.6000003814697,1379.25,1839.0,20.0,130.0
2009-01-17,24.0,1580.0,850.0,84.0,611.8,31.6000003814697,1573.2,2185.0,20.0,130.0
2009-01-16,24.0,1620.0,890.0,83.0,593.73,31.6000003814697,1605.27,2199.0,20.0,130.0
2009-01-15,24.0,1650.0,900.0,83.0,624.87,31.6000003814697,1733.13,2358.0,20.0,135.0
2009-01-14,24.0,1680.0,900.0,83.0,793.97,31.6000003814697,1562.03,2356.0,20.0,135.0
2009-01-13,4.0,1650.0,900.0,83.0,1000.78,34.9000015258789,1585.22,2586.0,20.0,135.0
2007-12-06,24.0,1160.0,90.0,,1429.0,34.9300003051758,953.0,2382.0,117.0,
2007-12-05,24.0,1160.0,90.0,,1540.0,34.9300003051758,1026.0,2566.0,117.0,
2007-12-04,6.0,1150.0,80.0,,417.0,34.9300003051758,266.0,683.0,117.0,
2007-12-03,12.0,1150.0,80.0,,743.0,34.9300003051758,475.0,1218.0,117.0,
2007-12-02,11.0,1150.0,80.0,,666.0,34.9300003051758,426.0,1092.0,117.0,
2007-11-02,24.0,1100.0,70.0,,1175.0,34.9300003051758,392.0,1567.0,117.0,
2007-11-01,8.5,1150.0,80.0,,1291.0,34.9300003051758,826.0,2117.0,117.0,
2007-10-24,12.0,1200.0,100.0,,1768.0,34.9300003051758,1130.0,2898.0,117.0,
2007-10-16,13.5,1200.0,100.0,,1206.0,34.9300003051758,238.0,1444.0,117.0,
2007-10-04,24.0,1030.0,90.0,,263.0,34.9300003051758,141.0,404.0,117.0,
2007-10-03,13.75,1030.0,90.0,,1351.0,34.9300003051758,728.0,2079.0,117.0,
2007-07-08,8.0,900.0,50.0,,1722.0,34.9300003051758,458.0,2180.0,117.0,
2007-06-02,24.0,700.0,120.0,,1448.0,34.9300003051758,966.0,2414.0,117.0,
2007-06-01,24.0,700.0,130.0,,1408.0,34.9300003051758,1019.0,2427.0,117.0,
2007-05-31,24.0,700.0,100.0,,1507.0,34.9300003051758,1004.0,2511.0,117.0,
2007-05-30,24.0,750.0,140.0,,1509.0,34.9300003051758,1092.0,2601.0,117.0,
2007-05-29,24.0,750.0,140.0,,1469.0,34.9300003051758,1064.0,2533.0,117.0,
2007-05-28,24.0,750.0,140.0,,1494.0,34.9300003051758,1082.0,2576.0,117.0,
2007-05-27,24.0,750.0,140.0,,1500.0,34.9300003051758,1087.0,2587.0,117.0,
2007-05-26,24.0,750.0,140.0,,1520.0,34.9300003051758,1100.0,2620.0,117.0,
2007-05-25,24.0,770.0,190.0,,1532.0,34.9300003051758,1109.0,2641.0,117.0,
2007-05-24,24.0,770.0,190.0,,1585.0,34.9300003051758,1147.0,2732.0,117.0,
2007-05-23,24.0,770.0,190.0,,1609.0,34.9300003051758,1165.0,2774.0,117.0,
2007-05-22,24.0,770.0,190.0,,1588.0,34.9300003051758,1150.0,2738.0,117.0,
2007-05-21,24.0,850.0,190.0,,1626.0,34.9300003051758,1227.0,2853.0,117.0,
2007-05-20,24.0,850.0,190.0,,1656.0,34.9300003051758,1250.0,2906.0,117.0,
2007-05-19,24.0,900.0,100.0,,1846.0,34.9300003051758,1283.0,3129.0,117.0,
2007-05-18,24.0,900.0,100.0,,1868.0,34.9300003051758,1298.0,3166.0,117.0,
2007-05-17,24.0,900.0,100.0,,1863.0,34.9300003051758,1295.0,3158.0,117.0,
2007-05-16,24.0,900.0,100.0,,2077.0,34.9300003051758,1443.0,3520.0,117.0,
2007-05-15,24.0,900.0,100.0,,1814.0,34.9300003051758,1608.0,3422.0,117.0,
2007-05-14,24.0,900.0,100.0,,1917.0,34.9300003051758,1700.0,3617.0,117.0,
2007-05-13,24.0,900.0,100.0,,1998.0,34.9300003051758,1772.0,3770.0,117.0,
2007-05-12,24.0,900.0,100.0,,1975.0,34.9300003051758,1752.0,3727.0,117.0,
2007-05-11,24.0,870.0,90.0,,1309.0,34.9300003051758,768.0,2077.0,117.0,
2007-05-10,24.0,940.0,80.0,,1341.0,34.9300003051758,691.0,2032.0,117.0,
2007-05-09,24.0,940.0,80.0,,1383.0,34.9300003051758,712.0,2095.0,117.0,
2007-05-08,24.0,940.0,80.0,,1423.0,34.9300003051758,733.0,2156.0,117.0,
2007-05-07,24.0,1020.0,100.0,,1480.0,34.9300003051758,762.0,2242.0,117.0,
2007-05-06,24.0,1020.0,100.0,,1469.0,34.9300003051758,827.0,2296.0,117.0,
2007-05-05,24.0,1020.0,100.0,,1445.0,34.9300003051758,813.0,2258.0,117.0,
2007-05-04,24.0,1020.0,100.0,,1491.0,34.9300003051758,838.0,2329.0,117.0,
2007-05-03,24.0,1020.0,100.0,,1493.0,34.9300003051758,840.0,2333.0,117.0,
2007-05-02,24.0,1020.0,100.0,,1510.0,34.9300003051758,850.0,2360.0,117.0,
2007-05-01,24.0,1020.0,100.0,,1495.0,34.9300003051758,916.0,2411.0,117.0,
2007-04-30,24.0,1020.0,100.0,,1465.0,34.9300003051758,936.0,2401.0,117.0,
2007-04-29,24.0,1020.0,100.0,,1427.0,34.9300003051758,952.0,2379.0,117.0,
2007-04-28,24.0,1060.0,90.0,,1394.0,34.9300003051758,968.0,2362.0,117.0,
2007-04-27,24.0,1070.0,100.0,,1411.0,34.9300003051758,1022.0,2433.0,117.0,
2007-04-26,24.0,1070.0,100.0,,1417.0,34.9300003051758,984.0,2401.0,117.0,
2007-04-25,24.0,1100.0,90.0,,1391.0,34.9300003051758,1049.0,2440.0,117.0,
2007-04-24,24.0,1100.0,100.0,,1459.0,34.9300003051758,1101.0,2560.0,117.0,
2007-04-23,24.0,1120.0,90.0,,1791.0,34.9300003051758,882.0,2673.0,117.0,
2007-04-22,12.0,1120.0,90.0,,1932.0,34.9300003051758,952.0,2884.0,117.0,
2007-04-12,20.0,890.0,100.0,,1159.0,34.9300003051758,910.0,2069.0,117.0,
2007-04-11,24.0,890.0,100.0,,1141.0,34.9300003051758,896.0,2037.0,117.0,
2007-04-10,24.0,900.0,100.0,,1018.0,34.9300003051758,1060.0,2078.0,117.0,
2007-04-09,24.0,900.0,100.0,,1074.0,34.9300003051758,1117.0,2191.0,117.0,
2007-04-08,24.0,920.0,100.0,,1233.0,34.9300003051758,969.0,2202.0,117.0,
2007-04-07,24.0,950.0,100.0,,1507.0,34.9300003051758,1233.0,2740.0,117.0,
2007-02-27,24.0,1070.0,80.0,,970.0,34.9300003051758,436.0,1406.0,117.0,
2007-02-26,24.0,1070.0,80.0,,1484.0,34.9300003051758,667.0,2151.0,117.0,
2007-02-25,24.0,1070.0,80.0,,1465.0,34.9300003051758,658.0,2123.0,117.0,
2007-02-24,24.0,1090.0,120.0,,1518.0,34.9300003051758,682.0,2200.0,117.0,
2007-02-23,24.0,1090.0,120.0,,1633.0,34.9300003051758,733.0,2366.0,117.0,
2007-02-22,24.0,1090.0,120.0,,1666.0,34.9300003051758,749.0,2415.0,117.0,
2007-02-21,24.0,1090.0,120.0,,1753.0,34.9300003051758,787.0,2540.0,117.0,
2007-02-20,8.0,1090.0,120.0,,1925.0,34.9300003051758,865.0,2790.0,117.0,
2007-01-05,24.0,980.0,90.0,,1622.0,34.9300003051758,695.0,2317.0,117.0,
2007-01-04,24.0,1000.0,90.0,,1632.0,34.9300003051758,768.0,2400.0,117.0,
2007-01-03,24.0,1000.0,90.0,,1665.0,34.9300003051758,714.0,2379.0,117.0,
2007-01-02,24.0,1000.0,90.0,,1718.0,34.9300003051758,736.0,2454.0,117.0,
2007-01-01,24.0,1000.0,90.0,,1688.0,34.9300003051758,723.0,2411.0,117.0,
2006-12-31,24.0,1020.0,90.0,,1747.0,34.9300003051758,646.0,2393.0,117.0,
2006-12-30,24.0,1020.0,90.0,,1810.0,34.9300003051758,670.0,2480.0,117.0,
2006-12-29,24.0,1040.0,100.0,,1783.0,34.9300003051758,693.0,2476.0,117.0,
2006-12-28,24.0,1050.0,100.0,,1802.0,34.9300003051758,701.0,2503.0,117.0,
2006-12-27,24.0,1050.0,100.0,,1834.0,34.9300003051758,713.0,2547.0,117.0,
2006-12-26,24.0,1060.0,100.0,,1835.0,34.9300003051758,786.0,2621.0,117.0,
2006-12-25,24.0,1070.0,100.0,,1869.0,33.9300003051758,763.0,2632.0,117.0,
2006-12-08,16.0,980.0,90.0,,773.0,33.9300003051758,331.0,1104.0,117.0,
2006-12-07,24.0,1020.0,90.0,,1617.0,33.9300003051758,693.0,2310.0,117.0,
2006-12-06,24.0,1020.0,90.0,,1686.0,33.9300003051758,722.0,2408.0,117.0,
2006-12-05,24.0,1020.0,90.0,,1705.0,33.9300003051758,731.0,2436.0,117.0,
2006-12-04,24.0,1030.0,120.0,,1680.0,33.9300003051758,866.0,2546.0,117.0,
2006-12-03,13.0,1030.0,120.0,,917.0,33.9300003051758,472.0,1389.0,117.0,
2006-10-29,24.0,920.0,80.0,,1324.0,33.9300003051758,477.0,1801.0,117.0,
2006-10-28,24.0,950.0,80.0,,1421.0,33.9300003051758,512.0,1933.0,117.0,
2006-10-27,24.0,950.0,80.0,,1427.0,33.9300003051758,515.0,1942.0,117.0,
2006-10-26,24.0,950.0,80.0,,1487.0,33.9300003051758,536.0,2023.0,117.0,
2006-10-25,24.0,950.0,80.0,,1494.0,33.9300003051758,538.0,2032.0,117.0,
2006-10-24,24.0,970.0,85.0,,1361.0,33.9300003051758,717.0,2078.0,117.0,
2006-10-23,24.0,970.0,85.0,,1391.0,33.9300003051758,733.0,2124.0,117.0,
2006-10-22,24.0,1000.0,90.0,,1504.0,33.9300003051758,644.0,2148.0,117.0,
2006-10-21,24.0,1000.0,90.0,,1517.0,33.9300003051758,650.0,2167.0,117.0,
2006-10-20,24.0,1000.0,90.0,,1529.0,33.9300003051758,655.0,2184.0,117.0,
2006-10-19,24.0,1000.0,90.0,,1527.0,33.9300003051758,655.0,2182.0,117.0,
2006-10-18,24.0,1000.0,90.0,,1522.0,33.9300003051758,652.0,2174.0,117.0,
2006-10-17,24.0,1000.0,85.0,,1552.0,33.9300003051758,665.0,2217.0,117.0,
2006-10-16,24.0,1020.0,85.0,,1567.0,33.9300003051758,671.0,2238.0,117.0,
2006-10-15,24.0,1020.0,85.0,,1550.0,33.9300003051758,729.0,2279.0,117.0,
2006-10-14,24.0,1030.0,85.0,,1582.0,33.9300003051758,745.0,2327.0,117.0,
2006-10-13,24.0,1040.0,85.0,,1593.0,33.9300003051758,821.0,2414.0,117.0,
2006-10-12,24.0,1050.0,90.0,,1704.0,33.9300003051758,839.0,2543.0,117.0,
2006-10-11,6.0,1100.0,100.0,,1698.0,33.9300003051758,915.0,2613.0,117.0,
2006-09-06,24.0,620.0,90.0,,2237.0,33.9300003051758,1053.0,3290.0,117.0,
2006-09-05,24.0,620.0,90.0,,2473.0,33.9300003051758,1164.0,3637.0,117.0,
2006-09-04,24.0,620.0,90.0,,2419.0,33.9300003051758,1139.0,3558.0,117.0,
2006-09-03,24.0,620.0,90.0,,1339.0,33.9300003051758,630.0,1969.0,117.0,
2006-09-02,24.0,620.0,90.0,,1379.0,33.9300003051758,649.0,2028.0,117.0,
2006-09-01,24.0,620.0,90.0,,1427.0,33.9300003051758,671.0,2098.0,117.0,
2006-08-31,24.0,620.0,90.0,,1463.0,33.9300003051758,689.0,2152.0,117.0,
2006-08-30,24.0,620.0,90.0,,1456.0,33.9300003051758,685.0,2141.0,117.0,
2006-08-29,24.0,720.0,80.0,,1409.0,33.9300003051758,792.0,2201.0,117.0,
2006-08-28,24.0,720.0,80.0,,1415.0,33.9300003051758,796.0,2211.0,117.0,
2006-08-27,24.0,720.0,80.0,,1432.0,33.9300003051758,805.0,2237.0,117.0,
2006-08-26,24.0,720.0,80.0,,1429.0,33.9300003051758,804.0,2233.0,117.0,
2006-08-23,24.0,720.0,80.0,,1046.0,33.9300003051758,588.0,1634.0,117.0,
2006-08-22,24.0,820.0,85.0,,1319.0,33.9300003051758,742.0,2061.0,117.0,
2006-08-21,24.0,820.0,85.0,,1199.0,33.9300003051758,674.0,1873.0,117.0,
2006-08-20,24.0,870.0,85.0,,1221.0,33.9300003051758,574.0,1795.0,117.0,
2006-08-19,24.0,900.0,90.0,,946.0,33.9300003051758,580.0,1526.0,117.0,
2006-08-18,24.0,940.0,90.0,,1237.0,33.9300003051758,758.0,1995.0,117.0,
2006-08-17,24.0,980.0,90.0,,1336.0,33.9300003051758,719.0,2055.0,117.0,
2006-08-16,24.0,980.0,90.0,,1377.0,34.2299995422363,742.0,2119.0,117.0,
2006-08-15,14.0,980.0,120.0,,712.0,34.2299995422363,305.0,1017.0,117.0,
2006-07-17,24.0,600.0,90.0,,1262.0,34.2299995422363,679.0,1941.0,117.0,
2006-07-16,24.0,600.0,90.0,,1290.0,34.2299995422363,695.0,1985.0,117.0,
2006-07-15,24.0,600.0,90.0,,1314.0,34.2299995422363,708.0,2022.0,117.0,
2006-07-14,24.0,600.0,90.0,,1352.0,34.2299995422363,728.0,2080.0,117.0,
2006-07-13,24.0,600.0,90.0,,1320.0,34.2299995422363,711.0,2031.0,117.0,
2006-07-12,24.0,600.0,90.0,,1390.0,34.2299995422363,749.0,2139.0,117.0,
2006-07-11,24.0,600.0,90.0,,1404.0,34.2299995422363,756.0,2160.0,117.0,
2006-07-10,24.0,750.0,90.0,,1421.0,34.2299995422363,799.0,2220.0,117.0,
2006-07-08,24.0,750.0,90.0,,1377.0,34.3300018310547,774.0,2151.0,117.0,
2006-07-07,24.0,750.0,90.0,,1427.0,34.3300018310547,802.0,2229.0,117.0,
2006-07-06,24.0,750.0,90.0,,1418.0,34.3300018310547,798.0,2216.0,117.0,
2006-07-04,24.0,1020.0,85.0,,1385.0,34.2299995422363,796.0,2181.0,117.0,
2006-07-02,24.0,1020.0,85.0,,1413.0,34.2299995422363,812.0,2225.0,117.0,
2006-06-30,24.0,1020.0,85.0,,1270.0,34.2299995422363,714.0,1984.0,117.0,
2006-06-27,24.0,1090.0,85.0,,1270.0,34.2299995422363,714.0,1984.0,117.0,
2006-06-26,24.0,1090.0,85.0,,1292.0,34.2299995422363,696.0,1988.0,117.0,
2006-06-25,24.0,1090.0,85.0,,1250.0,34.2299995422363,673.0,1923.0,117.0,
2006-06-24,24.0,1090.0,85.0,,1518.0,34.2299995422363,506.0,2024.0,117.0,
2006-06-23,24.0,1090.0,85.0,,1562.0,34.2299995422363,521.0,2083.0,117.0,
2006-06-21,24.0,1140.0,100.0,,1772.0,34.2299995422363,591.0,2363.0,117.0,
2006-06-20,8.0,1150.0,110.0,,694.0,34.2299995422363,185.0,879.0,117.0,
2006-05-09,18.0,930.0,100.0,,1668.0,34.2299995422363,527.0,2195.0,117.0,
2006-05-07,24.0,980.0,110.0,,1913.0,34.2299995422363,638.0,2551.0,117.0,
2006-05-06,24.0,980.0,110.0,,1937.0,34.2299995422363,646.0,2583.0,117.0,
2006-05-05,24.0,980.0,110.0,,1964.0,34.2299995422363,655.0,2619.0,117.0,
2006-05-04,24.0,980.0,110.0,,1982.0,34.2299995422363,661.0,2643.0,117.0,
2006-05-02,24.0,980.0,110.0,,1970.0,34.2299995422363,657.0,2627.0,117.0,
2006-05-01,24.0,1020.0,110.0,,1957.0,34.2299995422363,652.0,2609.0,117.0,
2006-04-30,24.0,1020.0,110.0,,1958.0,34.2299995422363,653.0,2611.0,117.0,
2006-04-29,24.0,1020.0,110.0,,2120.0,34.2299995422363,707.0,2827.0,117.0,
2006-04-28,24.0,1020.0,110.0,,2144.0,35.1300010681152,834.0,2978.0,117.0,
2006-04-27,9.75,1040.0,100.0,,1913.0,35.1300010681152,556.0,2469.0,117.0,
2006-03-19,24.0,980.0,80.0,,1447.0,35.1300010681152,745.0,2192.0,117.0,
2006-03-18,24.0,980.0,80.0,,1425.0,35.1300010681152,734.0,2159.0,117.0,
2006-03-17,24.0,980.0,90.0,,1476.0,35.1300010681152,760.0,2236.0,117.0,
2006-03-16,24.0,980.0,90.0,,1447.0,35.1300010681152,746.0,2193.0,117.0,
2006-03-15,24.0,980.0,90.0,,1529.0,35.1300010681152,655.0,2184.0,117.0,
2006-03-13,24.0,1030.0,85.0,,1597.0,35.1300010681152,684.0,2281.0,117.0,
2006-03-11,24.0,1030.0,85.0,,1614.0,35.1300010681152,692.0,2306.0,117.0,
2006-03-10,24.0,1030.0,85.0,,1604.0,35.1300010681152,687.0,2291.0,117.0,
2006-03-09,24.0,1030.0,85.0,,1602.0,35.1300010681152,687.0,2289.0,117.0,
2006-03-08,24.0,1030.0,85.0,,1649.0,35.1300010681152,707.0,2356.0,117.0,
2006-03-07,24.0,1030.0,85.0,,1674.0,35.1300010681152,718.0,2392.0,117.0,
2006-03-06,24.0,1030.0,95.0,,1647.0,35.1300010681152,775.0,2422.0,117.0,
2006-03-05,24.0,1050.0,90.0,,1773.0,35.1300010681152,760.0,2533.0,117.0,
2006-03-04,15.0,1070.0,90.0,,1478.0,30.6299991607666,796.0,2274.0,117.0,
2006-02-02,24.0,900.0,85.0,,732.0,35.7299995422363,314.0,1046.0,117.0,
2006-02-01,24.0,900.0,85.0,,1110.0,35.7299995422363,476.0,1586.0,117.0,
2006-01-31,24.0,900.0,85.0,,1121.0,35.7299995422363,481.0,1602.0,117.0,
2006-01-30,24.0,900.0,85.0,,1150.0,35.7299995422363,493.0,1643.0,117.0,
2006-01-29,24.0,900.0,80.0,,802.0,35.7299995422363,344.0,1146.0,117.0,
2006-01-28,24.0,890.0,80.0,,1121.0,35.7299995422363,528.0,1649.0,117.0,
2006-01-27,24.0,890.0,80.0,,1140.0,35.7299995422363,537.0,1677.0,117.0,
2006-01-25,24.0,890.0,80.0,,1170.0,35.7299995422363,550.0,1720.0,117.0,
2006-01-24,24.0,890.0,80.0,,1194.0,35.7299995422363,562.0,1756.0,117.0,
2006-01-23,24.0,890.0,80.0,,1203.0,35.7299995422363,566.0,1769.0,117.0,
2006-01-22,24.0,890.0,80.0,,1223.0,35.7299995422363,576.0,1799.0,117.0,
2006-01-21,24.0,890.0,80.0,,1236.0,35.7299995422363,582.0,1818.0,117.0,
2006-01-20,24.0,890.0,80.0,,1220.0,37.5400009155273,574.0,1794.0,117.0,
2006-01-19,24.0,960.0,80.0,,1245.0,35.7299995422363,586.0,1831.0,117.0,
2006-01-18,24.0,960.0,80.0,,1256.0,35.7299995422363,591.0,1847.0,117.0,
2006-01-17,24.0,920.0,80.0,,1268.0,27.5300006866455,597.0,1865.0,117.0,
2006-01-16,24.0,950.0,80.0,,1194.0,27.5300006866455,671.0,1865.0,117.0,
2006-01-15,24.0,950.0,80.0,,1172.0,27.5300006866455,660.0,1832.0,117.0,
2006-01-14,24.0,950.0,80.0,,1317.0,27.5300006866455,565.0,1882.0,117.0,
2006-01-13,24.0,950.0,80.0,,1313.0,27.5300006866455,563.0,1876.0,117.0,
2006-01-12,24.0,950.0,80.0,,1310.0,27.5300006866455,562.0,1872.0,117.0,
2006-01-11,24.0,960.0,80.0,,1191.0,27.5300006866455,670.0,1861.0,117.0,
2006-01-10,24.0,970.0,80.0,,1276.0,27.5300006866455,601.0,1877.0,117.0,
2006-01-09,24.0,970.0,80.0,,1351.0,27.5300006866455,579.0,1930.0,117.0,
2006-01-08,24.0,970.0,80.0,,1271.0,27.5300006866455,626.0,1897.0,117.0,
2006-01-07,24.0,980.0,90.0,,1309.0,27.5300006866455,561.0,1870.0,117.0,
2006-01-06,24.0,980.0,85.0,,1217.0,27.5300006866455,684.0,1901.0,117.0,
2006-01-05,24.0,1000.0,70.0,,1214.0,27.5300006866455,625.0,1839.0,117.0,
2006-01-04,24.0,1000.0,70.0,,1278.0,27.5300006866455,659.0,1937.0,117.0,
2006-01-03,24.0,1000.0,70.0,,1227.0,27.5300006866455,632.0,1859.0,117.0,
2006-01-02,24.0,1000.0,70.0,,1258.0,27.5300006866455,648.0,1906.0,117.0,
2006-01-01,24.0,1010.0,70.0,,1247.0,27.5300006866455,642.0,1889.0,117.0,
2005-12-31,24.0,1030.0,70.0,,1208.0,27.5300006866455,679.0,1887.0,117.0,
2005-12-30,24.0,1030.0,70.0,,1577.0,27.5300006866455,394.0,1971.0,117.0,
2005-12-29,24.0,1070.0,80.0,,1394.0,27.5300006866455,542.0,1936.0,117.0,
2005-12-28,24.0,1070.0,80.0,,340.0,27.5300006866455,199.0,539.0,117.0,
2005-12-27,6.0,1080.0,95.0,,1358.0,27.5300006866455,798.0,2156.0,117.0,
2005-12-14,9.75,1060.0,80.0,,1658.0,27.5300006866455,389.0,2047.0,117.0,
2005-12-13,10.5,1090.0,90.0,,4529.0,27.5300006866455,1062.0,5591.0,117.0,
2005-11-28,18.0,1000.0,95.0,,1140.0,35.2299995422363,574.0,1714.0,117.0,
2005-11-12,24.0,870.0,80.0,,1352.0,35.2299995422363,451.0,1803.0,117.0,
2005-11-11,24.0,870.0,80.0,,1786.0,35.2299995422363,595.0,2381.0,117.0,
2005-11-10,24.0,940.0,80.0,,1563.0,35.2299995422363,770.0,2333.0,117.0,
2005-11-09,24.0,940.0,80.0,,1522.0,35.2299995422363,749.0,2271.0,117.0,
2005-11-08,24.0,940.0,80.0,,1607.0,35.2299995422363,792.0,2399.0,117.0,
2005-11-07,24.0,940.0,80.0,,1608.0,35.2299995422363,792.0,2400.0,117.0,
2005-11-06,24.0,940.0,80.0,,1680.0,35.2299995422363,827.0,2507.0,117.0,
2005-11-05,24.0,940.0,80.0,,1765.0,35.2299995422363,869.0,2634.0,117.0,
2005-11-04,24.0,940.0,80.0,,1674.0,35.2299995422363,824.0,2498.0,117.0,
2005-11-03,24.0,930.0,80.0,,1675.0,35.2299995422363,825.0,2500.0,117.0,
2005-11-02,24.0,930.0,80.0,,1763.0,35.2299995422363,869.0,2632.0,117.0,
2005-11-01,24.0,930.0,80.0,,1729.0,35.2299995422363,851.0,2580.0,117.0,
2005-10-31,24.0,930.0,80.0,,1765.0,35.2299995422363,870.0,2635.0,117.0,
2005-10-30,24.0,1030.0,90.0,,2307.0,35.2299995422363,506.0,2813.0,117.0,
2005-10-28,24.0,1030.0,90.0,,2435.0,35.2299995422363,534.0,2969.0,117.0,
2005-10-27,24.0,1030.0,90.0,,2422.0,35.2299995422363,532.0,2954.0,117.0,
2005-10-26,24.0,1030.0,90.0,,2369.0,35.2299995422363,520.0,2889.0,117.0,
2005-10-25,24.0,1030.0,90.0,,2386.0,35.2299995422363,524.0,2910.0,117.0,
2005-10-24,24.0,1030.0,90.0,,2403.0,35.2299995422363,528.0,2931.0,117.0,
2005-10-23,24.0,1070.0,90.0,,2339.0,35.2299995422363,514.0,2853.0,117.0,
2005-10-22,24.0,1070.0,90.0,,2312.0,35.2299995422363,615.0,2927.0,117.0,
2005-10-21,24.0,1070.0,90.0,,2436.0,34.4300003051758,647.0,3083.0,117.0,
2005-10-20,24.0,1070.0,90.0,,1788.0,34.4300003051758,475.0,2263.0,117.0,
2005-10-19,24.0,1070.0,90.0,,2779.0,34.4300003051758,739.0,3518.0,117.0,
2005-10-18,12.0,1100.0,100.0,,2420.0,34.4300003051758,807.0,3227.0,117.0,
2005-09-17,2.0,740.0,80.0,,1467.0,35.5299987792969,489.0,1956.0,117.0,
2005-09-16,24.0,740.0,70.0,,1567.0,35.5299987792969,522.0,2089.0,117.0,
2005-09-15,24.0,740.0,70.0,,1718.0,35.5299987792969,573.0,2291.0,117.0,
2005-09-14,24.0,750.0,70.0,,1655.0,35.5299987792969,552.0,2207.0,117.0,
2005-09-13,24.0,750.0,70.0,,1699.0,35.5299987792969,566.0,2265.0,117.0,
2005-09-12,24.0,820.0,100.0,,1460.0,35.5299987792969,786.0,2246.0,117.0,
2005-09-11,24.0,820.0,100.0,,1493.0,35.5299987792969,804.0,2297.0,117.0,
2005-09-10,24.0,820.0,100.0,,1471.0,35.5299987792969,792.0,2263.0,117.0,
2005-09-09,24.0,820.0,100.0,,1398.0,35.5299987792969,753.0,2151.0,117.0,
2005-09-08,24.0,820.0,100.0,,1435.0,35.5299987792969,772.0,2207.0,117.0,
2005-09-07,24.0,820.0,100.0,,1509.0,35.5299987792969,812.0,2321.0,117.0,
2005-09-06,24.0,970.0,75.0,,1502.0,35.5299987792969,809.0,2311.0,117.0,
2005-09-05,24.0,970.0,75.0,,1859.0,35.5299987792969,465.0,2324.0,117.0,
2005-09-04,24.0,970.0,75.0,,1963.0,35.5299987792969,491.0,2454.0,117.0,
2005-09-03,24.0,970.0,75.0,,1994.0,35.5299987792969,498.0,2492.0,117.0,
2005-09-02,24.0,970.0,75.0,,1922.0,35.5299987792969,480.0,2402.0,117.0,
2005-09-01,24.0,970.0,75.0,,1958.0,35.5299987792969,489.0,2447.0,117.0,
2005-08-31,24.0,970.0,75.0,,1972.0,35.5299987792969,493.0,2465.0,117.0,
2005-08-30,24.0,970.0,75.0,,1982.0,35.5299987792969,496.0,2478.0,117.0,
2005-08-28,24.0,970.0,75.0,,1875.0,35.5299987792969,625.0,2500.0,117.0,
2005-08-27,24.0,970.0,75.0,,1877.0,35.5299987792969,626.0,2503.0,117.0,
2005-08-26,24.0,970.0,75.0,,1846.0,35.5299987792969,615.0,2461.0,117.0,
2005-08-25,24.0,970.0,75.0,,1873.0,35.5299987792969,624.0,2497.0,117.0,
2005-08-23,24.0,1000.0,80.0,,1876.0,35.5299987792969,625.0,2501.0,117.0,
2005-08-22,24.0,1000.0,80.0,,1863.0,35.5299987792969,621.0,2484.0,117.0,
2005-08-21,24.0,1000.0,80.0,,1894.0,35.5299987792969,631.0,2525.0,117.0,
2005-08-20,24.0,1020.0,90.0,,1943.0,35.5299987792969,630.0,2573.0,117.0,
2005-08-19,24.0,1070.0,80.0,,1954.0,35.5299987792969,741.0,2695.0,117.0,
2005-08-18,24.0,1070.0,80.0,,1751.0,35.5299987792969,664.0,2415.0,117.0,
2005-08-17,11.5,1090.0,90.0,,1191.0,35.5299987792969,387.0,1578.0,117.0,
2005-08-03,22.75,980.0,60.0,,916.0,27.8299999237061,561.0,1477.0,117.0,
2005-08-02,24.0,1040.0,75.0,,1373.0,27.8299999237061,915.0,2288.0,117.0,
2005-08-01,24.0,1040.0,75.0,,1047.0,27.8299999237061,1280.0,2327.0,117.0,
2005-07-30,24.0,1040.0,75.0,,1734.0,27.8299999237061,674.0,2408.0,117.0,
2005-07-29,24.0,1040.0,75.0,,1689.0,27.8299999237061,657.0,2346.0,117.0,
2005-07-27,24.0,1040.0,75.0,,1690.0,27.8299999237061,657.0,2347.0,117.0,
2005-07-26,24.0,1040.0,75.0,,1755.0,27.8299999237061,683.0,2438.0,117.0,
2005-07-25,24.0,1040.0,75.0,,1743.0,27.8299999237061,678.0,2421.0,117.0,
2005-07-24,24.0,1050.0,75.0,,1555.0,27.8299999237061,666.0,2221.0,117.0,
2005-07-23,24.0,1050.0,100.0,,1194.0,27.8299999237061,464.0,1658.0,117.0,
2005-07-22,24.0,1070.0,80.0,,1734.0,27.8299999237061,675.0,2409.0,117.0,
2005-07-21,24.0,1070.0,80.0,,1755.0,27.8299999237061,683.0,2438.0,117.0,
2005-07-20,24.0,1070.0,85.0,,1786.0,27.8299999237061,729.0,2515.0,117.0,
2005-07-19,24.0,1070.0,80.0,,1816.0,27.8299999237061,789.0,2605.0,117.0,
2005-07-18,24.0,1170.0,90.0,,2170.0,27.8299999237061,731.0,2901.0,117.0,
2005-07-16,6.0,1170.0,90.0,,2295.0,27.8299999237061,773.0,3068.0,117.0,
2005-07-12,10.0,1100.0,110.0,,1801.0,27.8299999237061,633.0,2434.0,100.0,
2005-07-11,24.0,1100.0,110.0,,1825.0,27.8299999237061,641.0,2466.0,100.0,
2005-07-08,6.0,1200.0,160.0,,1643.0,27.8299999237061,1189.0,2832.0,100.0,
2005-06-26,16.0,1050.0,90.0,,2042.0,27.8299999237061,755.0,2797.0,117.0,
2005-06-25,24.0,1080.0,95.0,,1812.0,27.8299999237061,670.0,2482.0,117.0,
2005-06-24,24.0,1100.0,90.0,,1952.0,27.8299999237061,651.0,2603.0,117.0,
2005-06-23,24.0,1130.0,90.0,,1843.0,28.1299991607666,614.0,2457.0,117.0,
2005-06-22,12.0,1130.0,90.0,,2261.0,28.1299991607666,687.0,2948.0,117.0,
2005-05-25,24.0,170.0,80.0,,1636.0,35.2299995422363,517.0,2153.0,117.0,
2005-05-24,24.0,170.0,80.0,,1633.0,35.2299995422363,516.0,2149.0,117.0,
2005-05-23,24.0,170.0,80.0,,1815.0,35.2299995422363,573.0,2388.0,117.0,
2005-05-22,24.0,170.0,80.0,,1767.0,35.2299995422363,558.0,2325.0,117.0,
2005-05-21,24.0,170.0,80.0,,1760.0,35.2299995422363,587.0,2347.0,117.0,
2005-05-18,24.0,34.0,80.0,,1945.0,35.2299995422363,517.0,2462.0,117.0,
2005-05-17,24.0,34.0,80.0,,1964.0,35.1300010681152,506.0,2470.0,117.0,
2005-05-16,24.0,34.0,80.0,,1856.0,35.1300010681152,539.0,2395.0,117.0,
2005-05-15,24.0,380.0,80.0,,1946.0,35.2299995422363,487.0,2433.0,117.0,
2005-05-14,24.0,525.0,80.0,,1992.0,35.2299995422363,437.0,2429.0,117.0,
2005-05-13,24.0,525.0,100.0,,1924.0,35.2299995422363,511.0,2435.0,117.0,
2005-05-12,24.0,525.0,100.0,,2017.0,35.2299995422363,536.0,2553.0,100.0,
2005-05-11,24.0,560.0,70.0,,1953.0,35.2299995422363,617.0,2570.0,70.0,
2005-05-10,24.0,750.0,60.0,,1794.0,35.2299995422363,567.0,2361.0,70.0,
2005-05-09,24.0,750.0,60.0,,1893.0,35.2299995422363,598.0,2491.0,70.0,
2005-05-08,24.0,750.0,60.0,,1942.0,35.2299995422363,613.0,2555.0,70.0,
2005-05-07,24.0,760.0,70.0,,1680.0,35.2299995422363,974.0,2654.0,117.0,
2005-05-06,24.0,950.0,80.0,,1520.0,35.2299995422363,1243.0,2763.0,117.0,
2005-05-05,24.0,950.0,80.0,,1557.0,35.2299995422363,1274.0,2831.0,117.0,
2005-05-04,24.0,1000.0,80.0,,1647.0,35.4300003051758,1193.0,2840.0,117.0,
2005-05-03,24.0,1050.0,100.0,,1829.0,35.4300003051758,1015.0,2844.0,117.0,
2005-05-02,24.0,1125.0,100.0,,2008.0,35.4300003051758,1020.0,3028.0,117.0,
2005-05-01,24.0,1125.0,100.0,,2097.0,35.4300003051758,1066.0,3163.0,117.0,
2005-04-30,16.0,1180.0,100.0,,2514.0,36.5299987792969,2275.0,4789.0,117.0,
2005-01-17,24.0,720.0,160.0,,1986.0,36.5299987792969,698.0,2684.0,60.0,
2005-01-16,24.0,760.0,220.0,,2002.0,36.5299987792969,703.0,2705.0,60.0,
2005-01-15,24.0,760.0,220.0,,2165.0,36.5299987792969,611.0,2776.0,60.0,
2005-01-14,24.0,760.0,220.0,,2162.0,36.5299987792969,610.0,2772.0,60.0,
2005-01-13,24.0,760.0,220.0,,2180.0,36.5299987792969,615.0,2795.0,60.0,
2005-01-12,24.0,760.0,220.0,,2201.0,36.5299987792969,621.0,2822.0,60.0,
2005-01-11,24.0,760.0,220.0,,2253.0,36.5299987792969,636.0,2889.0,60.0,
2005-01-10,24.0,760.0,220.0,,2360.0,36.5299987792969,666.0,3026.0,60.0,
2005-01-09,24.0,760.0,220.0,,2262.0,36.5299987792969,638.0,2900.0,60.0,
2005-01-08,24.0,760.0,240.0,,2177.0,36.5299987792969,765.0,2942.0,60.0,
2005-01-07,24.0,850.0,255.0,,2190.0,36.5299987792969,770.0,2960.0,60.0,
2005-01-06,24.0,850.0,255.0,,2206.0,36.5299987792969,775.0,2981.0,60.0,
2005-01-05,24.0,850.0,255.0,,2259.0,36.5299987792969,794.0,3053.0,60.0,
2005-01-04,24.0,850.0,255.0,,2219.0,36.5299987792969,780.0,2999.0,60.0,
2005-01-03,24.0,850.0,255.0,,2304.0,36.5299987792969,810.0,3114.0,60.0,
2005-01-02,24.0,850.0,255.0,,2328.0,36.5299987792969,818.0,3146.0,60.0,
2005-01-01,24.0,850.0,255.0,,2357.0,36.5299987792969,828.0,3185.0,60.0,
2004-12-31,24.0,880.0,265.0,,2313.0,36.5299987792969,991.0,3304.0,60.0,
2004-12-30,24.0,880.0,265.0,,2307.0,36.5299987792969,989.0,3296.0,60.0,
2004-12-29,24.0,900.0,280.0,,2606.0,36.5299987792969,869.0,3475.0,60.0,
2004-12-28,10.0,900.0,280.0,,2641.0,36.5299987792969,880.0,3521.0,60.0,
2004-12-27,8.0,920.0,310.0,,3629.0,36.5299987792969,112.0,3741.0,65.0,
2004-12-26,24.0,880.0,80.0,,1931.0,36.5299987792969,288.0,2219.0,117.0,
2004-12-25,24.0,880.0,80.0,,2033.0,36.5299987792969,304.0,2337.0,117.0,
2004-12-24,24.0,880.0,80.0,,1970.0,36.5299987792969,269.0,2239.0,117.0,
2004-12-23,24.0,880.0,80.0,,1940.0,36.5299987792969,265.0,2205.0,117.0,
2004-12-22,24.0,890.0,80.0,,2133.0,36.5299987792969,264.0,2397.0,117.0,
2004-12-21,24.0,900.0,80.0,,1947.0,36.5299987792969,291.0,2238.0,117.0,
2004-12-20,24.0,970.0,80.0,,1758.0,36.6300010681152,555.0,2313.0,117.0,
2004-12-19,24.0,930.0,80.0,,1505.0,34.6300010681152,847.0,2352.0,117.0,
2004-12-18,24.0,940.0,80.0,,1607.0,34.7299995422363,508.0,2115.0,117.0,
2004-12-17,24.0,1000.0,80.0,,1593.0,34.7299995422363,821.0,2414.0,117.0,
2004-12-16,24.0,1000.0,80.0,,1657.0,34.7299995422363,854.0,2511.0,117.0,
2004-12-15,15.0,1000.0,100.0,,971.0,34.8300018310547,493.0,1464.0,117.0,
2004-12-12,24.0,920.0,35.0,,252.0,34.8300018310547,108.0,360.0,117.0,
2004-12-11,24.0,920.0,80.0,,1303.0,34.8300018310547,559.0,1862.0,117.0,
2004-12-10,24.0,940.0,85.0,,1577.0,34.8300018310547,278.0,1855.0,117.0,
2004-12-09,24.0,950.0,85.0,,1821.0,34.8300018310547,373.0,2194.0,117.0,
2004-12-08,24.0,1000.0,80.0,,1680.0,34.8300018310547,590.0,2270.0,117.0,
2004-12-07,24.0,1000.0,90.0,,1657.0,34.8300018310547,582.0,2239.0,117.0,
2004-12-06,10.0,1010.0,80.0,,1512.0,34.8300018310547,504.0,2016.0,117.0,
2004-11-27,24.0,860.0,80.0,,1798.0,35.7299995422363,537.0,2335.0,117.0,
2004-11-26,24.0,860.0,90.0,,1764.0,35.6300010681152,498.0,2262.0,117.0,
2004-11-25,24.0,860.0,80.0,,1842.0,35.7299995422363,566.0,2408.0,117.0,
2004-11-24,24.0,890.0,80.0,,1781.0,35.7299995422363,473.0,2254.0,117.0,
2004-11-23,24.0,900.0,80.0,,1921.0,35.7299995422363,451.0,2372.0,117.0,
2004-11-22,24.0,920.0,80.0,,1894.0,35.7299995422363,503.0,2397.0,117.0,
2004-11-21,24.0,920.0,80.0,,1877.0,35.7299995422363,440.0,2317.0,117.0,
2004-11-20,24.0,900.0,90.0,,2091.0,35.7299995422363,398.0,2489.0,117.0,
2004-11-19,24.0,950.0,80.0,,1793.0,35.7299995422363,420.0,2213.0,117.0,
2004-11-18,24.0,950.0,80.0,,1818.0,35.7299995422363,426.0,2244.0,117.0,
2004-11-17,24.0,980.0,80.0,,1799.0,35.7299995422363,538.0,2337.0,117.0,
2004-11-16,24.0,1000.0,100.0,,1846.0,35.7299995422363,461.0,2307.0,117.0,
2004-11-15,24.0,1010.0,80.0,,1828.0,35.7299995422363,577.0,2405.0,117.0,
2004-11-14,24.0,1020.0,80.0,,1834.0,35.7299995422363,517.0,2351.0,117.0,
2004-11-13,10.0,1030.0,100.0,,1516.0,35.7299995422363,428.0,1944.0,117.0,
2004-10-31,10.0,350.0,80.0,,1256.0,35.7299995422363,276.0,1532.0,117.0,
2004-10-29,24.0,405.0,60.0,,1446.0,35.7299995422363,317.0,1763.0,117.0,
2004-10-28,24.0,430.0,80.0,,1533.0,35.7299995422363,271.0,1804.0,117.0,
2004-10-27,24.0,450.0,90.0,,1654.0,35.7299995422363,413.0,2067.0,117.0,
2004-10-26,24.0,500.0,85.0,,1413.0,35.7299995422363,605.0,2018.0,117.0,
2004-10-25,24.0,500.0,90.0,,1695.0,35.7299995422363,372.0,2067.0,117.0,
2004-10-24,24.0,540.0,90.0,,1459.0,35.7299995422363,625.0,2084.0,117.0,
2004-10-23,24.0,560.0,100.0,,1643.0,35.7299995422363,464.0,2107.0,117.0,
2004-10-22,24.0,750.0,80.0,,1608.0,35.7299995422363,536.0,2144.0,117.0,
2004-10-21,24.0,750.0,80.0,,1594.0,35.7299995422363,531.0,2125.0,117.0,
2004-10-20,24.0,670.0,100.0,,1595.0,35.7299995422363,532.0,2127.0,117.0,
2004-10-19,24.0,670.0,100.0,,1619.0,35.7299995422363,540.0,2159.0,117.0,
2004-10-18,24.0,710.0,70.0,,1631.0,35.7299995422363,544.0,2175.0,117.0,
2004-10-17,24.0,740.0,80.0,,1649.0,35.7299995422363,550.0,2199.0,117.0,
2004-10-16,24.0,790.0,80.0,,1752.0,35.7299995422363,438.0,2190.0,117.0,
2004-10-15,24.0,790.0,80.0,,1825.0,35.8300018310547,456.0,2281.0,117.0,
2004-10-13,24.0,900.0,80.0,,1822.0,35.8300018310547,456.0,2278.0,117.0,
2004-10-12,24.0,900.0,80.0,,1850.0,35.7299995422363,462.0,2312.0,117.0,
2004-10-11,24.0,900.0,80.0,,1837.0,35.7299995422363,518.0,2355.0,117.0,
2004-10-10,24.0,960.0,85.0,,1850.0,35.8300018310547,462.0,2312.0,117.0,
2004-10-09,24.0,960.0,85.0,,1914.0,35.8300018310547,478.0,2392.0,117.0,
2004-10-08,24.0,1080.0,90.0,,1858.0,35.8300018310547,494.0,2352.0,117.0,
2004-10-07,24.0,1080.0,90.0,,1702.0,35.8300018310547,452.0,2154.0,117.0,
2004-10-06,24.0,1080.0,90.0,,1753.0,35.8300018310547,466.0,2219.0,117.0,
2004-10-05,24.0,1080.0,90.0,,1808.0,35.8300018310547,480.0,2288.0,117.0,
2004-10-04,24.0,1100.0,80.0,,1838.0,35.8300018310547,459.0,2297.0,117.0,
2004-10-03,24.0,1140.0,80.0,,2241.0,35.8300018310547,492.0,2733.0,117.0,
2004-10-02,9.75,1140.0,90.0,,2484.0,35.8300018310547,568.0,3052.0,117.0,
2004-08-19,18.0,550.0,70.0,,1505.0,36.5299987792969,376.0,1881.0,117.0,
2004-08-18,24.0,550.0,70.0,,1620.0,36.5299987792969,405.0,2025.0,117.0,
2004-08-17,24.0,680.0,70.0,,1633.0,36.5299987792969,359.0,1992.0,117.0,
2004-08-16,24.0,630.0,80.0,,1569.0,36.5299987792969,392.0,1961.0,117.0,
2004-08-15,24.0,650.0,85.0,,1826.0,36.5299987792969,249.0,2075.0,117.0,
2004-08-14,24.0,670.0,80.0,,1678.0,36.5299987792969,420.0,2098.0,117.0,
2004-08-13,24.0,700.0,70.0,,1700.0,36.5299987792969,425.0,2125.0,117.0,
2004-08-12,24.0,740.0,100.0,,1807.0,36.5299987792969,319.0,2126.0,117.0,
2004-08-11,24.0,760.0,80.0,,1722.0,36.5,430.0,2152.0,117.0,
2004-08-10,24.0,800.0,100.0,,1791.0,36.5299987792969,448.0,2239.0,117.0,
2004-08-09,24.0,800.0,100.0,,1760.0,36.5299987792969,440.0,2200.0,117.0,
2004-08-08,24.0,880.0,80.0,,1746.0,36.5,436.0,2182.0,117.0,
2004-08-07,24.0,850.0,85.0,,1672.0,36.5,450.0,2122.0,117.0,
2004-08-06,24.0,870.0,80.0,,1534.0,36.5299987792969,511.0,2045.0,117.0,
2004-08-05,24.0,950.0,60.0,,1399.0,36.5299987792969,491.0,1890.0,117.0,
2004-08-04,24.0,950.0,60.0,,1151.0,36.5,447.0,1598.0,117.0,
2004-08-03,24.0,950.0,60.0,,1823.0,36.5299987792969,456.0,2279.0,117.0,
2004-08-02,24.0,1000.0,65.0,,1870.0,36.5299987792969,467.0,2337.0,117.0,
2004-08-01,24.0,1050.0,70.0,,1901.0,36.5299987792969,475.0,2376.0,117.0,
2004-07-31,24.0,1050.0,70.0,,1910.0,36.5299987792969,477.0,2387.0,117.0,
2004-07-30,24.0,1070.0,80.0,,1980.0,36.5299987792969,495.0,2475.0,117.0,
2004-07-29,12.0,1090.0,80.0,,1906.0,36.5299987792969,528.0,2434.0,117.0,
2004-07-02,24.0,20.0,80.0,,1229.0,35.9000015258789,184.0,1413.0,117.0,
2004-07-01,24.0,40.0,90.0,,1521.0,35.9000015258789,269.0,1790.0,117.0,
2004-06-30,24.0,50.0,80.0,,1446.0,35.9000015258789,296.0,1742.0,117.0,
2004-06-29,24.0,110.0,85.0,,1435.0,35.9000015258789,359.0,1794.0,117.0,
2004-06-28,24.0,110.0,85.0,,1410.0,35.9000015258789,353.0,1763.0,117.0,
2004-06-27,24.0,170.0,80.0,,1318.0,35.9000015258789,487.0,1805.0,117.0,
2004-06-26,24.0,240.0,80.0,,1321.0,35.9000015258789,514.0,1835.0,117.0,
2004-06-25,24.0,300.0,80.0,,1384.0,35.9000015258789,461.0,1845.0,117.0,
2004-06-24,24.0,350.0,60.0,,1407.0,35.9000015258789,469.0,1876.0,117.0,
2004-06-23,24.0,400.0,60.0,,1334.0,35.9000015258789,519.0,1853.0,117.0,
2004-06-22,24.0,300.0,60.0,,976.0,35.9000015258789,901.0,1877.0,117.0,
2004-06-21,24.0,120.0,60.0,,1257.0,35.9000015258789,539.0,1796.0,117.0,
2004-06-20,24.0,120.0,60.0,,1341.0,35.7999992370606,575.0,1916.0,117.0,
2004-06-19,24.0,160.0,60.0,,1414.0,36.0999984741211,471.0,1885.0,117.0,
2004-06-18,24.0,250.0,60.0,,1514.0,36.0999984741211,379.0,1893.0,117.0,
2004-06-17,24.0,250.0,60.0,,1535.0,36.0999984741211,384.0,1919.0,117.0,
2004-06-16,24.0,350.0,60.0,,1482.0,36.0999984741211,443.0,1925.0,117.0,
2004-06-15,24.0,350.0,60.0,,1657.0,36.0999984741211,293.0,1950.0,117.0,
2004-06-14,24.0,390.0,60.0,,1493.0,36.0999984741211,498.0,1991.0,117.0,
2004-06-12,24.0,520.0,60.0,,1622.0,36.0999984741211,406.0,2028.0,117.0,
2004-06-11,24.0,520.0,60.0,,1674.0,36.0999984741211,419.0,2093.0,117.0,
2004-06-10,24.0,560.0,85.0,,1591.0,36.0999984741211,530.0,2121.0,117.0,
2004-06-09,24.0,600.0,90.0,,1550.0,36.0999984741211,545.0,2095.0,117.0,
2004-06-08,24.0,670.0,95.0,,1613.0,36.0999984741211,482.0,2095.0,117.0,
2004-06-07,24.0,730.0,80.0,,1645.0,36.0999984741211,437.0,2082.0,117.0,
2004-06-06,24.0,750.0,85.0,,1621.0,36.0999984741211,540.0,2161.0,117.0,
2004-06-05,24.0,775.0,90.0,,1588.0,36.0999984741211,558.0,2146.0,117.0,
2004-06-04,24.0,840.0,90.0,,1550.0,36.0999984741211,603.0,2153.0,117.0,
2004-06-03,24.0,860.0,85.0,,1463.0,36.2000007629394,689.0,2152.0,117.0,
2004-06-02,24.0,850.0,85.0,,1517.0,36.2000007629394,650.0,2167.0,117.0,
2004-06-01,24.0,880.0,80.0,,1624.0,36.0999984741211,570.0,2194.0,117.0,
2004-05-31,24.0,930.0,60.0,,1638.0,36.0999984741211,546.0,2184.0,117.0,
2004-05-30,24.0,950.0,60.0,,1641.0,36.2000007629394,576.0,2217.0,117.0,
2004-05-29,24.0,1000.0,60.0,,1689.0,36.2000007629394,563.0,2252.0,117.0,
2004-05-28,24.0,1020.0,70.0,,1596.0,36.0999984741211,684.0,2280.0,117.0,
2004-05-27,24.0,1050.0,70.0,,1604.0,36.0999984741211,687.0,2291.0,117.0,
2004-05-26,24.0,1150.0,60.0,,1772.0,36.0999984741211,560.0,2332.0,117.0,
2004-05-25,24.0,1150.0,60.0,,1913.0,36.0999984741211,572.0,2485.0,117.0,
2004-05-24,24.0,1130.0,70.0,,2015.0,36.0999984741211,636.0,2651.0,117.0,
2004-05-23,24.0,1170.0,80.0,,2086.0,36.0999984741211,659.0,2745.0,117.0,
2004-05-22,10.75,1130.0,100.0,,2032.0,36.0999984741211,560.0,2592.0,117.0,
2004-05-17,19.75,1130.0,70.0,,1063.0,35.7000007629394,266.0,1329.0,117.0,
2004-05-16,7.5,1100.0,160.0,,1116.0,35.7000007629394,279.0,1395.0,117.0,
2004-05-13,24.0,50.0,60.0,,928.0,35.7000007629394,309.0,1237.0,117.0,
2004-05-12,24.0,250.0,75.0,,1693.0,35.7000007629394,565.0,2258.0,117.0,
2004-05-11,24.0,350.0,80.0,,1527.0,35.7999992370606,655.0,2182.0,117.0,
2004-05-10,24.0,560.0,80.0,,1683.0,35.7999992370606,655.0,2338.0,117.0,
2004-05-09,24.0,650.0,80.0,,1716.0,35.7000007629394,701.0,2417.0,117.0,
2004-05-08,24.0,700.0,80.0,,1779.0,35.7999992370606,658.0,2437.0,117.0,
2004-05-07,24.0,750.0,80.0,,1809.0,35.7999992370606,775.0,2584.0,117.0,
2004-05-06,24.0,750.0,95.0,,1896.0,35.7999992370606,812.0,2708.0,117.0,
2004-05-05,24.0,1000.0,80.0,,2125.0,35.7999992370606,786.0,2911.0,117.0,
2004-04-07,8.0,1150.0,100.0,,1289.0,35.7000007629394,430.0,1719.0,117.0,
2004-04-06,7.5,1160.0,50.0,,1514.0,35.7299995422363,473.0,1987.0,117.0,
2004-04-03,8.0,930.0,40.0,,670.0,35.7000007629394,287.0,957.0,117.0,
2004-04-02,24.0,950.0,60.0,,1338.0,35.7000007629394,573.0,1911.0,117.0,
2004-04-01,24.0,980.0,60.0,,1482.0,35.7000007629394,535.0,2017.0,117.0,
2004-03-31,24.0,1020.0,60.0,,1274.0,35.7000007629394,765.0,2039.0,117.0,
2004-03-30,24.0,1050.0,70.0,,1736.0,35.7000007629394,504.0,2240.0,117.0,
2004-03-29,24.0,1080.0,80.0,,1830.0,35.7000007629394,694.0,2524.0,117.0,
2004-03-28,9.25,1100.0,80.0,,2323.0,35.7000007629394,381.0,2704.0,117.0,
2004-03-16,10.0,900.0,80.0,,1346.0,35.7000007629394,449.0,1795.0,117.0,
2004-03-15,24.0,1000.0,70.0,,1654.0,35.5999984741211,467.0,2121.0,117.0,
2004-03-14,24.0,1000.0,70.0,,1883.0,35.7000007629394,562.0,2445.0,117.0,
2004-03-13,10.5,1000.0,90.0,,1769.0,35.7000007629394,373.0,2142.0,117.0,
2004-02-27,15.75,1060.0,40.0,,765.0,34.5999984741211,193.0,958.0,117.0,
2004-02-26,24.0,1100.0,70.0,,1339.0,34.7999992370606,446.0,1785.0,117.0,
2004-02-25,10.25,1130.0,100.0,,1123.0,34.5999984741211,308.0,1431.0,117.0,
2004-02-22,24.0,920.0,70.0,,745.0,35.2999992370606,153.0,898.0,117.0,
2004-02-21,24.0,960.0,60.0,,1150.0,35.2999992370606,373.0,1523.0,117.0,
2004-02-20,24.0,1020.0,70.0,,820.0,35.2999992370606,570.0,1390.0,117.0,
2004-02-18,24.0,1050.0,60.0,,944.0,35.4000015258789,566.0,1510.0,117.0,
2004-02-17,24.0,1050.0,60.0,,1099.0,35.4000015258789,506.0,1605.0,117.0,
2004-02-16,24.0,1100.0,60.0,,1359.0,36.5,453.0,1812.0,117.0,
2004-02-15,24.0,1140.0,60.0,,1290.0,35.5999984741211,477.0,1767.0,117.0,
2004-02-14,24.0,1140.0,60.0,,1390.0,35.5999984741211,568.0,1958.0,117.0,
2004-02-13,8.25,1150.0,60.0,,1328.0,35.5999984741211,435.0,1763.0,117.0,
2004-02-08,24.0,1000.0,60.0,,947.0,36.5,283.0,1230.0,117.0,
2004-02-07,24.0,1000.0,80.0,,1359.0,36.5999984741211,477.0,1836.0,117.0,
2004-02-06,24.0,1000.0,60.0,,1402.0,36.5,493.0,1895.0,117.0,
2004-02-04,24.0,1000.0,90.0,,1468.0,36.5,571.0,2039.0,117.0,
2004-02-03,24.0,1010.0,90.0,,1624.0,36.5,631.0,2255.0,117.0,
2004-01-29,24.0,1000.0,50.0,,1306.0,34.7000007629394,327.0,1633.0,117.0,
2004-01-28,24.0,1000.0,60.0,,1744.0,34.7000007629394,662.0,2406.0,117.0,
2004-01-27,24.0,1000.0,70.0,,1839.0,34.7999992370606,663.0,2502.0,117.0,
2004-01-26,24.0,1000.0,70.0,,1896.0,34.7999992370606,666.0,2562.0,117.0,
2004-01-25,24.0,1000.0,90.0,,2137.0,34.7999992370606,534.0,2671.0,117.0,
2004-01-24,24.0,1000.0,80.0,,2305.0,34.7999992370606,650.0,2955.0,117.0,
2004-01-23,24.0,1000.0,80.0,,2603.0,35.0,537.0,3140.0,117.0,
2004-01-22,13.0,1000.0,100.0,,2920.0,35.0,285.0,3205.0,117.0,
2003-08-17,24.0,585.0,130.0,,1618.0,34.2000007629394,539.0,2157.0,117.0,
2003-08-16,24.0,565.0,130.0,,1567.0,34.2000007629394,609.0,2176.0,117.0,
2003-08-15,24.0,585.0,120.0,,1687.0,34.2000007629394,521.0,2208.0,117.0,
2003-08-14,24.0,590.0,140.0,,1762.0,34.2000007629394,440.0,2202.0,117.0,
2003-08-13,24.0,600.0,140.0,,1667.0,34.2000007629394,556.0,2223.0,117.0,
2003-08-12,24.0,600.0,140.0,,1714.0,34.2000007629394,506.0,2220.0,117.0,
2003-08-11,24.0,600.0,140.0,,1600.0,34.2000007629394,622.0,2222.0,117.0,
2003-08-10,24.0,600.0,140.0,,1689.0,34.2000007629394,563.0,2252.0,117.0,
2003-08-09,24.0,600.0,140.0,,1652.0,34.2000007629394,611.0,2263.0,117.0,
2003-08-08,24.0,600.0,140.0,,1739.0,34.2000007629394,520.0,2259.0,117.0,
2003-08-07,24.0,600.0,140.0,,1730.0,34.2000007629394,532.0,2262.0,117.0,
2003-08-06,24.0,600.0,140.0,,1759.0,34.2000007629394,514.0,2273.0,117.0,
2003-08-05,24.0,600.0,140.0,,1709.0,34.2000007629394,570.0,2279.0,117.0,
2003-08-04,24.0,610.0,140.0,,1753.0,34.2000007629394,533.0,2286.0,117.0,
2003-08-03,24.0,610.0,160.0,,1756.0,34.2000007629394,554.0,2310.0,117.0,
2003-08-02,24.0,610.0,160.0,,1852.0,34.0999984741211,481.0,2333.0,117.0,
2003-08-01,24.0,610.0,160.0,,1785.0,34.2000007629394,564.0,2349.0,117.0,
2003-07-31,24.0,640.0,140.0,,1816.0,34.0999984741211,527.0,2343.0,117.0,
2003-07-30,24.0,620.0,140.0,,1874.0,34.2000007629394,469.0,2343.0,117.0,
2003-07-29,24.0,625.0,140.0,,1948.0,34.0,428.0,2376.0,117.0,
2003-07-28,24.0,640.0,140.0,,1771.0,34.2000007629394,590.0,2361.0,117.0,
2003-07-27,24.0,640.0,120.0,,1803.0,34.0,570.0,2373.0,117.0,
2003-07-26,24.0,640.0,140.0,,1829.0,34.0,546.0,2375.0,117.0,
2003-07-25,24.0,640.0,140.0,,1804.0,34.2000007629394,570.0,2374.0,117.0,
2003-07-24,24.0,640.0,140.0,,1851.0,34.0999984741211,553.0,2404.0,117.0,
2003-07-23,24.0,650.0,140.0,,1895.0,34.0999984741211,513.0,2408.0,117.0,
2003-07-22,24.0,650.0,140.0,,1912.0,34.0,539.0,2451.0,117.0,
2003-07-21,24.0,650.0,140.0,,1944.0,34.0,486.0,2430.0,117.0,
2003-07-20,24.0,650.0,140.0,,1947.0,34.0,517.0,2464.0,117.0,
2003-07-19,24.0,660.0,140.0,,1965.0,34.0,522.0,2487.0,117.0,
2003-07-18,24.0,660.0,140.0,,1944.0,34.2000007629394,548.0,2492.0,117.0,
2003-07-17,24.0,660.0,140.0,,1937.0,34.0,578.0,2515.0,117.0,
2003-07-16,24.0,650.0,140.0,,1970.0,34.0999984741211,572.0,2542.0,117.0,
2003-07-15,24.0,680.0,155.0,,1818.0,34.0999984741211,543.0,2361.0,117.0,
2003-07-14,24.0,670.0,160.0,,1909.0,34.2000007629394,539.0,2448.0,117.0,
2003-07-13,24.0,670.0,150.0,,1972.0,34.0999984741211,550.0,2522.0,117.0,
2003-07-12,24.0,670.0,150.0,,2017.0,34.0999984741211,536.0,2553.0,117.0,
2003-07-11,24.0,670.0,140.0,,2068.0,34.2000007629394,517.0,2585.0,117.0,
2003-07-10,24.0,680.0,140.0,,2047.0,34.0999984741211,528.0,2575.0,117.0,
2003-07-09,24.0,700.0,130.0,,2026.0,34.2000007629394,548.0,2574.0,117.0,
2003-07-08,24.0,700.0,130.0,,2062.0,34.0999984741211,548.0,2610.0,117.0,
2003-07-07,24.0,700.0,130.0,,2078.0,34.0,553.0,2631.0,117.0,
2003-07-06,24.0,700.0,130.0,,2082.0,34.0999984741211,553.0,2635.0,117.0,
2003-07-05,24.0,700.0,130.0,,2101.0,34.2000007629394,558.0,2659.0,117.0,
2003-07-04,24.0,700.0,130.0,,2096.0,34.0999984741211,557.0,2653.0,117.0,
2003-07-03,24.0,700.0,130.0,,2118.0,34.2000007629394,563.0,2681.0,117.0,
2003-07-02,24.0,700.0,140.0,,2116.0,34.2000007629394,562.0,2678.0,117.0,
2003-07-01,24.0,700.0,140.0,,2044.0,34.2000007629394,646.0,2690.0,117.0,
2003-06-30,24.0,720.0,140.0,,2134.0,34.2000007629394,602.0,2736.0,117.0,
2003-06-29,24.0,720.0,140.0,,2190.0,34.2000007629394,582.0,2772.0,117.0,
2003-06-28,24.0,720.0,140.0,,2068.0,34.2000007629394,566.0,2634.0,117.0,
2003-06-27,24.0,720.0,140.0,,2172.0,34.0299987792969,543.0,2715.0,117.0,
2003-06-26,24.0,720.0,140.0,,2091.0,34.0999984741211,624.0,2715.0,117.0,
2003-06-25,24.0,720.0,140.0,,2155.0,34.2000007629394,590.0,2745.0,117.0,
2003-06-24,24.0,720.0,140.0,,2199.0,34.0,550.0,2749.0,117.0,
2003-06-23,24.0,730.0,140.0,,2113.0,34.2000007629394,667.0,2780.0,117.0,
2003-06-22,24.0,730.0,150.0,,2215.0,34.2000007629394,554.0,2769.0,117.0,
2003-06-21,24.0,730.0,160.0,,2112.0,34.2000007629394,704.0,2816.0,117.0,
2003-06-20,24.0,780.0,170.0,,2229.0,34.0999984741211,592.0,2821.0,117.0,
2003-06-19,24.0,780.0,170.0,,2218.0,34.2000007629394,662.0,2880.0,117.0,
2003-06-18,24.0,780.0,170.0,,2304.0,34.0,612.0,2916.0,117.0,
2003-06-17,24.0,780.0,200.0,,2326.0,34.2000007629394,618.0,2944.0,117.0,
2003-06-16,24.0,780.0,200.0,,2255.0,34.0,693.0,2948.0,117.0,
2003-06-15,24.0,780.0,200.0,,2370.0,34.2000007629394,668.0,3038.0,117.0,
2003-06-14,24.0,780.0,200.0,,2335.0,34.2000007629394,658.0,2993.0,117.0,
2003-06-13,24.0,780.0,200.0,,2333.0,34.0999984741211,697.0,3030.0,117.0,
2003-06-12,24.0,800.0,200.0,,2407.0,34.0999984741211,679.0,3086.0,117.0,
2003-06-11,24.0,800.0,200.0,,2408.0,34.2000007629394,719.0,3127.0,117.0,
2003-06-10,24.0,820.0,200.0,,2395.0,34.2000007629394,798.0,3193.0,117.0,
2003-06-09,24.0,840.0,200.0,,2609.0,34.2000007629394,652.0,3261.0,117.0,
2003-06-08,24.0,840.0,200.0,,2295.0,34.0999984741211,984.0,3279.0,117.0,
2003-06-07,24.0,860.0,200.0,,2553.0,34.0,851.0,3404.0,117.0,
2003-06-06,24.0,890.0,200.0,,2807.0,34.0,702.0,3509.0,117.0,
2003-06-05,24.0,925.0,200.0,,2691.0,34.0999984741211,897.0,3588.0,117.0,
2003-06-04,24.0,925.0,200.0,,2732.0,34.0999984741211,911.0,3643.0,117.0,
2003-06-03,24.0,925.0,135.0,,2465.0,34.0,1056.0,3521.0,117.0,
2003-06-02,24.0,930.0,85.0,,1822.0,34.2000007629394,456.0,2278.0,117.0,
2003-06-01,24.0,950.0,80.0,,1887.0,34.0999984741211,367.0,2254.0,117.0,
2003-05-31,24.0,950.0,80.0,,1802.0,34.0999984741211,395.0,2197.0,117.0,
2003-05-30,24.0,960.0,85.0,,1788.0,34.2000007629394,392.0,2180.0,117.0,
2003-05-29,24.0,980.0,100.0,,1838.0,34.0,404.0,2242.0,117.0,
2003-05-28,24.0,980.0,100.0,,1825.0,34.0,401.0,2226.0,117.0,
2003-05-27,24.0,980.0,100.0,,1838.0,34.2000007629394,403.0,2241.0,117.0,
2003-05-26,24.0,1010.0,100.0,,1838.0,34.0999984741211,403.0,2241.0,117.0,
2003-05-25,24.0,1010.0,100.0,,1853.0,34.0999984741211,407.0,2260.0,117.0,
2003-05-24,24.0,1040.0,100.0,,1819.0,34.0,455.0,2274.0,117.0,
2003-05-23,24.0,1040.0,100.0,,1846.0,34.0,462.0,2308.0,117.0,
2003-05-22,24.0,1040.0,100.0,,1842.0,34.0,460.0,2302.0,117.0,
2003-05-21,24.0,1000.0,100.0,,1718.0,34.2000007629394,668.0,2386.0,117.0,
2003-05-20,24.0,1050.0,100.0,,1950.0,34.2000007629394,512.0,2462.0,117.0,
2003-05-19,24.0,1060.0,100.0,,1961.0,34.2999992370606,654.0,2615.0,117.0,
2003-05-18,15.0,1080.0,100.0,,2252.0,34.2999992370606,348.0,2600.0,117.0,
2003-04-30,20.0,980.0,95.0,,822.0,34.2999992370606,160.0,982.0,117.0,
2003-04-29,24.0,980.0,90.0,,1270.0,34.0999984741211,279.0,1549.0,117.0,
2003-04-28,24.0,1010.0,100.0,,1302.0,34.0,306.0,1608.0,117.0,
2003-04-27,6.0,1010.0,100.0,,1664.0,34.0,420.0,2084.0,117.0,
2003-04-13,24.0,925.0,80.0,,1390.0,34.0,348.0,1738.0,117.0,
2003-04-12,24.0,930.0,80.0,,1451.0,34.2000007629394,386.0,1837.0,117.0,
2003-04-11,24.0,940.0,100.0,,1610.0,34.2000007629394,330.0,1940.0,117.0,
2003-04-10,11.0,940.0,80.0,,552.0,34.2999992370606,184.0,736.0,117.0,
2003-04-05,20.0,890.0,40.0,,1002.0,34.4000015258789,191.0,1193.0,117.0,
2003-04-04,24.0,900.0,90.0,,1423.0,34.2000007629394,312.0,1735.0,117.0,
2003-04-03,24.0,920.0,75.0,,1587.0,34.0999984741211,372.0,1959.0,117.0,
2003-04-02,8.0,920.0,75.0,,1662.0,34.0999984741211,423.0,2085.0,117.0,
2003-03-31,24.0,900.0,80.0,,1499.0,34.5,234.0,1733.0,117.0,
2003-03-30,10.75,920.0,75.0,,585.0,34.2999992370606,135.0,720.0,117.0,
2003-03-29,14.0,900.0,60.0,,596.0,34.0,199.0,795.0,117.0,
2003-03-28,24.0,910.0,60.0,,1575.0,34.0999984741211,256.0,1831.0,117.0,
2003-03-27,24.0,910.0,80.0,,1906.0,33.7999992370606,318.0,2224.0,117.0,
2003-03-26,8.0,940.0,120.0,,2354.0,33.7999992370606,499.0,2853.0,117.0,
2003-03-21,24.0,840.0,75.0,,128.0,34.0,23.0,151.0,117.0,
2003-03-11,14.0,760.0,190.0,,1854.0,34.0999984741211,618.0,2472.0,60.0,
2003-03-10,24.0,760.0,200.0,,2005.0,34.0999984741211,501.0,2506.0,60.0,
2003-03-09,24.0,760.0,190.0,,1904.0,34.4000015258789,635.0,2539.0,60.0,
2003-03-08,24.0,760.0,200.0,,1932.0,34.0999984741211,644.0,2576.0,60.0,
2003-03-07,24.0,760.0,200.0,,1973.0,34.2999992370606,493.0,2466.0,60.0,
2003-03-06,24.0,770.0,200.0,,2068.0,34.2000007629394,517.0,2585.0,60.0,
2003-03-05,24.0,770.0,200.0,,1938.0,34.0,646.0,2584.0,60.0,
2003-03-04,24.0,780.0,200.0,,1968.0,34.0,621.0,2589.0,60.0,
2003-03-03,24.0,790.0,220.0,,2033.0,34.0,508.0,2541.0,60.0,
2003-03-02,24.0,790.0,230.0,,2028.0,34.0,572.0,2600.0,60.0,
2003-03-01,24.0,790.0,240.0,,2000.0,34.2000007629394,632.0,2632.0,60.0,
2003-02-28,24.0,800.0,250.0,,2016.0,34.2000007629394,672.0,2688.0,60.0,
2003-02-27,24.0,820.0,210.0,,2395.0,34.4000015258789,296.0,2691.0,60.0,
2003-02-26,24.0,820.0,210.0,,2064.0,34.2999992370606,617.0,2681.0,60.0,
2003-02-25,24.0,830.0,230.0,,2094.0,34.2000007629394,625.0,2719.0,60.0,
2003-02-24,24.0,830.0,210.0,,2085.0,34.0999984741211,658.0,2743.0,60.0,
2003-02-22,24.0,840.0,230.0,,2152.0,34.2000007629394,680.0,2832.0,60.0,
2003-02-21,24.0,850.0,240.0,,2254.0,34.2000007629394,636.0,2890.0,60.0,
2003-02-20,24.0,850.0,250.0,,2228.0,34.2000007629394,666.0,2894.0,60.0,
2003-02-19,24.0,870.0,240.0,,2332.0,34.5999984741211,583.0,2915.0,60.0,
2003-02-18,24.0,870.0,240.0,,2331.0,34.2999992370606,582.0,2913.0,60.0,
2003-02-17,24.0,880.0,260.0,,2360.0,34.2999992370606,529.0,2889.0,60.0,
2003-02-16,14.0,880.0,260.0,,2212.0,34.5999984741211,737.0,2949.0,60.0,
2003-02-15,24.0,900.0,230.0,,2650.0,34.5,505.0,3155.0,70.0,
2003-02-14,24.0,900.0,230.0,,2630.0,34.4000015258789,501.0,3131.0,70.0,
2003-02-13,3.0,920.0,230.0,,2418.0,32.5999984741211,894.0,3312.0,70.0,
2003-02-12,24.0,900.0,65.0,,1563.0,34.2000007629394,309.0,1872.0,117.0,
2003-02-11,24.0,900.0,65.0,,1610.0,34.2000007629394,318.0,1928.0,117.0,
2003-02-10,24.0,900.0,65.0,,1585.0,34.2000007629394,313.0,1898.0,117.0,
2003-02-09,24.0,910.0,60.0,,1679.0,34.2000007629394,296.0,1975.0,117.0,
2003-02-08,24.0,910.0,60.0,,1620.0,34.2999992370606,320.0,1940.0,117.0,
2003-02-06,24.0,920.0,60.0,,1605.0,34.2999992370606,352.0,1957.0,117.0,
2003-02-05,24.0,940.0,75.0,,1509.0,34.5999984741211,425.0,1934.0,117.0,
2003-02-04,24.0,920.0,60.0,,1486.0,34.5,495.0,1981.0,117.0,
2003-02-03,24.0,950.0,60.0,,1587.0,34.5,422.0,2009.0,117.0,
2003-02-02,24.0,960.0,70.0,,1678.0,34.5999984741211,420.0,2098.0,117.0,
2003-02-01,6.0,950.0,60.0,,1865.0,34.5999984741211,311.0,2176.0,117.0,
2003-01-27,24.0,900.0,250.0,,1888.0,34.2000007629394,532.0,2420.0,60.0,
2003-01-26,24.0,920.0,250.0,,2175.0,34.0999984741211,804.0,2979.0,60.0,
2003-01-25,24.0,920.0,250.0,,2256.0,34.2000007629394,752.0,3008.0,60.0,
2003-01-24,24.0,920.0,250.0,,2779.0,34.0999984741211,491.0,3270.0,60.0,
2003-01-23,24.0,940.0,280.0,,2796.0,34.0999984741211,932.0,3728.0,60.0,
2003-01-22,12.0,900.0,350.0,,2974.0,34.0,744.0,3718.0,60.0,
2003-01-21,24.0,800.0,80.0,,1630.0,34.2000007629394,407.0,2037.0,117.0,
2003-01-20,24.0,800.0,70.0,,1658.0,34.0,364.0,2022.0,117.0,
2003-01-19,24.0,820.0,80.0,,1657.0,34.2000007629394,376.0,2033.0,117.0,
2003-01-18,24.0,820.0,80.0,,1629.0,34.2999992370606,407.0,2036.0,117.0,
2003-01-17,24.0,840.0,95.0,,1664.0,34.2000007629394,365.0,2029.0,117.0,
2003-01-16,24.0,840.0,100.0,,1698.0,34.0,335.0,2033.0,117.0,
2003-01-15,24.0,840.0,100.0,,1706.0,34.0999984741211,349.0,2055.0,117.0,
2003-01-14,24.0,850.0,100.0,,1238.0,34.2000007629394,310.0,1548.0,117.0,
2003-01-13,24.0,850.0,90.0,,1454.0,34.2000007629394,410.0,1864.0,117.0,
2003-01-12,24.0,850.0,90.0,,1485.0,34.2000007629394,348.0,1833.0,117.0,
2003-01-11,24.0,860.0,60.0,,1504.0,34.2999992370606,319.0,1823.0,117.0,
2003-01-10,24.0,860.0,60.0,,1452.0,34.2000007629394,363.0,1815.0,117.0,
2003-01-09,24.0,860.0,60.0,,1436.0,34.4000015258789,359.0,1795.0,117.0,
2003-01-08,24.0,860.0,50.0,,1526.0,34.2999992370606,313.0,1839.0,117.0,
2003-01-07,24.0,850.0,50.0,,1341.0,34.2999992370606,423.0,1764.0,117.0,
2003-01-06,24.0,850.0,80.0,,1195.0,34.0999984741211,262.0,1457.0,70.0,
2003-01-05,24.0,950.0,250.0,,2957.0,3.20000004768372,522.0,3479.0,70.0,
2003-01-04,24.0,960.0,260.0,,2695.0,34.2999992370606,851.0,3546.0,70.0,
2003-01-03,24.0,975.0,275.0,,2751.0,34.0,869.0,3620.0,70.0,
2003-01-02,24.0,1000.0,260.0,,2839.0,34.2000007629394,848.0,3687.0,70.0,
2003-01-01,24.0,1000.0,260.0,,3028.0,34.2000007629394,757.0,3785.0,70.0,
2002-12-31,24.0,900.0,280.0,,2985.0,34.0999984741211,892.0,3877.0,70.0,
2002-12-30,16.0,670.0,310.0,,3122.0,34.0,933.0,4055.0,70.0,
2002-12-29,24.0,660.0,100.0,,1859.0,34.0,465.0,2324.0,85.0,
2002-12-28,24.0,660.0,100.0,,1986.0,34.2000007629394,528.0,2514.0,85.0,
2002-12-27,24.0,420.0,110.0,,2092.0,34.0999984741211,523.0,2615.0,85.0,
2002-12-26,24.0,420.0,120.0,,2093.0,34.5,556.0,2649.0,85.0,
2002-12-25,24.0,670.0,120.0,,2079.0,34.0999984741211,586.0,2665.0,85.0,
2002-12-24,24.0,660.0,70.0,,1983.0,34.2000007629394,697.0,2680.0,85.0,
2002-12-23,24.0,650.0,120.0,,2177.0,34.2000007629394,544.0,2721.0,85.0,
2002-12-22,24.0,680.0,110.0,,2137.0,34.7000007629394,621.0,2758.0,85.0,
2002-12-21,24.0,680.0,110.0,,2244.0,34.7000007629394,543.0,2787.0,85.0,
2002-12-20,24.0,680.0,110.0,,2217.0,34.7000007629394,589.0,2806.0,85.0,
2002-12-19,24.0,690.0,100.0,,2219.0,34.7000007629394,626.0,2845.0,85.0,
2002-12-18,24.0,690.0,100.0,,2246.0,34.5999984741211,633.0,2879.0,85.0,
2002-12-17,24.0,700.0,110.0,,2311.0,34.5999984741211,578.0,2889.0,85.0,
2002-12-16,24.0,700.0,110.0,,2344.0,34.5,583.0,2927.0,85.0,
2002-12-15,24.0,700.0,100.0,,2219.0,34.4000015258789,740.0,2959.0,85.0,
2002-12-14,24.0,710.0,110.0,,2271.0,34.5,679.0,2950.0,85.0,
2002-12-13,24.0,710.0,110.0,,2240.0,34.7000007629394,747.0,2987.0,85.0,
2002-12-12,24.0,725.0,115.0,,2241.0,34.7000007629394,788.0,3029.0,85.0,
2002-12-10,24.0,740.0,120.0,,2378.0,34.5999984741211,793.0,3171.0,85.0,
2002-12-09,24.0,740.0,120.0,,2408.0,34.5,846.0,3254.0,85.0,
2002-12-08,10.0,750.0,120.0,,2488.0,34.2999992370606,829.0,3317.0,85.0,
2002-12-07,10.0,760.0,120.0,,2717.0,34.7999992370606,955.0,3672.0,100.0,
2002-12-06,7.0,780.0,120.0,,3214.0,35.0,808.0,4022.0,110.0,
2002-12-05,9.0,800.0,150.0,,3833.0,34.2000007629394,759.0,4592.0,117.0,
2002-09-20,14.5,770.0,20.0,,94.0,34.0,34.0,128.0,117.0,
2002-09-19,24.0,840.0,80.0,,1422.0,34.0999984741211,425.0,1847.0,117.0,
2002-09-18,24.0,1000.0,200.0,,3154.0,34.0,942.0,4096.0,117.0,
2002-09-17,24.0,1000.0,70.0,,1906.0,34.0,418.0,2324.0,117.0,
2002-09-16,24.0,1000.0,70.0,,2020.0,34.2999992370606,474.0,2494.0,117.0,
2002-09-15,24.0,1000.0,90.0,,1829.0,34.0999984741211,546.0,2375.0,117.0,
2002-09-14,24.0,1000.0,80.0,,1913.0,34.0,478.0,2391.0,117.0,
2002-09-13,24.0,730.0,75.0,,1966.0,34.0999984741211,492.0,2458.0,117.0,
2002-09-12,24.0,730.0,80.0,,2185.0,34.2999992370606,516.0,2701.0,117.0,
2002-09-11,24.0,730.0,80.0,,2134.0,34.0999984741211,485.0,2619.0,117.0,
2002-09-10,24.0,730.0,80.0,,2347.0,34.0999984741211,351.0,2698.0,117.0,
2002-09-09,24.0,730.0,60.0,,2401.0,34.0999984741211,417.0,2818.0,117.0,
2002-09-08,24.0,735.0,60.0,,2280.0,34.0999984741211,311.0,2591.0,117.0,
2002-09-07,12.0,735.0,60.0,,2116.0,34.0999984741211,374.0,2490.0,117.0,
2002-09-04,8.0,880.0,80.0,,1828.0,34.0,401.0,2229.0,117.0,
2002-08-23,24.0,85.0,70.0,,841.0,34.0,289.0,1130.0,117.0,
2002-08-22,24.0,90.0,70.0,,998.0,34.0999984741211,282.0,1280.0,117.0,
2002-08-21,24.0,110.0,75.0,,853.0,34.0999984741211,284.0,1137.0,117.0,
2002-08-20,24.0,120.0,70.0,,1217.0,34.0999984741211,406.0,1623.0,117.0,
2002-08-19,24.0,110.0,75.0,,1230.0,34.0999984741211,432.0,1662.0,117.0,
2002-08-18,24.0,120.0,70.0,,1179.0,34.0999984741211,393.0,1572.0,117.0,
2002-08-17,24.0,110.0,75.0,,1184.0,34.0,461.0,1645.0,117.0,
2002-08-16,24.0,110.0,70.0,,1262.0,34.0999984741211,398.0,1660.0,117.0,
2002-08-15,23.75,130.0,70.0,,1233.0,34.2000007629394,456.0,1689.0,117.0,
2002-08-14,24.0,130.0,70.0,,1349.0,34.0999984741211,474.0,1823.0,117.0,
2002-08-13,24.0,130.0,70.0,,1365.0,34.0999984741211,455.0,1820.0,117.0,
2002-08-12,24.0,130.0,70.0,,1395.0,34.2000007629394,394.0,1789.0,117.0,
2002-08-11,24.0,130.0,70.0,,1260.0,34.0999984741211,540.0,1800.0,117.0,
2002-08-10,24.0,115.0,70.0,,1407.0,34.4000015258789,397.0,1804.0,117.0,
2002-08-09,24.0,110.0,70.0,,1323.0,34.2000007629394,441.0,1764.0,117.0,
2002-08-08,24.0,120.0,70.0,,1346.0,34.0999984741211,448.0,1794.0,117.0,
2002-08-07,24.0,130.0,70.0,,1378.0,34.2000007629394,345.0,1723.0,117.0,
2002-08-06,24.0,130.0,70.0,,1454.0,34.2000007629394,341.0,1795.0,117.0,
2002-08-05,24.0,120.0,70.0,,1409.0,34.0999984741211,374.0,1783.0,117.0,
2002-08-04,24.0,120.0,70.0,,1391.0,34.0999984741211,365.0,1756.0,117.0,
2002-08-03,24.0,120.0,65.0,,1309.0,34.0,384.0,1693.0,117.0,
2002-08-02,24.0,110.0,60.0,,1227.0,34.2000007629394,425.0,1652.0,117.0,
2002-08-01,24.0,120.0,75.0,,1161.0,34.2000007629394,498.0,1659.0,117.0,
2002-07-31,24.0,120.0,80.0,,1076.0,34.2000007629394,580.0,1656.0,117.0,
2002-07-30,24.0,130.0,70.0,,1126.0,34.2000007629394,482.0,1608.0,117.0,
2002-07-29,24.0,120.0,80.0,,1242.0,34.0999984741211,459.0,1701.0,117.0,
2002-07-28,24.0,120.0,70.0,,1256.0,34.0,488.0,1744.0,117.0,
2002-07-27,24.0,115.0,70.0,,1251.0,34.0999984741211,487.0,1738.0,117.0,
2002-07-26,24.0,115.0,70.0,,1307.0,34.2000007629394,459.0,1766.0,117.0,
2002-07-25,24.0,115.0,70.0,,1349.0,33.9000015258789,403.0,1752.0,117.0,
2002-07-24,24.0,115.0,70.0,,1377.0,34.2999992370606,389.0,1766.0,117.0,
2002-07-23,24.0,115.0,70.0,,1395.0,34.0,465.0,1860.0,117.0,
2002-07-22,24.0,115.0,70.0,,1257.0,34.2000007629394,565.0,1822.0,117.0,
2002-07-21,24.0,115.0,70.0,,1361.0,33.7999992370606,504.0,1865.0,117.0,
2002-07-20,24.0,110.0,70.0,,1396.0,34.0,465.0,1861.0,117.0,
2002-07-19,24.0,110.0,70.0,,1395.0,34.2299995422363,598.0,1993.0,117.0,
2002-07-18,24.0,110.0,50.0,,1264.0,34.0999984741211,681.0,1945.0,117.0,
2002-07-17,24.0,120.0,80.0,,1667.0,34.0,777.0,2444.0,117.0,
2002-07-16,24.0,70.0,100.0,,1288.0,34.2000007629394,531.0,1819.0,117.0,
2002-07-01,24.0,640.0,50.0,,741.0,34.0,152.0,893.0,117.0,
2002-06-30,24.0,640.0,90.0,,883.0,34.0999984741211,249.0,1132.0,117.0,
2002-06-29,24.0,650.0,60.0,,847.0,34.0999984741211,330.0,1177.0,117.0,
2002-06-28,24.0,580.0,70.0,,744.0,34.0,226.0,970.0,117.0,
2002-06-27,24.0,630.0,80.0,,677.0,34.0,202.0,879.0,117.0,
2002-06-26,24.0,665.0,70.0,,787.0,34.0,262.0,1049.0,117.0,
2002-06-25,24.0,670.0,50.0,,725.0,34.0999984741211,205.0,930.0,117.0,
2002-06-24,24.0,720.0,70.0,,733.0,34.0999984741211,245.0,978.0,117.0,
2002-06-23,24.0,720.0,70.0,,825.0,34.0,261.0,1086.0,117.0,
2002-06-22,24.0,720.0,70.0,,834.0,34.0,263.0,1097.0,117.0,
2002-06-21,24.0,720.0,80.0,,850.0,34.0999984741211,299.0,1149.0,117.0,
2002-06-20,24.0,730.0,80.0,,764.0,34.0999984741211,269.0,1033.0,117.0,
2002-06-19,24.0,720.0,65.0,,982.0,34.2999992370606,245.0,1227.0,117.0,
2002-06-18,24.0,720.0,70.0,,807.0,34.2999992370606,346.0,1153.0,117.0,
2002-06-17,24.0,700.0,50.0,,775.0,34.2999992370606,301.0,1076.0,117.0,
2002-06-16,24.0,670.0,85.0,,642.0,34.2000007629394,132.0,774.0,117.0,
2002-06-15,24.0,670.0,60.0,,535.0,34.2000007629394,235.0,770.0,117.0,
2002-06-14,24.0,700.0,60.0,,503.0,34.2000007629394,226.0,729.0,117.0,
2002-06-13,24.0,700.0,60.0,,640.0,34.2000007629394,283.0,923.0,117.0,
2002-06-12,24.0,710.0,80.0,,898.0,34.2000007629394,332.0,1230.0,117.0,
2002-06-11,24.0,710.0,80.0,,755.0,34.0999984741211,324.0,1079.0,117.0,
2002-06-10,24.0,710.0,80.0,,724.0,34.0,357.0,1081.0,117.0,
2002-06-09,24.0,700.0,75.0,,734.0,34.0,346.0,1080.0,117.0,
2002-06-08,24.0,700.0,75.0,,669.0,34.0999984741211,345.0,1014.0,117.0,
2002-06-07,24.0,740.0,75.0,,858.0,34.2000007629394,368.0,1226.0,117.0,
2002-06-06,24.0,745.0,70.0,,840.0,34.0999984741211,472.0,1312.0,117.0,
2002-06-05,24.0,745.0,70.0,,890.0,34.0,369.0,1259.0,117.0,
2002-06-04,24.0,745.0,70.0,,770.0,34.2000007629394,326.0,1096.0,117.0,
2002-06-03,24.0,790.0,70.0,,736.0,34.2000007629394,346.0,1082.0,117.0,
2002-06-02,24.0,780.0,80.0,,851.0,34.0,361.0,1212.0,117.0,
2002-05-31,24.0,800.0,55.0,,887.0,34.0999984741211,328.0,1215.0,117.0,
2002-05-30,24.0,840.0,60.0,,810.0,34.0999984741211,307.0,1117.0,117.0,
2002-05-29,24.0,840.0,60.0,,1243.0,34.0999984741211,481.0,1724.0,117.0,
2002-05-28,24.0,840.0,60.0,,1246.0,34.0999984741211,501.0,1747.0,117.0,
2002-05-27,24.0,840.0,60.0,,1333.0,34.0999984741211,506.0,1839.0,117.0,
2002-05-26,24.0,840.0,65.0,,1512.0,34.0999984741211,504.0,2016.0,117.0,
2002-05-25,24.0,850.0,65.0,,1760.0,34.0,550.0,2310.0,117.0,
2002-05-24,24.0,850.0,70.0,,2122.0,34.0,472.0,2594.0,117.0,
2002-05-23,6.0,840.0,70.0,,1994.0,34.2000007629394,501.0,2495.0,117.0,
2002-02-24,24.0,30.0,220.0,,1603.0,34.0999984741211,452.0,2055.0,55.0,
2002-02-23,24.0,25.0,230.0,,1559.0,33.9000015258789,466.0,2025.0,55.0,
2002-02-22,24.0,30.0,225.0,,1510.0,34.0999984741211,530.0,2040.0,55.0,
2002-02-21,24.0,30.0,225.0,,1571.0,33.0999984741211,524.0,2095.0,55.0,
2002-02-20,24.0,30.0,225.0,,1647.0,33.2000007629394,464.0,2111.0,55.0,
2002-02-19,24.0,30.0,225.0,,1564.0,33.2000007629394,521.0,2085.0,55.0,
2002-02-18,24.0,30.0,230.0,,1684.0,33.5999984741211,448.0,2132.0,55.0,
2002-02-17,24.0,30.0,225.0,,1661.0,33.2000007629394,415.0,2076.0,55.0,
2002-02-16,24.0,30.0,230.0,,1626.0,34.0,459.0,2085.0,55.0,
2002-02-15,24.0,30.0,230.0,,1644.0,33.5,429.0,2073.0,55.0,
2002-02-14,24.0,35.0,230.0,,1648.0,33.7999992370606,465.0,2113.0,55.0,
2002-02-13,24.0,30.0,225.0,,1680.0,33.5,420.0,2100.0,55.0,
2002-02-12,24.0,30.0,225.0,,1763.0,34.0,387.0,2150.0,55.0,
2002-02-11,24.0,30.0,235.0,,1637.0,33.7999992370606,508.0,2145.0,55.0,
2002-02-10,24.0,30.0,240.0,,1722.0,34.0999984741211,430.0,2152.0,55.0,
2002-02-09,24.0,30.0,235.0,,1736.0,34.2999992370606,434.0,2170.0,55.0,
2002-02-08,24.0,30.0,240.0,,1722.0,34.2000007629394,431.0,2153.0,55.0,
2002-02-07,24.0,30.0,240.0,,1722.0,34.2999992370606,431.0,2153.0,55.0,
2002-02-06,24.0,30.0,240.0,,1694.0,34.2000007629394,450.0,2144.0,55.0,
2002-02-05,18.0,30.0,235.0,,1796.0,34.2000007629394,449.0,2245.0,55.0,
2002-02-04,24.0,30.0,235.0,,1713.0,34.2000007629394,428.0,2141.0,55.0,
2002-02-03,24.0,30.0,240.0,,1669.0,34.2000007629394,498.0,2167.0,55.0,
2002-02-02,24.0,30.0,240.0,,1660.0,34.4000015258789,496.0,2156.0,55.0,
2002-02-01,24.0,30.0,240.0,,1756.0,34.2999992370606,439.0,2195.0,55.0,
2002-01-31,24.0,30.0,240.0,,1804.0,34.2000007629394,423.0,2227.0,55.0,
2002-01-30,24.0,30.0,240.0,,1850.0,34.0999984741211,406.0,2256.0,55.0,
2002-01-29,24.0,30.0,240.0,,1789.0,34.4000015258789,476.0,2265.0,55.0,
2002-01-28,24.0,30.0,240.0,,1879.0,34.0999984741211,412.0,2291.0,55.0,
2002-01-27,24.0,30.0,240.0,,1875.0,34.0999984741211,411.0,2286.0,55.0,
2002-01-26,24.0,30.0,240.0,,1876.0,34.0999984741211,412.0,2288.0,55.0,
2002-01-25,24.0,30.0,245.0,,1902.0,34.2000007629394,418.0,2320.0,55.0,
2002-01-24,24.0,30.0,250.0,,1816.0,34.2000007629394,483.0,2299.0,55.0,
2002-01-23,24.0,40.0,250.0,,1861.0,34.2000007629394,495.0,2356.0,55.0,
2002-01-22,24.0,40.0,250.0,,1880.0,34.0999984741211,470.0,2350.0,55.0,
2002-01-21,24.0,30.0,255.0,,1833.0,34.2000007629394,517.0,2350.0,55.0,
2002-01-20,24.0,30.0,255.0,,1920.0,34.2000007629394,480.0,2400.0,55.0,
2002-01-19,24.0,30.0,255.0,,2032.0,34.2000007629394,358.0,2390.0,55.0,
2002-01-18,24.0,30.0,255.0,,2048.0,34.2000007629394,361.0,2409.0,55.0,
2002-01-17,24.0,30.0,255.0,,1936.0,34.2000007629394,484.0,2420.0,55.0,
2002-01-16,24.0,30.0,255.0,,1931.0,34.2000007629394,483.0,2414.0,55.0,
2002-01-15,24.0,30.0,255.0,,2028.0,34.2999992370606,385.0,2413.0,55.0,
2002-01-14,24.0,30.0,255.0,,1943.0,34.2999992370606,486.0,2429.0,55.0,
2002-01-13,24.0,30.0,255.0,,1903.0,34.2000007629394,537.0,2440.0,55.0,
2002-01-12,24.0,30.0,255.0,,2057.0,34.2999992370606,392.0,2449.0,55.0,
2002-01-11,24.0,30.0,255.0,,2015.0,34.2999992370606,442.0,2457.0,55.0,
2002-01-10,24.0,30.0,250.0,,2077.0,34.0,396.0,2473.0,55.0,
2002-01-09,24.0,30.0,255.0,,2184.0,34.2000007629394,298.0,2482.0,55.0,
2002-01-08,24.0,30.0,255.0,,1875.0,34.4000015258789,625.0,2500.0,55.0,
2002-01-07,24.0,30.0,255.0,,1894.0,34.0,631.0,2525.0,55.0,
2002-01-06,24.0,30.0,255.0,,1978.0,34.2999992370606,558.0,2536.0,55.0,
2002-01-05,24.0,30.0,255.0,,2082.0,34.0,457.0,2539.0,55.0,
2002-01-04,24.0,30.0,255.0,,2052.0,34.0,513.0,2565.0,55.0,
2002-01-03,24.0,30.0,250.0,,1915.0,34.0,638.0,2553.0,55.0,
2002-01-02,24.0,30.0,250.0,,2046.0,34.0,511.0,2557.0,55.0,
2002-01-01,24.0,30.0,250.0,,2054.0,34.0,514.0,2568.0,55.0,
2001-12-31,24.0,30.0,250.0,,2141.0,34.0,438.0,2579.0,55.0,
2001-12-30,24.0,30.0,250.0,,2063.0,34.0,516.0,2579.0,55.0,
2001-12-29,24.0,30.0,250.0,,2074.0,34.0999984741211,486.0,2560.0,55.0,
2001-12-28,24.0,30.0,250.0,,2124.0,34.2000007629394,416.0,2540.0,55.0,
2001-12-27,24.0,30.0,250.0,,2165.0,34.0,457.0,2622.0,55.0,
2001-12-26,24.0,30.0,250.0,,2148.0,34.4000015258789,471.0,2619.0,55.0,
2001-12-25,24.0,30.0,250.0,,2166.0,34.2999992370606,475.0,2641.0,55.0,
2001-12-24,24.0,30.0,250.0,,2176.0,34.0999984741211,478.0,2654.0,55.0,
2001-12-23,24.0,35.0,250.0,,2215.0,34.0,454.0,2669.0,55.0,
2001-12-22,24.0,35.0,250.0,,2258.0,34.0999984741211,462.0,2720.0,55.0,
2001-12-21,24.0,30.0,250.0,,2296.0,34.0,405.0,2701.0,55.0,
2001-12-20,24.0,40.0,270.0,,2216.0,33.2999992370606,487.0,2703.0,55.0,
2001-12-19,24.0,30.0,280.0,,2234.0,34.0,491.0,2725.0,55.0,
2001-12-18,24.0,30.0,5280.0,,2227.0,34.0,489.0,2716.0,55.0,
2001-12-17,24.0,30.0,5280.0,,2273.0,34.0999984741211,499.0,2772.0,55.0,
2001-12-16,24.0,30.0,5280.0,,2277.0,34.0999984741211,500.0,2777.0,55.0,
2001-12-15,24.0,35.0,265.0,,2214.0,34.0999984741211,554.0,2768.0,55.0,
2001-12-14,24.0,30.0,275.0,,2321.0,34.0999984741211,475.0,2796.0,55.0,
2001-12-13,24.0,30.0,280.0,,2301.0,34.0999984741211,505.0,2806.0,55.0,
2001-12-12,24.0,30.0,290.0,,2382.0,34.0999984741211,454.0,2836.0,55.0,
2001-12-11,24.0,30.0,290.0,,2422.0,34.0999984741211,461.0,2883.0,55.0,
2001-12-10,24.0,40.0,320.0,,2379.0,34.0999984741211,522.0,2901.0,55.0,
2001-12-09,24.0,40.0,320.0,,2346.0,34.0999984741211,586.0,2932.0,55.0,
2001-12-08,24.0,40.0,320.0,,2373.0,34.0,593.0,2966.0,55.0,
2001-12-07,24.0,30.0,320.0,,2453.0,33.7999992370606,539.0,2992.0,55.0,
2001-12-06,24.0,40.0,320.0,,2461.0,34.0999984741211,566.0,3027.0,55.0,
2001-12-05,24.0,40.0,320.0,,2523.0,34.0,554.0,3077.0,55.0,
2001-12-04,24.0,40.0,320.0,,2524.0,33.7999992370606,581.0,3105.0,55.0,
2001-12-03,24.0,30.0,310.0,,2594.0,34.0,569.0,3163.0,55.0,
2001-12-02,12.0,30.0,290.0,,2727.0,33.2000007629394,559.0,3286.0,55.0,
2001-12-01,10.0,30.0,280.0,,2736.0,34.0,600.0,3336.0,60.0,
2001-11-30,24.0,40.0,280.0,,3044.0,33.5,632.0,3676.0,65.0,
2001-11-29,24.0,40.0,290.0,,2652.0,33.5999984741211,524.0,3176.0,65.0,
2001-11-28,24.0,40.0,120.0,,1929.0,33.7999992370606,387.0,2316.0,45.0,
2001-11-27,12.0,40.0,300.0,,2465.0,34.0999984741211,509.0,2974.0,45.0,
2001-11-26,24.0,40.0,320.0,,2684.0,34.2000007629394,566.0,3250.0,50.0,
2001-11-10,24.0,50.0,55.0,,515.0,33.7999992370606,45.0,560.0,37.0,
2001-11-09,24.0,40.0,100.0,,1013.0,33.0,88.0,1101.0,37.0,
2001-11-08,24.0,40.0,140.0,,1264.0,33.4000015258789,278.0,1542.0,37.0,
2001-11-07,24.0,40.0,140.0,,1152.0,33.5999984741211,253.0,1405.0,37.0,
2001-11-06,24.0,0.0,140.0,,1151.0,33.7000007629394,248.0,1399.0,37.0,
2001-11-05,24.0,50.0,300.0,,1397.0,34.0999984741211,336.0,1733.0,37.0,
2001-11-04,24.0,50.0,320.0,,1643.0,34.0999984741211,385.0,2028.0,37.0,
2001-11-03,24.0,50.0,330.0,,1696.0,34.0,372.0,2068.0,37.0,
2001-11-02,24.0,50.0,345.0,,1740.0,34.0,435.0,2175.0,37.0,
2001-11-01,24.0,50.0,340.0,,1818.0,34.0,334.0,2152.0,37.0,
2001-10-31,24.0,50.0,345.0,,1834.0,34.0,402.0,2236.0,37.0,
2001-10-30,24.0,45.0,365.0,,1876.0,34.0,357.0,2233.0,37.0,
2001-10-29,24.0,50.0,360.0,,1852.0,34.0,435.0,2287.0,37.0,
2001-10-28,24.0,50.0,370.0,,1910.0,34.0,419.0,2329.0,37.0,
2001-10-26,24.0,50.0,375.0,,1908.0,34.2000007629394,447.0,2355.0,37.0,
2001-10-25,24.0,50.0,400.0,,1994.0,34.0,380.0,2374.0,37.0,
2001-10-24,24.0,50.0,400.0,,1965.0,34.2000007629394,403.0,2368.0,37.0,
2001-10-23,24.0,50.0,400.0,,1959.0,34.5,430.0,2389.0,37.0,
2001-10-21,24.0,50.0,420.0,,2011.0,33.4000015258789,442.0,2453.0,37.0,
2001-10-20,24.0,50.0,410.0,,2019.0,33.4000015258789,473.0,2492.0,37.0,
2001-10-19,24.0,50.0,400.0,,2052.0,33.4000015258789,420.0,2472.0,37.0,
2001-10-18,24.0,50.0,375.0,,2132.0,33.5999984741211,291.0,2423.0,37.0,
2001-10-17,24.0,50.0,390.0,,2066.0,33.5,365.0,2431.0,37.0,
2001-10-16,24.0,50.0,390.0,,1986.0,33.7000007629394,436.0,2422.0,37.0,
2001-10-15,24.0,50.0,410.0,,1946.0,33.2999992370606,486.0,2432.0,37.0,
2001-10-14,24.0,45.0,425.0,,2118.0,33.7000007629394,374.0,2492.0,37.0,
2001-10-13,24.0,45.0,425.0,,2166.0,33.5999984741211,353.0,2519.0,37.0,
2001-10-12,12.0,50.0,425.0,,2248.0,33.4000015258789,307.0,2555.0,37.0,
2001-10-10,12.0,50.0,450.0,,1955.0,33.4000015258789,345.0,2300.0,37.0,
2001-10-07,24.0,50.0,475.0,,2140.0,33.7000007629394,378.0,2518.0,37.0,
2001-10-06,24.0,50.0,475.0,,2152.0,33.7000007629394,380.0,2532.0,37.0,
2001-10-05,24.0,50.0,425.0,,2359.0,33.5,449.0,2808.0,37.0,
2001-10-04,24.0,50.0,455.0,,2364.0,33.5999984741211,450.0,2814.0,40.0,
2001-10-03,24.0,50.0,235.0,,1698.0,33.7000007629394,324.0,2022.0,50.0,
2001-10-02,24.0,50.0,225.0,,1324.0,33.5,215.0,1539.0,50.0,
2001-10-01,24.0,45.0,220.0,,1208.0,33.7999992370606,302.0,1510.0,45.0,
2001-09-30,24.0,50.0,225.0,,1363.0,33.5999984741211,309.0,1672.0,45.0,
2001-09-29,24.0,50.0,225.0,,1385.0,33.7999992370606,346.0,1731.0,45.0,
2001-09-28,24.0,50.0,225.0,,1392.0,34.0999984741211,306.0,1698.0,45.0,
2001-09-27,8.0,50.0,230.0,,1285.0,34.0,551.0,1836.0,45.0,
2001-09-26,12.0,50.0,220.0,,1520.0,33.9000015258789,651.0,2171.0,50.0,
2001-09-25,12.0,50.0,220.0,,1336.0,34.2000007629394,572.0,1908.0,50.0,
2001-09-11,24.0,40.0,165.0,,2364.0,33.4000015258789,956.0,3320.0,70.0,
2001-09-10,24.0,40.0,100.0,,844.0,33.7000007629394,529.0,1373.0,128.0,
2001-09-09,24.0,45.0,130.0,,1312.0,33.7000007629394,324.0,1636.0,70.0,
2001-09-08,24.0,45.0,220.0,,838.0,35.2000007629394,128.0,966.0,40.0,
2001-09-07,24.0,50.0,275.0,,1014.0,34.0,222.0,1236.0,30.0,
2001-09-06,24.0,40.0,270.0,,1075.0,34.2000007629394,175.0,1250.0,30.0,
2001-09-05,24.0,50.0,275.0,,1113.0,34.0,181.0,1294.0,30.0,
2001-09-04,24.0,50.0,275.0,,1146.0,34.2999992370606,156.0,1302.0,30.0,
2001-08-17,24.0,50.0,280.0,,1149.0,34.4000015258789,287.0,1436.0,32.0,
2001-08-16,24.0,50.0,290.0,,1105.0,34.4000015258789,364.0,1469.0,32.0,
2001-08-15,24.0,50.0,290.0,,1025.0,34.4000015258789,440.0,1465.0,32.0,
2001-08-14,24.0,50.0,290.0,,943.0,34.4000015258789,531.0,1474.0,32.0,
2001-08-13,24.0,50.0,295.0,,1136.0,34.2000007629394,453.0,1589.0,32.0,
2001-08-12,24.0,50.0,280.0,,1137.0,34.2000007629394,668.0,1805.0,36.0,
2001-08-11,24.0,45.0,280.0,,1135.0,34.2000007629394,666.0,1801.0,36.0,
2001-08-10,24.0,50.0,285.0,,1172.0,34.2000007629394,660.0,1832.0,36.0,
2001-08-07,24.0,50.0,295.0,,1622.0,34.5,286.0,1908.0,36.0,
2001-08-02,24.0,50.0,290.0,,1455.0,34.7000007629394,382.0,1837.0,36.0,
2001-08-01,24.0,45.0,300.0,,1619.0,34.2299995422363,443.0,2062.0,,
2001-03-01,2.0,,,,0.0,32.5299987792969,0.0,0.0,,
2001-02-01,6.0,,,,989.0,32.5299987792969,370.0,1359.0,,
2001-01-17,16.0,,,,2000.0,32.7299995422363,1125.0,3125.0,,
2001-01-14,10.0,,,,2420.0,32.5299987792969,1864.0,4284.0,,
2001-01-11,6.0,,,,3150.0,34.1300010681152,3026.0,6176.0,,
2001-01-10,8.0,200.0,330.0,,3684.0,33.5,2859.0,6543.0,100.0,
2001-01-09,6.0,,,,1766.0,35.0299987792969,2390.0,4156.0,,
1999-08-07,14.25,30.0,460.0,,0.0,0.0,0.0,0.0,50.0,
1999-08-06,24.0,35.0,460.0,,0.0,0.0,0.0,0.0,50.0,
1999-08-05,24.0,35.0,460.0,,36.0,36.5,110.0,146.0,50.0,
1999-08-04,24.0,35.0,450.0,,52.0,36.0,94.0,146.0,50.0,
1999-08-03,24.0,35.0,460.0,,35.0,36.0,111.0,146.0,50.0,
1999-08-02,24.0,65.0,480.0,,89.0,38.4000015258789,98.0,187.0,50.0,
1999-08-01,24.0,65.0,480.0,,89.0,38.4000015258789,98.0,187.0,50.0,
1999-07-31,24.0,65.0,480.0,,43.0,38.4000015258789,87.0,130.0,50.0,
1999-07-30,24.0,65.0,350.0,,78.0,39.0,66.0,144.0,50.0,
1999-07-29,24.0,65.0,340.0,,78.0,39.0,66.0,144.0,50.0,
1999-07-27,24.0,65.0,370.0,,78.0,38.2999992370606,66.0,144.0,50.0,
1999-07-26,24.0,65.0,350.0,,72.0,38.5999984741211,74.0,146.0,50.0,
1999-07-25,24.0,65.0,380.0,,112.0,39.2000007629394,59.0,171.0,50.0,
1999-07-24,24.0,50.0,400.0,,154.0,38.7000007629394,50.0,204.0,50.0,
1999-07-23,24.0,50.0,560.0,,177.0,39.7999992370606,62.0,239.0,50.0,
1999-07-22,24.0,50.0,560.0,,124.0,36.5,32.0,156.0,50.0,
1999-07-21,24.0,60.0,560.0,,142.0,35.5999984741211,40.0,182.0,50.0,
1999-07-20,24.0,60.0,560.0,,133.0,36.2999992370606,45.0,178.0,50.0,
1999-07-19,24.0,50.0,560.0,,145.0,36.2999992370606,59.0,204.0,50.0,
1999-07-18,24.0,50.0,560.0,,167.0,36.5,52.0,219.0,50.0,
1999-07-17,24.0,60.0,560.0,,147.0,36.5999984741211,40.0,187.0,50.0,
1999-07-16,24.0,50.0,560.0,,34.0,35.0,9.0,43.0,50.0,
1999-07-15,24.0,55.0,570.0,,12.0,37.7999992370606,14.0,26.0,50.0,
1999-07-14,24.0,55.0,570.0,,18.0,36.0,29.0,47.0,50.0,
1999-07-13,24.0,55.0,570.0,,17.0,34.5,18.0,35.0,50.0,
1999-07-12,24.0,55.0,550.0,,26.0,36.5,28.0,54.0,50.0,
1999-07-11,24.0,55.0,560.0,,15.0,35.9000015258789,13.0,28.0,50.0,
1999-07-10,24.0,60.0,580.0,,46.0,36.2000007629394,42.0,88.0,50.0,
1999-07-09,24.0,60.0,580.0,,44.0,38.0999984741211,46.0,90.0,50.0,
1999-07-08,24.0,65.0,570.0,,46.0,41.0999984741211,45.0,91.0,50.0,
1999-07-07,24.0,65.0,570.0,,26.0,39.2000007629394,26.0,52.0,50.0,
1999-07-06,24.0,65.0,570.0,,51.0,41.2000007629394,39.0,90.0,50.0,
1999-07-05,24.0,65.0,480.0,,77.0,40.5,67.0,144.0,50.0,
1999-07-04,24.0,65.0,485.0,,134.0,40.2999992370606,117.0,251.0,50.0,
1999-07-03,24.0,65.0,570.0,,146.0,41.0999984741211,146.0,292.0,50.0,
1999-07-02,24.0,65.0,580.0,,113.0,36.2999992370606,157.0,270.0,50.0,
1999-07-01,24.0,65.0,580.0,,209.0,35.2999992370606,183.0,392.0,50.0,
1999-06-30,24.0,65.0,575.0,,159.0,34.2999992370606,122.0,281.0,50.0,
1999-06-29,24.0,65.0,600.0,,177.0,35.2000007629394,356.0,533.0,50.0,
1999-06-28,24.0,65.0,580.0,,195.0,35.0,88.0,283.0,50.0,
1999-06-27,24.0,65.0,580.0,,140.0,34.4000015258789,110.0,250.0,50.0,
1999-06-26,24.0,60.0,490.0,,178.0,34.0,91.0,269.0,50.0,
1999-06-25,24.0,60.0,700.0,,182.0,34.5,64.0,246.0,28.0,
1999-06-24,24.0,60.0,700.0,,169.0,39.7999992370606,63.0,232.0,28.0,
1999-06-23,16.0,55.0,680.0,,170.0,39.2000007629394,63.0,233.0,34.0,
1999-06-21,24.0,60.0,720.0,,87.0,36.2000007629394,40.0,127.0,28.0,
1999-06-20,24.0,65.0,650.0,,185.0,41.5,79.0,264.0,32.0,
1999-06-19,24.0,65.0,650.0,,250.0,41.2999992370606,108.0,358.0,32.0,
1999-06-18,24.0,65.0,700.0,,146.0,40.2000007629394,55.0,201.0,36.0,
1999-06-17,24.0,65.0,720.0,,121.0,40.0,66.0,187.0,32.0,
1999-06-16,24.0,65.0,720.0,,124.0,41.2000007629394,66.0,190.0,32.0,
1999-06-14,24.0,65.0,740.0,,139.0,39.7000007629394,72.0,211.0,32.0,
1999-06-13,24.0,65.0,740.0,,169.0,41.2999992370606,113.0,282.0,32.0,
1999-06-12,24.0,65.0,750.0,,167.0,40.7999992370606,87.0,254.0,32.0,
1999-06-11,24.0,65.0,780.0,,206.0,41.4000015258789,99.0,305.0,32.0,
1999-06-10,24.0,65.0,760.0,,253.0,36.4000015258789,59.0,312.0,32.0,
1999-06-09,24.0,65.0,770.0,,177.0,36.7999992370606,37.0,214.0,32.0,
1999-06-08,24.0,65.0,780.0,,202.0,36.5999984741211,43.0,245.0,32.0,
1999-06-07,24.0,65.0,800.0,,221.0,38.5,51.0,272.0,32.0,
1999-06-06,24.0,60.0,800.0,,302.0,39.0,56.0,358.0,32.0,
1999-06-05,24.0,60.0,800.0,,325.0,40.7000007629394,55.0,380.0,32.0,
1999-06-04,24.0,35.0,800.0,,315.0,40.7999992370606,36.0,351.0,32.0,
1999-06-03,4.5,35.0,840.0,,117.0,41.2000007629394,39.0,156.0,20.0,
1999-06-01,24.0,50.0,820.0,,87.0,40.9000015258789,32.0,119.0,26.0,
1999-05-31,24.0,55.0,830.0,,72.0,41.5,13.0,85.0,24.0,
1999-05-30,24.0,50.0,960.0,,11.0,41.9000015258789,4.0,15.0,6.0,
1999-05-29,24.0,50.0,960.0,,11.0,42.0,5.0,16.0,6.0,
1999-05-28,24.0,50.0,960.0,,7.0,41.0,1.0,8.0,6.0,
1999-05-27,24.0,50.0,920.0,,49.0,40.9000015258789,2.0,51.0,6.0,
1999-05-26,24.0,55.0,980.0,,179.0,41.2999992370606,33.0,212.0,6.0,
1999-05-25,24.0,45.0,900.0,,15.0,41.5999984741211,7.0,22.0,28.0,
1999-05-24,24.0,55.0,1000.0,,17.0,40.2000007629394,1.0,18.0,4.0,
1999-05-23,24.0,55.0,980.0,,273.0,41.7000007629394,36.0,309.0,4.0,
1999-05-22,24.0,55.0,900.0,,262.0,39.2000007629394,19.0,281.0,26.0,
1999-05-21,24.0,20.0,1000.0,,290.0,38.9000015258789,22.0,312.0,24.0,
1999-05-20,14.0,20.0,1040.0,,44.0,39.7999992370606,4.0,48.0,10.0,
1999-04-22,24.0,40.0,770.0,,97.0,37.9000015258789,9.0,106.0,32.0,
1999-04-21,6.0,15.0,750.0,,140.0,40.5999984741211,44.0,184.0,32.0,
1999-04-17,24.0,40.0,710.0,,32.0,39.7999992370606,4.0,36.0,37.0,
1999-04-16,24.0,40.0,720.0,,77.0,40.7999992370606,18.0,95.0,35.0,
1999-03-19,24.0,,1040.0,,0.0,0.0,0.0,0.0,34.0,
1999-03-18,24.0,,1060.0,,108.0,39.0,36.0,144.0,34.0,
1999-03-17,24.0,,1060.0,,106.0,38.7000007629394,34.0,140.0,34.0,
1999-03-16,24.0,,1070.0,,67.0,40.4000015258789,21.0,88.0,34.0,
1999-03-15,24.0,,1080.0,,175.0,39.5,55.0,230.0,34.0,
1999-03-14,24.0,,1090.0,,204.0,41.7999992370606,66.0,270.0,34.0,
1999-03-13,24.0,,1100.0,,200.0,39.7000007629394,65.0,265.0,34.0,
1999-03-12,24.0,,1100.0,,191.0,41.7999992370606,63.0,254.0,34.0,
1999-03-10,4.0,,1100.0,,156.0,39.4000015258789,54.0,210.0,34.0,
1999-03-09,24.0,,1000.0,,317.0,40.0,111.0,428.0,40.0,
1999-03-08,24.0,,1010.0,,320.0,38.5,129.0,449.0,40.0,
1999-03-07,24.0,,1030.0,,336.0,39.0,117.0,453.0,40.0,
1999-03-06,24.0,,1060.0,,351.0,38.7000007629394,122.0,473.0,40.0,
1999-03-05,18.0,,1060.0,,380.0,36.5,145.0,525.0,40.0,
1999-03-04,24.0,,1080.0,,381.0,39.0,155.0,536.0,40.0,
1999-03-03,24.0,,1070.0,,395.0,39.4000015258789,160.0,555.0,40.0,
1999-03-02,24.0,,1100.0,,400.0,39.6399993896484,155.0,555.0,40.0,
1999-02-28,8.0,,1110.0,,398.0,40.2000007629394,166.0,564.0,40.0,
1999-02-27,24.0,,1020.0,,488.0,40.7999992370606,207.0,695.0,48.0,
1999-02-25,24.0,,1060.0,,541.0,40.0999984741211,235.0,776.0,48.0,
1999-02-24,24.0,,1100.0,,539.0,39.0,229.0,768.0,48.0,
1999-02-23,24.0,,1110.0,,537.0,32.5999984741211,260.0,797.0,48.0,
1999-02-22,24.0,,1110.0,,562.0,41.0999984741211,274.0,836.0,48.0,
1999-02-21,24.0,,1140.0,,597.0,38.7999992370606,317.0,914.0,48.0,
1999-02-20,24.0,,1180.0,,603.0,39.5,336.0,939.0,48.0,
1998-09-23,14.5,20.0,120.0,,63.0,33.4000015258789,602.0,665.0,32.0,
1998-09-22,24.0,50.0,340.0,,134.0,33.2999992370606,312.0,446.0,32.0,
1998-09-21,24.0,300.0,680.0,,146.0,33.7000007629394,1904.0,2050.0,32.0,
1998-09-20,24.0,300.0,680.0,,134.0,33.5999984741211,1901.0,2035.0,32.0,
1998-09-19,24.0,295.0,700.0,,181.0,33.5,1835.0,2016.0,32.0,
1998-09-18,24.0,280.0,700.0,,191.0,33.0,1815.0,2006.0,32.0,
1998-09-17,24.0,280.0,700.0,,213.0,32.5999984741211,1774.0,1987.0,32.0,
1998-09-16,24.0,290.0,700.0,,180.0,33.2999992370606,1816.0,1996.0,32.0,
1998-09-15,24.0,290.0,700.0,,183.0,33.5999984741211,1785.0,1968.0,32.0,
1998-09-14,24.0,285.0,700.0,,183.0,35.2000007629394,1744.0,1927.0,32.0,
1998-09-13,24.0,285.0,740.0,,171.0,35.2000007629394,1727.0,1898.0,32.0,
1998-09-12,24.0,285.0,740.0,,165.0,35.2000007629394,1673.0,1838.0,32.0,
1998-09-11,24.0,280.0,740.0,,185.0,34.5,1662.0,1847.0,32.0,
1998-09-10,24.0,280.0,730.0,,117.0,34.5999984741211,1745.0,1862.0,32.0,
1998-09-09,4.0,270.0,670.0,,208.0,34.7000007629394,1831.0,2039.0,32.0,
1998-09-08,4.0,230.0,660.0,,174.0,34.7000007629394,1901.0,2075.0,32.0,
1998-09-07,4.0,230.0,660.0,,203.0,33.4000015258789,1825.0,2028.0,32.0,
1998-09-03,6.0,280.0,710.0,,232.0,33.5999984741211,1748.0,1980.0,32.0,
1998-09-02,24.0,275.0,730.0,,271.0,33.7999992370606,1705.0,1976.0,32.0,
1998-09-01,24.0,270.0,740.0,,213.0,33.7000007629394,1776.0,1989.0,32.0,
1998-08-31,6.0,270.0,740.0,,233.0,33.9000015258789,1923.0,2156.0,32.0,
1998-08-30,24.0,270.0,740.0,,255.0,33.5,2045.0,2300.0,32.0,
1998-08-29,24.0,270.0,740.0,,257.0,34.5,1981.0,2238.0,32.0,
1998-08-28,24.0,270.0,740.0,,268.0,33.7999992370606,2040.0,2308.0,32.0,
1998-08-26,24.0,265.0,760.0,,269.0,34.5,2129.0,2398.0,32.0,
1998-08-25,24.0,265.0,750.0,,285.0,34.5,2112.0,2397.0,32.0,
1998-08-24,24.0,260.0,750.0,,279.0,34.5999984741211,2068.0,2347.0,32.0,
1998-08-23,24.0,260.0,750.0,,224.0,35.0999984741211,2297.0,2521.0,32.0,
1998-08-22,24.0,245.0,800.0,,260.0,34.5,2315.0,2575.0,32.0,
1998-08-21,24.0,245.0,800.0,,393.0,34.4000015258789,2752.0,3145.0,32.0,
1998-08-20,24.0,250.0,800.0,,367.0,34.2000007629394,2742.0,3109.0,32.0,
1998-08-19,24.0,245.0,800.0,,339.0,34.0,2063.0,2402.0,32.0,
1998-08-18,24.0,250.0,850.0,,454.0,34.0,1887.0,2341.0,32.0,
1998-08-17,24.0,235.0,900.0,,550.0,34.5999984741211,1799.0,2349.0,32.0,
1998-08-16,24.0,235.0,850.0,,675.0,33.7999992370606,1677.0,2352.0,32.0,
1998-08-15,24.0,200.0,900.0,,494.0,34.2999992370606,1838.0,2332.0,32.0,
1998-08-14,24.0,200.0,900.0,,398.0,34.2000007629394,2026.0,2424.0,32.0,
1998-08-13,24.0,200.0,900.0,,381.0,348.0,2028.0,2409.0,32.0,
1998-08-12,24.0,200.0,900.0,,419.0,34.2999992370606,1935.0,2354.0,32.0,
1998-08-11,24.0,200.0,900.0,,410.0,34.5999984741211,1972.0,2382.0,32.0,
1998-08-10,24.0,200.0,900.0,,442.0,34.2000007629394,1958.0,2400.0,32.0,
1998-08-09,24.0,195.0,900.0,,410.0,33.9000015258789,1989.0,2399.0,32.0,
1998-08-08,24.0,180.0,920.0,,490.0,33.7999992370606,1936.0,2426.0,32.0,
1998-08-07,24.0,275.0,950.0,,437.0,35.5,2030.0,2467.0,32.0,
1998-08-06,24.0,275.0,950.0,,570.0,34.7999992370606,1854.0,2424.0,32.0,
1998-08-05,24.0,160.0,990.0,,570.0,34.7000007629394,1888.0,2458.0,32.0,
2024-07-19,10.0,1130.0,640.0,86.0,372.8,,792.2,1165.0,18.0,121.0
2024-07-20,22.0,1140.0,660.0,86.0,335.4,,782.6,1118.0,18.0,121.0
2024-07-21,22.0,1130.0,660.0,87.0,160.0,27.2000007629395,840.0,1000.0,18.0,121.0
2024-07-22,24.0,1125.0,650.0,87.0,303.0,27.2000007629395,696.0,999.0,18.0,121.0
2024-07-23,24.0,1125.0,650.0,87.0,278.76,27.2000007629395,658.24,937.0,18.0,122.0
2024-07-24,24.0,1125.0,650.0,86.0,230.74,27.2000007629395,648.26,879.0,18.0,121.0
2024-07-25,24.0,1000.0,630.0,87.0,268.62,27.2000007629395,545.38,814.0,18.0,121.0
2024-07-26,24.0,1110.0,630.0,87.0,116.62,27.2000007629395,716.38,833.0,18.0,122.0
2024-07-27,24.0,1110.0,640.0,87.0,207.44,27.2000007629395,525.56,733.0,18.0,122.0
2024-07-28,24.0,1093.0,640.0,87.0,183.65,27.2000007629395,479.35,663.0,18.0,120.0
2024-07-29,24.0,1080.0,640.0,87.0,240.12,27.2000007629395,451.88,692.0,18.0,122.0
2024-07-30,10.0,1080.0,630.0,87.0,112.32,27.2000007629395,511.68,624.0,18.0,122.0
2024-07-31,24.0,1080.0,640.0,87.0,108.92,27.2000007629395,517.08,626.0,18.0,121.0
2025-01-19,24.0,990.0,470.0,98.0,148.75,,1976.25,2125.0,32.0,107.0
2025-01-21,4.0,1020.0,540.0,85.0,212.5,30.8999996185303,1912.5,2125.0,32.0,115.0
2025-07-18,8.0,1005.0,454.0,93.0,302.05,30.8999996185303,560.95,863.0,34.0,97.0
2025-07-28,8.0,1005.0,454.0,93.0,86.31,30.8999996185303,776.79,863.1,34.0,97.0
2026-03-09,24.0,960.0,330.0,100.0,462.0,30.8999996185303,858.0,1320.0,54.0,110.0
2026-03-29,8.0,940.0,170.0,90.0,29.12,30.8999996185303,334.88,364.0,137.0,108.0
2026-04-10,24.0,960.0,300.0,93.0,126.84,36.7999992370606,779.16,906.0,40.0,111.0
2026-04-11,24.0,960.0,360.0,93.0,528.94,36.7999992370606,469.06,998.0,40.0,112.0
2026-04-12,24.0,960.0,360.0,92.0,832.37,36.7999992370606,248.63,1081.0,40.0,112.0
2026-04-13,24.0,960.0,360.0,92.0,601.46,36.7999992370606,384.54,986.0,40.0,112.0
2026-04-14,24.0,960.0,360.0,92.0,647.36,36.7999992370606,304.64,952.0,40.0,111.0
2026-04-16,24.0,960.0,360.0,92.0,565.76,36.7999992370606,266.24,832.0,40.0,112.0
2026-05-09,24.0,1010.0,240.0,91.0,99.88,36.7999992370606,127.12,227.0,40.0,111.0
2026-06-23,6.0,620.0,251.0,93.0,22.71,36.7999992370606,626.28,648.99,32.0,112.0
2026-06-24,24.0,640.0,267.0,93.0,16.25,36.7999992370606,641.75,658.0,32.0,111.0
2026-06-25,14.0,690.0,300.0,95.0,285.84,36.7999992370606,803.07,1088.91,34.0,112.0
2026-06-26,24.0,730.0,330.0,95.0,407.34,33.7999992370606,708.66,1116.0,34.0,112.0
2026-06-27,24.0,750.0,340.0,94.0,434.35,33.7999992370606,755.65,1190.0,34.0,112.0
2026-06-28,16.0,750.0,345.0,94.0,524.65,36.7999992370606,535.25,1059.9,34.0,112.0
2026-06-29,24.0,760.0,348.0,93.0,557.82,36.7999992370606,475.18,1033.0,34.0,112.0
2026-06-30,24.0,760.0,350.0,93.0,536.83,36.7999992370606,448.18,985.01,34.0,112.0
2026-07-01,24.0,760.0,350.0,93.0,515.1,36.7999992370606,494.9,1010.0,34.0,112.0
2026-07-02,24.0,760.0,349.0,93.0,695.4,36.7999992370606,524.6,1220.0,34.0,111.0
2026-07-03,18.0,760.0,350.0,93.0,622.05,36.7999992370606,508.95,1131.0,34.0,111.0
2026-07-04,2.0,760.0,349.0,94.0,630.77,36.7999992370606,466.22,1096.99,34.0,109.0
2026-07-05,20.0,760.0,346.0,93.0,675.92,36.7999992370606,531.08,1207.0,34.0,109.0
2015-08-14,10.0,0.0,500.0,79.0,779.09,36.2000007629394,3.92,783.01,12.0,112.0
2015-08-16,6.0,420.0,700.0,80.0,592.7,37.0999984741211,0.3,593.0,16.0,112.0
2016-01-15,14.0,0.0,310.0,87.0,1429.32,36.0,232.68,1662.0,40.0,124.0
2016-01-16,24.0,0.0,285.0,87.0,584.8,36.0,877.2,1462.0,40.0,124.0
2016-01-17,12.0,0.0,285.0,87.0,521.0,36.0,781.5,1302.5,40.0,123.0
2016-01-18,24.0,0.0,250.0,87.0,960.0,36.0,240.0,1200.0,40.0,123.0
2016-06-07,2.0,120.0,160.0,84.0,0.0,,0.0,0.0,30.0,120.0
2016-09-08,12.0,1000.0,240.0,86.0,137.5,30.7999992370606,412.5,550.0,30.0,112.0
2016-09-09,24.0,980.0,240.0,86.0,72.3,30.7999992370606,409.7,482.0,30.0,113.0
2016-09-10,24.0,850.0,320.0,84.0,46.35,30.7999992370606,262.65,309.0,30.0,117.0
2016-09-11,10.0,1000.0,340.0,86.0,69.12,30.7999992370606,391.68,460.8,30.0,120.0
2016-09-12,24.0,1000.0,340.0,86.0,44.55,30.7999992370606,252.45,297.0,30.0,120.0
2016-09-13,24.0,1000.0,340.0,85.0,40.8,30.7999992370606,231.2,272.0,30.0,121.0
2016-09-14,24.0,820.0,220.0,86.0,56.7,30.7999992370606,321.3,378.0,30.0,123.0
2016-09-15,24.0,820.0,220.0,84.0,53.7,30.7999992370606,304.3,358.0,30.0,121.0
2017-02-17,10.0,1176.0,427.0,84.0,39.2,30.7999992370606,744.8,784.0,25.0,122.0
2017-02-18,6.0,1152.0,482.0,84.0,79.75,30.7999992370606,645.25,725.0,20.0,123.0
2017-02-19,24.0,1147.0,480.0,91.0,80.52,30.7999992370606,651.48,732.0,20.0,123.0
2017-09-30,2.0,1000.0,340.0,,7.47,30.7999992370606,459.33,466.8,60.0,180.0
2022-10-14,7.0,430.0,944.0,83.0,1676.76,32.2000007629394,13.52,1690.28,28.0,102.0
2022-11-20,4.0,1163.0,1163.0,86.0,1473.12,32.2000007629394,14.88,1488.0,32.0,105.0
2022-11-21,12.0,427.0,1168.0,85.0,1678.47,32.2000007629394,19.53,1698.0,34.0,106.0
2023-01-15,4.0,409.0,914.0,88.0,872.02,32.2000007629394,15.98,888.0,34.0,105.0
2023-01-16,4.0,410.0,887.0,85.0,1452.29,32.2000007629394,35.71,1488.0,35.0,107.0
2023-03-01,1.0,607.0,468.0,88.0,82.56,32.2000007629394,13.44,96.0,35.0,102.0
2023-03-21,0.5,590.0,471.0,84.0,230.4,32.2000007629394,57.6,288.0,44.0,200.0
2023-05-07,18.0,425.0,288.0,92.0,768.0,32.2000007629394,256.0,1024.0,50.0,98.0
2023-08-21,6.0,773.0,125.0,85.0,3.12,,48.88,52.0,137.0,100.0
2023-09-13,1.0,600.0,160.0,84.0,97.44,33.9000015258789,70.56,168.0,137.0,102.0
2024-08-07,10.0,1060.0,680.0,85.0,636.31,32.5999984741211,19.68,655.99,10.0,111.0
2025-01-19,24.0,940.0,520.0,96.0,479.4,,225.6,705.0,32.0,110.0
2025-01-21,4.0,1020.0,320.0,85.0,387.75,32.5999984741211,317.25,705.0,32.0,115.0
2025-08-11,6.0,600.0,260.0,96.0,163.0,,0.0,163.0,20.0,104.0
2025-08-12,10.0,590.0,245.0,94.0,381.5,,2.5,384.0,,102.0
2025-08-13,8.0,575.0,248.0,95.0,280.33,,5.66,285.99,26.0,103.0
2026-06-17,8.0,1150.0,660.0,91.0,501.4,,0.5,501.9,15.0,112.0
2026-06-19,20.0,1369.0,961.0,90.0,427.71,34.5,7.29,435.0,15.0,113.0
2026-06-20,24.0,1404.0,943.0,91.0,363.6,34.2000007629394,40.4,404.0,20.0,114.0
2026-06-21,24.0,1196.0,403.0,91.0,487.05,34.2000007629394,22.95,510.0,20.0,111.0
2026-08-03,6.0,1040.0,256.0,93.0,364.5,34.2000007629394,1093.5,1458.0,60.0,108.0
2026-08-04,10.0,1046.0,209.0,93.0,305.1,34.2000007629394,711.9,1017.0,60.0,108.0
2026-08-29,5.0,960.0,268.0,93.0,207.24,34.5,263.76,471.0,30.0,113.0
2024-07-17,18.0,1150.0,858.0,85.0,746.9,33.0999984741211,2.1,749.0,20.0,119.0
2024-07-18,11.0,1160.0,1064.0,85.0,937.64,33.0999984741211,4.9,942.54,18.0,121.0
2024-07-19,9.0,1160.0,1060.0,85.0,1012.0,33.0999984741211,0.0,1012.0,18.0,120.0
2024-10-08,12.0,460.0,150.0,85.0,140.0,33.0999984741211,0.0,140.0,40.0,99.0
2024-10-09,9.0,500.0,140.0,85.0,70.0,33.0999984741211,0.0,70.0,137.0,100.0
2024-10-10,24.0,500.0,149.0,85.0,65.0,33.0999984741211,0.0,65.0,137.0,100.0
2024-10-11,10.0,500.0,154.0,85.0,33.0,33.0999984741211,0.0,33.0,137.0,99.0
2025-02-01,10.0,986.0,812.0,103.0,536.33,33.0999984741211,1.67,538.0,16.0,104.0
2025-02-02,24.0,400.0,260.0,102.0,143.63,33.0999984741211,3.37,147.0,20.0,103.0
2025-02-06,6.0,720.0,520.0,96.0,451.44,33.0999984741211,4.56,456.0,25.0,106.0
2025-04-29,5.0,600.0,320.0,94.0,331.6,33.0999984741211,1.4,333.0,24.0,105.0
2025-04-30,8.0,600.0,320.0,94.0,337.49,36.0999984741211,0.51,338.0,24.0,105.0
2025-07-16,10.0,500.0,220.0,91.0,354.0,,0.0,354.0,24.0,98.0
2025-07-27,10.0,500.0,220.0,91.0,112.0,,0.0,112.0,24.0,98.0
2026-06-15,24.0,180.0,2080.0,90.0,0.0,,0.0,0.0,5.0,109.0
2026-06-16,24.0,180.0,2020.0,90.0,0.0,,0.0,0.0,5.0,110.0
2026-06-17,10.0,180.0,2020.0,90.0,0.0,,0.0,0.0,5.0,110.0
2026-08-23,24.0,170.0,524.0,90.0,0.0,,0.0,0.0,12.0,112.0
2026-08-28,4.0,570.0,470.0,100.0,100.09,37.2999992370606,42.89,142.98,27.0,112.0
1998-06-24,24.0,50.0,300.0,,814.0,36.0,2092.0,2906.0,88.0,
1998-10-19,4.0,,320.0,,373.0,32.4000015258789,2111.0,2484.0,80.0,
1998-10-20,24.0,,250.0,,93.0,35.5999984741211,528.0,621.0,80.0,
1998-10-23,24.0,,300.0,,315.0,34.2000007629394,1788.0,2103.0,80.0,
1998-10-24,24.0,,300.0,,386.0,35.0,1761.0,2147.0,80.0,
1998-10-25,24.0,,300.0,,426.0,34.4000015258789,1941.0,2367.0,80.0,
1998-10-27,24.0,,290.0,,440.0,34.5,1792.0,2232.0,80.0,
1998-10-28,24.0,,300.0,,350.0,34.0999984741211,1571.0,1921.0,80.0,
1999-03-20,16.0,35.0,300.0,,726.0,29.2000007629394,812.0,1538.0,32.0,
1999-03-24,12.0,35.0,320.0,,314.0,29.2999992370606,1180.0,1494.0,32.0,
1999-09-05,10.0,,900.0,,20.0,0.0,1942.0,1962.0,32.0,
1999-09-06,4.0,,900.0,,180.0,0.0,1776.0,1956.0,32.0,
1999-09-07,12.0,,900.0,,323.0,0.0,1649.0,1972.0,32.0,
2001-02-01,6.0,,,,4320.0,33.0299987792969,2257.0,6577.0,,
2001-03-01,2.0,,,,0.0,0.0,0.0,0.0,,
2008-05-06,4.0,1450.0,360.0,,929.0,29.3299999237061,4535.0,5464.0,64.0,
2008-05-08,16.0,450.0,280.0,,832.0,29.8299999237061,4060.0,4892.0,64.0,
2008-05-09,24.0,450.0,280.0,,733.0,29.8299999237061,3580.0,4313.0,64.0,
2008-05-10,8.0,440.0,370.0,,879.0,29.8299999237061,4292.0,5171.0,72.0,
2008-05-11,6.0,440.0,360.0,,1059.0,29.8299999237061,4824.0,5883.0,80.0,
2008-05-12,24.0,420.0,340.0,,1348.0,29.8299999237061,4512.0,5860.0,80.0,
2008-05-13,12.0,400.0,320.0,,1342.0,29.8299999237061,4759.0,6101.0,88.0,
2008-05-14,24.0,400.0,320.0,,1322.0,29.8299999237061,4688.0,6010.0,88.0,
2008-05-15,24.0,400.0,320.0,,1298.0,29.8299999237061,4603.0,5901.0,88.0,
2008-05-16,24.0,400.0,320.0,,1297.0,29.8299999237061,4598.0,5895.0,88.0,
2008-05-17,24.0,380.0,320.0,,750.0,29.8299999237061,5022.0,5772.0,88.0,
2008-05-18,24.0,380.0,320.0,,743.0,29.8299999237061,4976.0,5719.0,88.0,
2008-05-19,24.0,375.0,320.0,,676.0,29.8299999237061,4954.0,5630.0,88.0,
2008-05-20,24.0,370.0,320.0,,618.0,29.8299999237061,4999.0,5617.0,88.0,
2008-05-21,24.0,370.0,300.0,,557.0,29.8299999237061,5013.0,5570.0,88.0,
2008-05-22,24.0,370.0,300.0,,549.0,29.8299999237061,4945.0,5494.0,88.0,
2016-09-09,24.0,1600.0,1600.0,,0.0,,0.0,0.0,10.0,1100.0
2016-09-14,24.0,950.0,850.0,84.0,0.0,,0.0,0.0,10.0,840.0
2016-09-15,24.0,950.0,850.0,84.0,0.0,,0.0,0.0,10.0,840.0
2017-09-30,2.0,1100.0,300.0,,18.24,,146.07,164.31,80.0,180.0
2018-03-12,5.0,1100.0,500.0,116.0,80.14,29.7999992370606,3926.86,4007.0,116.0,115.0
2026-06-04,4.0,960.0,790.0,94.0,962.07,36.0,1.93,964.0,14.0,108.0
2026-06-05,24.0,900.0,800.0,93.0,965.51,35.2999992370606,3.49,969.0,14.0,109.0
2026-06-06,24.0,650.0,520.0,93.0,1008.0,35.2999992370606,252.0,1260.0,14.0,109.0
2026-06-07,24.0,600.0,470.0,93.0,922.78,35.2999992370606,324.22,1247.0,14.0,109.0
2015-08-20,12.0,0.0,1550.0,,0.0,35.2000007629394,0.0,0.0,6.0,115.0
2015-08-23,12.0,1130.0,1750.0,79.0,364.8,33.4000015258789,2.2,367.0,10.0,124.0
2016-02-05,12.0,100.0,300.0,85.0,1176.61,33.4000015258789,36.39,1213.0,14.0,111.0
2016-02-06,7.0,100.0,320.0,84.0,1365.85,33.4000015258789,204.09,1569.94,20.0,112.0
2016-02-07,13.0,610.0,620.0,85.0,895.95,,1579.05,2475.0,25.0,115.0
2016-02-10,14.0,210.0,680.0,87.0,429.75,33.4000015258789,1289.25,1719.0,20.0,119.0
2016-02-11,24.0,70.0,500.0,83.0,293.28,29.5,1306.72,1600.0,20.0,116.0
2016-02-12,8.0,0.0,430.0,87.0,437.4,29.5,1749.6,2187.0,25.0,117.0
2016-02-13,24.0,0.0,610.0,89.0,737.1,29.5,1602.9,2340.0,25.0,119.0
2016-02-14,24.0,0.0,610.0,89.0,781.22,29.5,1550.78,2332.0,25.0,119.0
2016-02-15,24.0,0.0,600.0,90.0,693.6,29.5,1618.4,2312.0,25.0,118.0
2016-02-16,24.0,0.0,580.0,89.0,387.09,29.5,1889.91,2277.0,25.0,118.0
2016-02-17,24.0,0.0,580.0,90.0,383.69,29.5,1873.31,2257.0,25.0,120.0
2016-02-18,24.0,0.0,580.0,89.0,371.45,29.5,1813.55,2185.0,25.0,123.0
2016-02-19,24.0,0.0,580.0,89.0,361.76,29.5,1766.24,2128.0,25.0,124.0
2016-02-20,24.0,0.0,580.0,88.0,353.09,29.5,1723.91,2077.0,25.0,118.0
2016-02-21,24.0,0.0,580.0,88.0,347.99,29.5,1699.01,2047.0,25.0,116.0
2016-02-22,24.0,0.0,580.0,88.0,337.28,29.5,1646.72,1984.0,25.0,118.0
2016-02-23,24.0,0.0,580.0,87.0,318.41,29.5,1554.59,1873.0,25.0,118.0
2016-02-24,24.0,0.0,580.0,88.0,314.33,29.5,1534.67,1849.0,25.0,118.0
2016-02-25,24.0,0.0,580.0,87.0,300.39,29.5,1466.61,1767.0,25.0,118.0
2016-02-27,24.0,0.0,580.0,87.0,273.19,29.5,1333.81,1607.0,25.0,124.0
2016-02-28,24.0,0.0,580.0,86.0,271.66,29.5,1326.34,1598.0,25.0,124.0
2016-02-29,24.0,0.0,580.0,86.0,258.4,,1261.6,1520.0,25.0,124.0
2016-03-18,5.0,0.0,320.0,87.0,1375.47,29.5,103.53,1479.0,25.0,118.0
2016-06-07,2.0,0.0,180.0,84.0,0.0,,0.0,0.0,30.0,120.0
2016-06-18,14.0,140.0,1850.0,112.0,32.64,29.5,159.36,192.0,12.0,121.0
2016-06-21,16.0,140.0,1850.0,82.0,93.12,29.5,3.88,97.0,16.0,126.0
2016-06-22,24.0,140.0,1850.0,83.0,110.7,29.5,258.3,369.0,16.0,124.0
2016-06-23,24.0,180.0,1680.0,83.0,412.2,29.5,961.8,1374.0,16.0,124.0
2016-06-24,24.0,170.0,1620.0,83.0,522.12,29.5,851.88,1374.0,16.0,123.0
2016-06-25,24.0,170.0,1620.0,84.0,357.24,29.5,1016.76,1374.0,16.0,122.0
2016-06-26,24.0,170.0,1550.0,84.0,618.3,29.5,755.7,1374.0,16.0,123.0
2016-06-27,24.0,170.0,1550.0,55.0,618.3,29.5,755.7,1374.0,16.0,123.0
2016-06-28,24.0,180.0,1520.0,84.0,549.6,29.5,824.4,1374.0,16.0,122.0
2016-06-29,24.0,180.0,1520.0,60.0,549.6,29.5,824.4,1374.0,16.0,122.0
2016-07-01,5.0,0.0,1500.0,83.0,549.6,29.5,824.4,1374.0,16.0,122.0
2016-07-28,10.0,0.0,550.0,81.0,962.52,29.5,888.48,1851.0,20.0,120.0
2016-07-29,24.0,50.0,550.0,82.0,856.96,29.5,791.04,1648.0,20.0,119.0
2016-08-28,24.0,0.0,975.0,83.0,680.4,29.5,1020.6,1701.0,20.0,119.0
2016-08-29,24.0,0.0,975.0,82.0,710.8,29.5,1066.2,1777.0,20.0,115.0
2016-08-30,24.0,0.0,975.0,82.0,715.2,29.5,1072.8,1788.0,20.0,116.0
2016-08-31,24.0,0.0,975.0,82.0,680.8,29.5,1021.2,1702.0,20.0,115.0
2016-09-05,8.0,0.0,930.0,83.0,692.8,29.5,1039.2,1732.0,20.0,115.0
2016-09-06,8.0,0.0,950.0,84.0,1053.6,29.5,1580.4,2634.0,30.0,114.0
2016-09-07,12.0,140.0,990.0,84.0,900.9,29.5,1673.1,2574.0,30.0,114.0
2016-10-12,8.0,0.0,640.0,87.0,275.5,29.5,826.5,1102.0,32.0,134.0
2016-10-13,24.0,0.0,640.0,86.0,184.25,29.5,552.75,737.0,32.0,134.0
2017-01-18,24.0,0.0,700.0,91.0,559.25,29.5,1677.75,2237.0,35.0,127.0
2017-01-19,24.0,0.0,1060.0,92.0,552.0,29.5,1656.0,2208.0,36.0,129.0
2017-01-20,24.0,0.0,850.0,92.0,538.75,29.5,1616.25,2155.0,36.0,128.0
2017-01-21,24.0,0.0,950.0,92.0,804.75,29.5,1370.25,2175.0,36.0,127.0
2017-01-22,24.0,0.0,950.0,92.0,822.88,29.5,1401.12,2224.0,36.0,127.0
2017-01-23,24.0,0.0,950.0,92.0,821.77,29.5,1399.23,2221.0,36.0,126.0
2017-01-24,24.0,0.0,950.0,92.0,832.5,29.5,1417.5,2250.0,36.0,126.0
2017-01-26,24.0,0.0,900.0,92.0,846.19,29.5,1440.81,2287.0,36.0,125.0
2017-01-27,24.0,0.0,900.0,92.0,808.45,29.5,1376.55,2185.0,35.0,125.0
2017-01-28,24.0,10.0,640.0,92.0,815.48,29.5,1388.52,2204.0,35.0,125.0
2017-01-29,24.0,10.0,640.0,91.0,775.15,29.5,1319.85,2095.0,35.0,124.0
2017-01-30,24.0,10.0,640.0,92.0,795.87,29.5,1355.13,2151.0,35.0,125.0
2017-01-31,24.0,10.0,640.0,91.0,757.39,29.5,1289.61,2047.0,36.0,123.0
2017-02-01,20.0,0.0,570.0,91.0,513.56,29.5,874.44,1388.0,36.0,123.0
2017-02-27,24.0,842.0,400.0,,35.36,,1732.64,1768.0,26.0,126.0
2017-09-30,2.0,1080.0,210.0,,51.66,29.5,602.3,653.96,137.0,180.0
2018-03-13,4.0,1000.0,220.0,,64.08,29.5,3139.92,3204.0,137.0,125.0
2019-10-02,8.0,1036.0,199.0,90.0,100.89,29.5,3262.11,3363.0,137.0,105.0
2020-11-17,4.0,1029.0,193.0,97.0,112.2,29.5,3627.8,3740.0,137.0,111.0
2020-11-18,24.0,1099.0,220.0,86.0,137.88,,4458.12,4596.0,137.0,111.0
2020-11-22,24.0,1049.0,199.0,87.0,110.73,,3580.27,3691.0,137.0,111.0
2021-11-27,22.0,997.0,540.0,92.0,833.24,,277.75,1110.99,35.0,107.0
2021-12-04,4.0,1109.0,594.0,91.0,946.39,,405.59,1351.98,35.0,105.0
2021-12-27,3.0,987.0,399.0,90.0,647.66,,574.34,1222.0,35.0,105.0
2022-03-27,2.0,926.0,1090.0,91.0,0.0,,0.0,0.0,20.0,104.0
2022-03-28,6.0,890.0,318.0,85.0,467.45,,1008.55,1476.0,30.0,105.0
2022-03-29,24.0,874.0,297.0,83.0,290.64,,747.36,1038.0,30.0,106.0
2022-03-30,14.0,858.0,287.0,84.0,384.96,,818.04,1203.0,30.0,106.0
2022-04-01,6.0,852.0,277.0,85.0,410.8,,629.2,1040.0,30.0,103.0
2022-04-02,6.0,847.0,271.0,88.0,243.36,,692.64,936.0,30.0,101.0
2022-04-04,6.0,834.0,208.0,94.0,144.56,,411.44,556.0,30.0,101.0
2022-04-06,4.0,854.0,184.0,97.0,849.28,,1804.72,2654.0,64.0,104.0
2022-04-08,4.0,1105.0,142.0,86.0,385.51,,1643.49,2029.0,35.0,101.0
2022-04-11,4.0,856.0,206.0,88.0,42.9,29.5,152.1,195.0,45.0,101.0
2026-08-29,6.0,1030.0,200.0,89.0,125.56,36.7999992370606,3013.44,3139.0,137.0,109.0
2026-06-02,6.0,1080.0,220.0,889.0,15.1,36.7999992370606,1494.9,1510.0,,109.0
2025-07-15,10.0,1020.0,250.0,85.0,152.36,36.7999992370606,3656.64,3809.0,137.0,97.0
2025-01-21,24.0,1050.0,250.0,96.0,228.36,36.7999992370606,3577.64,3806.0,137.0,110.0
2025-01-19,24.0,1060.0,200.0,96.0,228.36,,3577.64,3806.0,137.0,107.0
2024-07-15,5.0,1130.0,200.0,86.0,190.3,36.7999992370606,3615.7,3806.0,137.0,118.0
2024-03-27,4.0,1020.0,200.0,95.0,106.56,36.7999992370606,2557.44,2664.0,137.0,139.0
2023-09-13,6.0,1000.0,150.0,95.0,137.12,36.7999992370606,3290.88,3428.0,137.0,101.0
2022-09-28,16.0,1068.0,223.0,102.0,321.75,36.7999992370606,5528.25,5850.0,137.0,103.0
2022-09-21,6.0,1090.0,225.0,103.0,364.08,36.7999992370606,5703.92,6068.0,137.0,104.0
2022-09-04,8.0,1010.0,220.0,90.0,194.04,,3039.96,3234.0,137.0,100.0
2022-08-18,18.0,1012.0,212.0,101.0,341.04,36.7999992370606,5342.96,5684.0,137.0,102.0
2022-07-19,12.0,1040.0,184.0,103.0,351.9,36.7999992370606,6686.1,7038.0,137.0,99.0
2022-07-07,24.0,1042.0,219.0,102.0,303.6,36.7999992370606,5768.4,6072.0,137.0,101.0
2022-07-06,20.0,1042.0,219.0,103.0,306.18,,5817.42,6123.6,137.0,102.0
2022-07-05,20.0,1043.0,224.0,104.0,307.35,36.7999992370606,5839.65,6147.0,137.0,102.0
2022-07-04,20.0,1056.0,230.0,103.0,308.25,36.7999992370606,5856.75,6165.0,137.0,102.0
2022-07-03,20.0,1051.0,231.0,104.0,308.75,36.7999992370606,5866.25,6175.0,137.0,102.0
2022-07-02,20.0,1053.0,232.0,105.0,309.45,36.7999992370606,5879.55,6189.0,137.0,102.0
2022-07-01,20.0,1057.0,232.0,103.0,311.75,36.7999992370606,5923.25,6235.0,137.0,102.0
2022-06-30,20.0,1063.0,234.0,102.0,377.58,36.7999992370606,5915.46,6293.04,137.0,102.0
2022-06-29,18.0,1065.0,236.0,102.0,375.72,36.7999992370606,5886.28,6262.0,137.0,102.0
2022-06-28,20.0,1065.0,236.0,102.0,253.28,36.7999992370606,6078.72,6332.0,137.0,102.0
2022-06-27,18.0,1061.0,236.0,103.0,313.05,36.7999992370606,5947.95,6261.0,137.0,102.0
2022-06-26,24.0,1056.0,233.0,105.0,373.8,36.7999992370606,5856.2,6230.0,137.0,102.0
2022-06-25,6.0,1065.0,230.0,105.0,433.23,36.7999992370606,5755.77,6189.0,137.0,101.0
2022-06-24,20.0,1055.0,224.0,101.0,406.07,36.7999992370606,5394.93,5801.0,137.0,101.0
2022-06-23,24.0,1046.0,191.0,96.0,229.15,36.7999992370606,4353.85,4583.0,137.0,100.0
2022-06-22,24.0,1043.0,183.0,94.0,214.55,36.7999992370606,4076.45,4291.0,137.0,99.0
2022-06-21,10.0,1063.0,181.0,92.0,210.7,36.7999992370606,4003.3,4214.0,137.0,98.0
2022-06-20,8.0,1066.0,196.0,93.0,218.0,,4141.99,4359.99,137.0,99.0
2022-06-10,18.0,1060.0,228.0,105.0,289.95,36.7999992370606,5509.05,5799.0,137.0,111.0
2022-06-09,20.0,1070.0,217.0,105.0,345.54,36.7999992370606,5413.46,5759.0,137.0,111.0
2022-06-07,22.0,1089.0,229.0,104.0,462.24,36.7999992370606,5315.76,5778.0,137.0,111.0
2022-06-06,24.0,1063.0,231.0,105.0,346.02,36.7999992370606,5420.98,5767.0,137.0,111.0
2022-06-05,24.0,1071.0,232.0,105.0,404.74,36.7999992370606,5377.26,5782.0,137.0,111.0
2022-06-04,24.0,1077.0,230.0,104.0,405.02,36.7999992370606,5380.98,5786.0,137.0,111.0
2022-06-03,24.0,1073.0,239.0,105.0,347.06,36.7999992370606,5437.34,5784.4,137.0,111.0
2022-06-02,24.0,1062.0,320.0,103.0,347.24,36.7999992370606,5440.16,5787.4,137.0,110.0
2022-06-01,24.0,1062.0,232.0,105.0,345.4,36.7999992370606,5411.2,5756.6,137.0,111.0
2022-05-27,24.0,1064.0,221.0,104.0,287.6,36.5999984741211,5464.4,5752.0,137.0,112.0
2022-05-26,24.0,1040.0,235.0,103.0,288.4,36.7999992370606,5479.6,5768.0,137.0,110.0
2022-05-25,6.0,1067.0,221.0,107.0,344.52,36.7999992370606,5397.48,5742.0,137.0,111.0
2022-05-22,24.0,1070.0,233.0,102.0,343.74,36.7999992370606,5385.26,5729.0,137.0,110.0
2022-05-20,16.0,1063.0,242.0,108.0,296.03,36.7999992370606,5624.48,5920.51,137.0,104.0
2022-05-16,14.0,1076.0,232.0,105.0,345.48,36.7999992370606,5412.52,5758.0,137.0,111.0
2022-05-15,24.0,1082.0,231.0,104.0,345.0,36.7999992370606,5405.0,5750.0,137.0,111.0
2022-05-14,24.0,1076.0,232.0,103.0,343.92,36.7999992370606,5388.08,5732.0,137.0,111.0
2022-05-13,24.0,1077.0,233.0,103.0,346.38,36.9000015258789,5426.62,5773.0,137.0,112.0
2022-05-12,6.0,1075.0,231.0,103.0,356.04,36.7999992370606,5577.96,5934.0,137.0,113.0
2022-05-11,14.0,1076.0,232.0,104.0,377.7,36.7999992370606,5917.3,6295.0,137.0,112.0
2022-05-10,14.0,1075.0,231.0,103.0,381.72,36.7999992370606,5980.28,6362.0,137.0,111.0
2022-05-09,14.0,1082.0,231.0,104.0,444.57,36.7999992370606,5906.43,6351.0,137.0,112.0
2022-05-08,8.0,1073.0,231.0,104.0,377.64,36.7999992370606,5916.36,6294.0,137.0,112.0
2022-05-07,12.0,1069.0,231.0,104.0,437.5,36.7999992370606,5812.5,6250.0,137.0,111.0
2022-05-06,14.0,1072.0,229.0,103.0,375.42,36.7999992370606,5881.58,6257.0,137.0,111.0
2022-05-05,12.0,1067.0,230.0,103.0,348.6,36.7999992370606,5461.4,5810.0,137.0,111.0
2022-05-04,8.0,1088.0,229.0,102.0,346.32,36.7999992370606,5425.68,5772.0,137.0,111.0
2022-05-03,12.0,1074.0,228.0,104.0,352.8,36.7999992370606,5527.2,5880.0,137.0,110.0
2022-05-02,12.0,1077.0,229.0,103.0,357.0,36.7999992370606,5593.0,5950.0,137.0,110.0
2022-05-01,12.0,1081.0,229.0,102.0,340.8,36.7999992370606,5339.2,5680.0,137.0,110.0
2022-04-30,2.0,1080.0,227.0,103.0,172.83,36.7999992370606,5588.17,5761.0,137.0,111.0
2022-04-16,22.0,1108.0,245.0,104.0,356.46,36.7999992370606,5584.54,5941.0,137.0,110.0
2022-04-15,16.0,1099.0,236.0,105.0,316.2,36.7999992370606,6007.8,6324.0,137.0,110.0
2022-04-03,6.0,1084.0,197.0,95.0,311.92,,4144.08,4456.0,137.0,104.0
2022-04-02,6.0,1075.0,195.0,96.0,290.16,,4545.84,4836.0,137.0,103.0
2022-04-01,2.0,1085.0,205.0,101.0,256.32,,4015.68,4272.0,137.0,102.0
2022-03-31,6.0,1081.0,180.0,101.0,373.12,,4290.88,4664.0,137.0,103.0
2022-03-30,8.0,1087.0,180.0,101.0,397.2,,4567.8,4965.0,137.0,102.0
2022-03-27,12.0,1095.0,225.0,101.0,295.7,,5618.3,5914.0,137.0,103.0
2022-03-26,12.0,1099.0,224.0,103.0,467.36,,5374.64,5842.0,137.0,104.0
2022-03-25,6.0,1080.0,221.0,116.0,476.16,,5475.84,5952.0,137.0,108.0
2021-12-28,2.0,1091.0,258.0,111.0,348.31,,4627.61,4975.92,137.0,120.0
2021-12-26,2.0,1107.0,279.0,112.0,368.05,,4889.87,5257.92,137.0,120.0
2021-12-24,2.0,1105.0,244.0,112.0,323.74,,4301.18,4624.92,137.0,120.0
2021-11-23,1.0,1122.0,233.0,110.0,219.66,,2918.34,3138.0,137.0,120.0
2021-11-18,2.0,1115.0,281.0,113.0,297.6,,3422.4,3720.0,137.0,126.0
2021-11-05,24.0,953.0,592.0,108.0,251.72,,3344.28,3596.0,55.0,104.0
2021-11-04,14.0,963.0,598.0,112.0,200.62,,2665.38,2866.0,55.0,109.0
2021-11-03,10.0,1191.0,926.0,103.0,309.42,,3128.58,3438.0,40.0,104.0
2020-12-14,6.0,1186.0,726.0,98.0,783.36,,3824.64,4608.0,48.0,115.0
2020-12-13,24.0,1240.0,752.0,97.0,654.08,,4017.92,4672.0,48.0,116.0
2020-12-12,18.0,1231.0,753.0,91.0,555.24,,4071.76,4627.0,48.0,101.0
2020-12-11,7.0,1225.0,756.0,97.0,893.76,,3810.24,4704.0,48.0,117.0
2020-11-16,14.0,1102.0,1105.0,85.0,294.06,,1967.94,2262.0,30.0,110.0
2020-11-15,10.0,1096.0,1121.0,85.0,338.55,,1918.45,2257.0,30.0,110.0
2020-11-14,16.0,1088.0,1156.0,84.0,0.0,,0.0,0.0,30.0,110.0
2020-11-13,8.0,1077.0,1238.0,,0.0,,0.0,0.0,28.0,110.0
2020-11-12,9.0,1054.0,1438.0,,0.0,,0.0,0.0,20.0,106.0
2020-11-11,7.0,1036.0,1885.0,,0.0,,0.0,0.0,20.0,105.0
2020-04-27,24.0,1075.0,211.0,96.0,613.34,36.7999992370606,4104.66,4718.0,128.0,108.0
2020-04-26,24.0,1065.0,211.0,89.5,494.76,36.7999992370606,4217.24,4712.0,128.0,108.0
2020-04-25,24.0,1087.0,214.0,86.0,684.04,34.7999992370606,4201.96,4886.0,128.0,108.0
2020-04-24,8.0,1094.0,212.0,96.0,668.82,34.7999992370606,3646.17,4314.99,137.0,108.0
2020-04-23,3.0,1085.0,222.0,96.0,706.5,,4003.5,4710.0,90.0,109.0
2020-04-22,10.0,1051.0,234.0,95.0,494.78,34.7999992370606,4003.22,4498.0,80.0,109.0
2020-02-07,8.0,1075.0,244.0,93.0,1029.8,34.7999992370606,4119.2,5149.0,80.0,100.0
2020-02-06,12.0,1066.0,241.0,94.0,1020.6,34.7999992370606,4082.4,5103.0,80.0,101.0
2020-02-05,24.0,1073.0,257.0,93.0,851.19,34.7999992370606,4155.81,5007.0,72.0,101.0
2020-02-04,24.0,1074.0,258.0,94.0,1015.2,34.7999992370606,4060.8,5076.0,72.0,101.0
2020-02-02,14.0,1077.0,260.0,93.0,1120.24,34.7999992370606,3971.76,5092.0,72.0,101.0
2020-02-01,24.0,1078.0,272.0,93.0,1309.62,34.7999992370606,3727.38,5037.0,68.0,101.0
2020-01-31,14.0,1073.0,269.0,92.0,1416.8,34.7999992370606,3643.2,5060.0,68.0,101.0
2020-01-30,8.0,999.0,226.0,90.0,1199.34,34.7999992370606,3242.66,4442.0,68.0,101.0
2020-01-29,24.0,1000.0,234.0,90.0,1160.51,,3390.5,4551.01,64.0,101.0
2020-01-28,24.0,1001.0,234.0,91.0,1588.41,34.7999992370606,3292.99,4881.4,64.0,100.0
2020-01-22,24.0,998.0,227.0,90.0,1319.76,34.7999992370606,3568.24,4888.0,72.0,101.0
2020-01-21,24.0,998.0,227.0,90.0,1215.0,34.7999992370606,3645.0,4860.0,72.0,101.0
2020-01-20,24.0,998.0,227.0,90.0,1285.65,34.7999992370606,3659.15,4944.8,72.0,101.0
2020-01-19,24.0,998.0,229.0,92.0,1353.45,34.7999992370606,3559.25,4912.7,72.0,103.0
2020-01-18,24.0,998.0,245.0,91.0,1308.64,34.7999992370606,3450.06,4758.7,64.0,104.0
2020-01-17,24.0,1000.0,263.0,90.0,1418.54,,3084.76,4503.3,56.0,105.0
2020-01-16,24.0,998.0,287.0,88.0,1949.33,34.7999992370606,2198.18,4147.51,50.0,103.0
2020-01-15,11.0,991.0,283.0,87.0,1051.5,34.7999992370606,2453.5,3505.0,46.0,103.0
2020-01-14,6.0,1003.0,337.0,84.0,1252.35,34.7999992370606,1530.65,2783.0,44.0,103.0
2020-01-13,6.0,1009.0,357.0,85.0,857.1,34.7999992370606,1999.9,2857.0,40.0,107.0
2020-01-12,24.0,1010.0,362.0,83.0,906.56,34.7999992370606,1926.44,2833.0,38.0,105.0
2020-01-11,6.0,1009.0,362.0,83.0,990.5,34.7999992370606,1839.5,2830.0,38.0,103.0
2020-01-10,6.0,1008.0,371.0,84.0,901.68,34.7999992370606,1750.32,2652.0,36.0,104.0
2020-01-09,7.0,1009.0,378.0,85.0,898.56,34.7999992370606,1597.44,2496.0,34.0,108.0
2020-01-06,24.0,1007.0,411.0,83.0,903.56,34.7999992370606,1327.45,2231.01,30.0,104.0
2020-01-05,24.0,1007.0,421.0,82.0,851.76,34.7999992370606,1176.24,2028.0,28.0,104.0
2020-01-04,24.0,1007.0,422.0,83.0,922.68,34.7999992370606,1174.32,2097.0,28.0,104.0
2020-01-03,24.0,1007.0,423.0,83.0,854.85,34.7999992370606,1230.15,2085.0,28.0,103.0
2020-01-02,24.0,1008.0,426.0,83.0,1015.2,34.7999992370606,1144.8,2160.0,28.0,104.0
2020-01-01,24.0,1008.0,429.0,84.0,952.22,34.7999992370606,1073.78,2026.0,28.0,105.0
2019-12-31,24.0,1009.0,431.0,84.0,884.68,34.7999992370606,1172.72,2057.4,28.0,104.0
2019-12-30,24.0,1005.0,427.0,84.0,917.24,34.7999992370606,1076.76,1994.0,28.0,105.0
2019-12-25,24.0,1002.0,433.0,83.0,1034.39,34.7999992370606,1076.61,2111.0,28.0,102.0
2019-12-24,24.0,1004.0,435.0,84.0,1027.53,34.7999992370606,1069.47,2097.0,28.0,102.0
2019-12-23,24.0,1001.0,467.0,83.0,965.12,34.7999992370606,542.88,1508.0,28.0,102.0
2019-12-22,24.0,997.0,478.0,83.0,979.16,34.7999992370606,527.24,1506.4,24.0,105.0
2019-12-21,24.0,996.0,480.0,84.0,895.93,34.7999992370606,675.87,1571.8,24.0,105.0
2019-12-20,24.0,1000.0,489.0,83.0,1075.08,34.7999992370606,505.92,1581.0,24.0,104.0
2019-12-19,20.0,999.0,492.0,84.0,1072.39,34.7999992370606,504.65,1577.04,24.0,105.0
2019-12-18,24.0,1000.0,495.0,84.0,1070.88,34.7999992370606,481.12,1552.0,24.0,104.0
2019-12-17,24.0,1002.0,500.0,83.0,1218.0,34.7999992370606,406.0,1624.0,24.0,103.0
2019-12-16,24.0,1000.0,497.0,83.0,1013.04,34.7999992370606,594.96,1608.0,24.0,103.0
2019-12-15,24.0,1002.0,503.0,83.0,1195.5,34.7999992370606,398.5,1594.0,24.0,103.0
2019-12-14,24.0,1002.0,512.0,83.0,1264.0,34.7999992370606,316.0,1580.0,24.0,102.0
2019-12-12,24.0,1002.0,515.0,83.0,1288.0,34.7999992370606,322.0,1610.0,24.0,102.0
2019-12-09,24.0,1007.0,525.0,82.0,1271.2,34.7999992370606,317.8,1589.0,24.0,103.0
2019-12-08,24.0,1005.0,525.0,82.0,1284.8,34.7999992370606,321.2,1606.0,24.0,103.0
2019-12-07,24.0,1004.0,525.0,83.0,1286.4,34.7999992370606,321.6,1608.0,24.0,103.0
2019-12-06,24.0,1007.0,531.0,83.0,1248.99,,332.01,1581.0,24.0,102.0
2019-12-05,24.0,984.0,498.0,83.0,1297.6,34.7999992370606,324.4,1622.0,24.0,106.0
2019-12-04,24.0,1004.0,532.0,82.0,1322.66,34.7999992370606,290.34,1613.0,24.0,104.0
2019-12-03,24.0,1003.0,534.0,83.0,1321.84,34.7999992370606,290.16,1612.0,24.0,104.0
2019-11-27,24.0,1003.0,544.0,83.0,1461.6,34.7999992370606,162.4,1624.0,24.0,105.0
2019-11-26,24.0,1005.0,546.0,83.0,1465.83,34.7999992370606,181.17,1647.0,24.0,102.0
2019-11-25,24.0,1005.0,548.0,83.0,1488.6,34.7999992370606,165.4,1654.0,24.0,102.0
2019-11-24,24.0,1008.0,556.0,83.0,1446.48,34.7999992370606,160.72,1607.2,24.0,103.0
2019-11-23,24.0,1007.0,557.0,83.0,1479.02,34.7999992370606,146.28,1625.3,24.0,101.0
2019-11-22,24.0,1007.0,559.0,83.0,1498.77,34.7999992370606,148.23,1647.0,24.0,100.0
2019-11-21,24.0,1008.0,562.0,82.0,1535.48,34.0999984741211,133.52,1669.0,24.0,100.0
2019-11-20,24.0,1006.0,562.0,82.0,1592.36,34.7999992370606,101.64,1694.0,24.0,100.0
2019-11-19,24.0,1006.0,564.0,83.0,1561.47,34.7999992370606,117.53,1679.0,24.0,102.0
2019-11-18,24.0,1008.0,569.0,83.0,1582.02,34.7999992370606,100.98,1683.0,24.0,102.0
2019-11-17,24.0,1009.0,571.0,82.0,1579.2,34.7999992370606,100.8,1680.0,24.0,102.0
2019-11-16,24.0,1011.0,577.0,82.0,1604.84,34.7999992370606,84.47,1689.31,24.0,102.0
2019-11-15,24.0,1003.0,573.0,82.0,1580.14,34.7999992370606,100.86,1681.0,24.0,103.0
2019-11-14,24.0,1008.0,582.0,82.0,1588.8,34.7999992370606,66.2,1655.0,24.0,102.0
2019-11-10,24.0,1017.0,611.0,82.0,1686.83,34.7999992370606,52.17,1739.0,24.0,103.0
2019-11-09,24.0,1019.0,615.0,81.0,1730.63,34.7999992370606,44.38,1775.01,24.0,102.0
2019-11-07,24.0,1022.0,624.0,82.0,1710.95,34.7999992370606,26.06,1737.01,24.0,103.0
2019-11-06,24.0,1025.0,629.0,82.0,1764.73,34.7999992370606,26.87,1791.6,24.0,102.0
2019-10-30,24.0,1040.0,651.0,82.0,1669.84,34.7999992370606,15.17,1685.01,24.0,103.0
2019-10-29,24.0,1040.0,650.0,82.0,1731.27,34.7999992370606,1.73,1733.0,24.0,103.0
2019-10-28,24.0,1040.0,650.0,82.0,1652.52,34.7999992370606,2.48,1655.0,24.0,103.0
2019-10-27,24.0,1038.0,648.0,82.0,1696.89,34.7999992370606,5.11,1702.0,24.0,103.0
2019-10-26,10.0,1040.0,651.0,80.0,1804.48,34.7999992370606,4.52,1809.0,24.0,103.0
2019-10-25,24.0,1037.0,650.0,82.0,1733.27,34.7999992370606,1.74,1735.01,24.0,103.0
2019-10-23,12.0,1125.0,694.0,82.0,1478.06,34.7999992370606,5.94,1484.0,24.0,103.0
2019-10-22,24.0,1087.0,675.0,82.0,1658.01,34.7999992370606,4.99,1663.0,24.0,102.0
2019-10-18,24.0,1082.0,644.0,81.0,1945.23,34.7999992370606,9.78,1955.01,24.0,104.0
2019-10-17,24.0,1085.0,644.0,81.0,1958.09,34.7999992370606,4.91,1963.0,24.0,104.0
2019-10-14,24.0,1102.0,647.0,81.0,1914.44,34.7999992370606,11.56,1926.0,24.0,104.0
2019-10-13,24.0,1102.0,645.0,81.0,1923.28,34.7999992370606,7.72,1931.0,24.0,104.0
2019-10-12,24.0,1088.0,638.0,81.0,1927.17,34.7999992370606,4.83,1932.0,24.0,104.0
2019-10-11,24.0,1088.0,636.0,81.0,1920.08,34.7999992370606,1.92,1922.0,24.0,105.0
2019-10-10,24.0,1093.0,637.0,82.0,1921.08,34.7999992370606,1.92,1923.0,24.0,105.0
2019-10-09,24.0,1092.0,634.0,81.0,1911.45,34.7999992370606,5.75,1917.2,24.0,105.0
2019-10-02,15.0,1042.0,242.0,106.0,1310.54,34.5999984741211,3455.06,4765.6,90.0,106.0
2019-10-01,12.0,1043.0,247.0,73.0,1289.79,34.5999984741211,3487.21,4777.0,90.0,106.0
2019-09-30,6.0,1042.0,260.0,91.0,2391.48,34.5999984741211,2864.52,5256.0,90.0,108.0
2019-09-28,9.0,1029.0,563.0,83.0,2189.75,34.5999984741211,4.39,2194.14,30.0,106.0
2019-09-27,6.0,1044.0,646.0,84.0,2438.28,34.5999984741211,14.72,2453.0,30.0,106.0
2019-09-12,24.0,1054.0,200.0,88.0,209.58,34.5999984741211,3014.72,3224.3,137.0,103.0
2019-09-11,24.0,1053.0,196.0,95.0,155.55,34.5999984741211,2955.45,3111.0,137.0,13.0
2019-09-10,24.0,1053.0,195.0,96.0,123.32,34.5999984741211,2959.68,3083.0,137.0,104.0
2019-09-05,24.0,1058.0,206.0,87.0,260.96,34.5999984741211,3001.04,3262.0,137.0,104.0
2019-09-04,24.0,1059.0,204.0,88.0,223.58,34.5999984741211,2970.42,3194.0,137.0,104.0
2019-09-03,24.0,1059.0,204.0,87.0,189.6,534.599975585938,2970.4,3160.0,137.0,10.0
2019-09-02,24.0,1058.0,197.0,86.0,248.02,34.5999984741211,2852.18,3100.2,137.0,105.0
2019-09-01,24.0,1066.0,229.0,87.0,1635.35,34.5999984741211,2557.85,4193.2,137.0,105.0
2019-08-31,24.0,1056.0,200.0,87.0,158.16,34.5999984741211,3004.94,3163.1,137.0,105.0
2019-08-30,24.0,1058.0,202.0,88.0,324.08,34.5999984741211,2916.72,3240.8,137.0,104.0
2019-08-29,24.0,1083.0,253.0,90.0,1865.9,34.5999984741211,2834.1,4700.0,137.0,106.0
2019-08-26,20.0,1068.0,214.0,88.0,156.08,34.5999984741211,3745.92,3902.0,137.0,105.0
2019-08-25,15.0,1093.0,275.0,90.0,2355.32,34.5999984741211,2997.68,5353.0,137.0,106.0
2019-08-24,24.0,1064.0,204.0,87.0,195.0,34.5999984741211,3055.0,3250.0,137.0,105.0
2019-08-23,24.0,1064.0,203.0,87.0,298.35,34.5999984741211,3016.65,3315.0,137.0,104.0
2019-08-22,24.0,1088.0,229.0,89.0,1400.4,34.5999984741211,2489.6,3890.0,137.0,105.0
2019-08-19,24.0,1074.0,203.0,88.0,130.96,34.5999984741211,3143.04,3274.0,137.0,106.0
2019-08-18,7.0,1075.0,201.0,88.0,160.7,34.5999984741211,3053.31,3214.01,137.0,105.0
2019-08-17,17.0,1145.0,299.0,89.0,2613.67,34.5999984741211,2947.33,5561.0,137.0,108.0
2019-08-16,24.0,1125.0,215.0,87.0,171.75,34.5999984741211,3263.25,3435.0,137.0,106.0
2019-08-15,24.0,1109.0,207.0,87.0,148.91,34.5999984741211,3160.19,3309.1,137.0,106.0
2019-08-14,24.0,1114.0,262.0,89.0,1838.07,34.5999984741211,2936.13,4774.2,137.0,108.0
2019-08-13,24.0,1104.0,243.0,88.0,1533.87,34.5999984741211,2912.13,4446.0,137.0,109.0
2019-08-07,24.0,1114.0,217.0,88.0,212.58,,3330.42,3543.0,137.0,109.0
2019-07-19,10.0,1116.0,210.0,91.0,1738.62,34.5999984741211,1944.9,3683.52,137.0,105.0
2019-07-05,12.0,1121.0,184.0,85.0,66.96,34.5999984741211,2165.17,2232.13,137.0,106.0
2019-07-04,12.0,1140.0,183.0,85.0,87.94,34.5999984741211,2110.46,2198.4,137.0,105.0
2019-07-03,10.0,1144.0,12.0,85.0,107.28,34.5999984741211,2574.72,2682.0,137.0,104.0
2019-07-02,6.0,1145.0,185.0,87.0,99.79,34.5999984741211,2751.22,2851.01,137.0,106.0
2019-07-01,18.0,1143.0,258.0,93.0,2668.02,34.5999984741211,2365.98,5034.0,137.0,107.0
2019-06-30,16.0,1138.0,261.0,92.0,2794.16,34.5999984741211,2477.84,5272.0,137.0,108.0
2019-06-28,10.0,1142.0,269.0,86.0,5313.6,34.5999984741211,1328.4,6642.0,137.0,108.0
2019-06-27,24.0,1130.0,197.0,87.0,502.46,34.5999984741211,3086.54,3589.0,137.0,106.0
2019-06-23,6.0,1126.0,196.0,87.0,491.55,34.5999984741211,2785.45,3277.0,137.0,104.0
2019-06-22,24.0,1119.0,191.0,86.0,220.24,34.5999984741211,2926.06,3146.3,137.0,105.0
2019-06-21,24.0,1116.0,192.0,86.0,151.65,34.5999984741211,2881.35,3033.0,137.0,106.0
2019-06-19,6.0,1122.0,145.0,86.0,102.27,34.5999984741211,3306.73,3409.0,137.0,56.0
2019-06-18,6.0,1115.0,190.0,85.0,110.28,34.5999984741211,2646.72,2757.0,137.0,103.0
2019-06-17,6.0,1120.0,170.0,84.0,55.06,34.5999984741211,2697.94,2753.0,137.0,104.0
2019-06-16,6.0,1050.0,207.0,89.0,152.92,34.5999984741211,4216.28,4369.2,137.0,106.0
2019-06-15,6.0,1050.0,221.0,88.0,1621.15,34.5999984741211,3782.69,5403.84,137.0,105.0
2019-06-14,6.0,1110.0,245.0,90.0,1659.51,34.5999984741211,2595.65,4255.16,137.0,108.0
2019-06-13,6.0,1110.0,242.0,88.0,2298.59,34.5999984741211,2038.37,4336.96,137.0,110.0
2019-03-04,16.0,1110.0,212.0,93.0,1463.4,34.5999984741211,2601.6,4065.0,137.0,109.0
2018-03-12,3.0,1100.0,200.0,91.0,433.44,34.5999984741211,3178.56,3612.0,137.0,115.0
2017-09-30,2.0,1085.0,210.0,,197.49,34.5999984741211,1777.41,1974.9,137.0,180.0
2017-02-16,24.0,548.0,451.0,83.0,1593.6,34.5999984741211,66.4,1660.0,25.0,118.0
2017-02-15,24.0,500.0,650.0,83.0,1566.72,34.5999984741211,65.28,1632.0,25.0,118.0
2017-02-14,24.0,500.0,650.0,83.0,1597.44,83.0,66.56,1664.0,25.0,118.0
2017-02-13,24.0,0.0,580.0,83.0,1527.99,34.5999984741211,115.01,1643.0,25.0,118.0
2017-02-12,24.0,0.0,580.0,83.0,1522.41,34.5999984741211,114.59,1637.0,25.0,118.0
2017-01-11,24.0,400.0,780.0,84.0,2338.9,34.5999984741211,123.1,2462.0,25.0,117.0
2017-01-10,24.0,400.0,800.0,84.0,2356.0,34.5999984741211,124.0,2480.0,25.0,117.0
2017-01-09,24.0,400.0,800.0,83.0,2381.65,34.5999984741211,125.35,2507.0,25.0,118.0
2017-01-08,24.0,400.0,1480.0,84.0,2338.67,34.5999984741211,72.33,2411.0,25.0,118.0
2017-01-07,24.0,400.0,1480.0,84.0,1606.32,34.5999984741211,49.68,1656.0,25.0,128.0
2017-01-06,24.0,400.0,1560.0,84.0,1400.68,34.5999984741211,43.32,1444.0,25.0,129.0
2017-01-05,24.0,400.0,780.0,82.0,2074.5,34.5999984741211,230.5,2305.0,25.0,120.0
2017-01-04,18.0,400.0,780.0,84.0,2244.58,34.5999984741211,69.42,2314.0,25.0,117.0
2017-01-02,24.0,400.0,720.0,85.0,2252.34,34.5999984741211,69.66,2322.0,25.0,117.0
2017-01-01,24.0,400.0,720.0,84.0,2271.74,34.5999984741211,70.26,2342.0,25.0,116.0
2016-12-31,24.0,370.0,1540.0,84.0,2217.6,34.5999984741211,92.4,2310.0,25.0,116.0
2016-12-30,24.0,370.0,1540.0,84.0,2087.04,34.5999984741211,86.96,2174.0,25.0,117.0
2016-12-29,24.0,370.0,1540.0,84.0,1325.76,34.5999984741211,55.24,1381.0,25.0,130.0
2016-12-26,24.0,350.0,760.0,84.0,2241.6,34.5999984741211,93.4,2335.0,25.0,116.0
2016-12-25,24.0,350.0,740.0,84.0,2194.56,34.5999984741211,91.44,2286.0,25.0,116.0
2016-12-24,24.0,350.0,740.0,84.0,2187.84,34.5999984741211,91.16,2279.0,25.0,116.0
2016-12-23,24.0,50.0,740.0,84.0,2175.5,34.5999984741211,114.5,2290.0,25.0,115.0
2016-12-22,24.0,350.0,740.0,83.0,2234.88,34.5999984741211,93.12,2328.0,25.0,116.0
2016-12-21,24.0,90.0,750.0,84.0,2317.44,34.5999984741211,96.56,2414.0,25.0,115.0
2016-12-20,4.0,400.0,770.0,84.0,2336.26,34.5999984741211,11.74,2348.0,25.0,115.0
2016-12-19,6.0,0.0,1770.0,85.0,537.04,34.5999984741211,10.96,548.0,25.0,133.0
2016-12-17,24.0,300.0,760.0,84.0,2247.14,34.5999984741211,45.86,2293.0,25.0,115.0
2016-12-14,14.0,0.0,790.0,85.0,2254.98,34.5999984741211,46.02,2301.0,25.0,116.0
2016-12-12,18.0,300.0,820.0,85.0,2339.25,34.5999984741211,11.76,2351.01,25.0,116.0
2016-12-11,8.0,300.0,880.0,0.5,1484.53,34.5999984741211,7.46,1491.99,20.0,113.0
2016-11-23,24.0,300.0,780.0,85.0,771.13,34.5999984741211,3.88,775.01,10.0,125.0
2016-11-22,24.0,300.0,780.0,83.0,761.18,34.5999984741211,3.83,765.01,10.0,126.0
2016-11-21,12.0,0.0,760.0,85.0,959.18,34.5999984741211,4.82,964.0,10.0,126.0
2016-11-19,6.0,280.0,700.0,86.0,1412.9,34.5999984741211,7.1,1420.0,5.0,120.0
2016-11-17,24.0,270.0,880.0,83.0,894.51,34.5999984741211,4.5,899.01,26.0,130.0
2016-11-16,24.0,270.0,880.0,83.0,954.21,34.5999984741211,4.8,959.01,26.0,130.0
2016-11-15,24.0,270.0,880.0,83.0,877.59,34.5999984741211,4.41,882.0,26.0,130.0
2016-11-14,24.0,270.0,880.0,83.0,891.52,34.5999984741211,4.48,896.0,26.0,130.0
2016-11-13,24.0,270.0,880.0,83.0,958.19,34.5999984741211,4.82,963.01,26.0,130.0
2016-11-12,24.0,270.0,880.0,83.0,976.1,34.5999984741211,4.91,981.01,26.0,130.0
2016-11-11,24.0,270.0,880.0,83.0,919.38,34.5999984741211,4.62,924.0,26.0,130.0
2016-11-10,24.0,270.0,880.0,83.0,885.55,34.5999984741211,4.45,890.0,26.0,130.0
2016-11-09,24.0,270.0,880.0,83.0,989.03,34.5999984741211,4.97,994.0,26.0,130.0
2016-11-08,24.0,270.0,880.0,83.0,1005.95,34.5999984741211,5.06,1011.01,26.0,130.0
2016-11-07,24.0,270.0,880.0,83.0,1045.75,34.5999984741211,5.26,1051.01,26.0,130.0
2016-11-06,10.0,270.0,880.0,83.0,1204.98,34.5999984741211,6.06,1211.04,26.0,130.0
2016-11-05,10.0,280.0,960.0,83.0,1395.79,34.5999984741211,7.01,1402.8,24.0,130.0
2016-10-31,24.0,250.0,1060.0,83.0,2579.04,34.5999984741211,12.96,2592.0,28.0,130.0
2016-10-30,24.0,230.0,1100.0,83.0,2665.61,34.5999984741211,13.4,2679.01,28.0,130.0
2016-10-29,24.0,250.0,940.0,83.0,2712.37,34.5999984741211,13.63,2726.0,28.0,130.0
2016-10-18,12.0,220.0,960.0,85.0,289.15,34.5999984741211,1.45,290.6,24.0,134.0
2016-10-08,12.0,1450.0,1140.0,89.0,2251.69,34.5999984741211,11.32,2263.01,20.0,132.0
2016-09-27,12.0,1400.0,880.0,88.0,1059.66,34.5999984741211,16.14,1075.8,12.0,125.0
2016-09-26,24.0,1400.0,880.0,88.0,1205.94,34.5999984741211,6.06,1212.0,12.0,123.0
2016-08-13,24.0,1100.0,550.0,88.0,336.0,28.6000003814697,1904.0,2240.0,40.0,112.0
2016-08-12,24.0,1220.0,780.0,89.0,403.2,28.6000003814697,2284.8,2688.0,40.0,119.0
2016-08-11,24.0,1220.0,780.0,89.0,391.5,28.6000003814697,2218.5,2610.0,40.0,125.0
2016-08-10,24.0,1200.0,700.0,88.0,251.2,28.6000003814697,2260.8,2512.0,40.0,125.0
2016-06-29,24.0,,500.0,,76.67,28.6000003814697,825.33,902.0,18.0,122.0
2016-06-28,24.0,,500.0,,170.54,28.6000003814697,741.46,912.0,18.0,122.0
2016-06-27,24.0,,480.0,,62.65,28.6000003814697,872.36,935.01,18.0,123.0
2016-06-26,24.0,,480.0,,40.42,28.6000003814697,819.58,860.0,18.0,123.0
2016-06-25,24.0,,510.0,,356.75,28.6000003814697,465.25,822.0,18.0,122.0
2016-06-24,24.0,,510.0,,156.87,28.6000003814697,590.13,747.0,18.0,123.0
2016-06-23,24.0,,510.0,,102.08,28.6000003814697,501.92,604.0,10.0,124.0
2016-06-18,8.0,0.0,510.0,86.0,240.6,28.6000003814697,1363.4,1604.0,30.0,110.0
2016-06-13,24.0,0.0,520.0,86.0,405.0,28.6000003814697,1215.0,1620.0,24.0,113.0
2016-06-12,24.0,0.0,520.0,85.0,418.25,28.6000003814697,1254.75,1673.0,24.0,115.0
2016-06-11,24.0,0.0,520.0,86.0,417.0,28.6000003814697,1251.0,1668.0,24.0,115.0
2016-06-10,24.0,0.0,520.0,86.0,435.25,28.6000003814697,1305.75,1741.0,24.0,116.0
2016-06-09,24.0,0.0,500.0,86.0,220.61,28.6000003814697,1476.39,1697.0,24.0,116.0
2016-06-08,24.0,0.0,500.0,85.0,201.37,28.6000003814697,1347.63,1549.0,24.0,114.0
2016-06-07,12.0,0.0,500.0,84.0,434.7,28.6000003814697,1175.3,1610.0,24.0,113.0
2016-05-25,6.0,0.0,490.0,86.0,237.6,28.6000003814697,1346.4,1584.0,24.0,113.0
2016-05-16,24.0,0.0,500.0,86.0,213.0,28.6000003814697,1207.0,1420.0,20.0,118.0
2016-05-15,24.0,0.0,500.0,87.0,212.7,28.6000003814697,1205.3,1418.0,20.0,118.0
2016-05-08,10.0,0.0,530.0,85.0,173.4,28.6000003814697,982.61,1156.01,20.0,115.0
2016-04-09,24.0,0.0,620.0,86.0,114.84,28.6000003814697,523.16,638.0,20.0,122.0
2016-04-08,24.0,0.0,620.0,86.0,402.6,28.6000003814697,268.4,671.0,20.0,121.0
2016-04-07,24.0,0.0,620.0,85.0,383.4,28.6000003814697,255.6,639.0,20.0,122.0
2016-04-05,24.0,0.0,620.0,86.0,426.0,28.6000003814697,284.0,710.0,20.0,122.0
2016-04-04,24.0,0.0,620.0,85.0,420.6,28.6000003814697,280.4,701.0,20.0,122.0
2016-03-19,24.0,0.0,900.0,86.0,200.64,28.6000003814697,711.36,912.0,20.0,123.0
2016-02-09,24.0,0.0,800.0,83.0,396.48,34.4000015258789,842.52,1239.0,26.0,121.0
2016-02-08,6.0,0.0,820.0,88.0,756.0,34.4000015258789,444.0,1200.0,26.0,122.0
2015-08-15,10.0,0.0,1100.0,81.0,1042.59,34.0999984741211,8.41,1051.0,12.0,112.0
2015-08-14,12.0,0.0,1100.0,83.0,1080.29,34.0,8.71,1089.0,12.0,112.0
2015-08-12,12.0,0.0,1100.0,97.0,975.15,33.5999984741211,9.85,985.0,8.0,111.0
2015-08-11,24.0,0.0,1060.0,93.0,1112.49,33.5999984741211,13.51,1126.0,8.0,111.0
2026-05-30,3.0,910.0,800.0,90.0,303.48,27.6000003814697,1.53,305.01,18.0,106.0
2026-05-31,24.0,940.0,690.0,91.0,1099.48,29.1000003814697,5.53,1105.01,34.0,107.0
2026-06-01,17.0,740.0,550.0,91.0,724.35,29.1000003814697,3.64,727.99,24.0,107.0
2026-06-02,24.0,740.0,560.0,92.0,786.64,25.2000007629395,10.36,797.0,24.0,107.0
2026-06-03,24.0,740.0,565.0,92.0,812.46,25.2000007629395,12.54,825.0,24.0,106.0
2026-06-04,16.0,740.0,575.0,92.0,863.88,25.1000003814697,34.12,898.0,24.0,107.0
2026-06-06,24.0,740.0,575.0,92.0,1027.2,25.1000003814697,256.8,1284.0,24.0,107.0
2026-06-07,24.0,740.0,585.0,92.0,942.02,25.1000003814697,330.98,1273.0,24.0,107.0
2002-06-10,6.0,1120.0,250.0,,88.0,34.0999984741211,204.0,292.0,117.0,
2002-01-11,6.0,1180.0,220.0,,68.0,34.2999992370606,240.0,308.0,117.0,
2001-11-15,2.0,,,,26.0,34.3300018310547,32.0,58.0,,
2001-10-05,5.0,1115.0,225.0,,315.0,34.2999992370606,386.0,701.0,128.0,
2001-08-15,2.0,1080.0,230.0,,75.0,34.2999992370606,393.0,468.0,75.0,
2001-08-01,2.0,1080.0,230.0,,275.0,34.4300003051758,253.0,528.0,75.0,
2001-07-12,4.0,1020.0,200.0,,359.0,34.2999992370606,169.0,528.0,75.0,
2001-07-02,2.0,,,,422.0,34.3300018310547,238.0,660.0,,
2001-07-01,2.0,,,,409.0,34.3300018310547,251.0,660.0,,
2001-06-21,4.0,110.0,180.0,,541.0,34.2999992370606,119.0,660.0,128.0,
2001-06-20,4.0,110.0,180.0,,541.0,34.2999992370606,119.0,660.0,128.0,
2001-06-01,2.0,980.0,190.0,,340.0,34.4300003051758,313.0,653.0,75.0,
2001-05-07,2.0,1000.0,200.0,,510.0,34.4300003051758,274.0,784.0,75.0,
2001-05-04,2.0,1040.0,205.0,,314.0,34.4300003051758,470.0,784.0,75.0,
2001-05-01,2.0,1050.0,175.0,,627.0,34.4300003051758,157.0,784.0,75.0,
2001-04-19,2.0,1060.0,220.0,,455.0,34.4300003051758,329.0,784.0,75.0,
2001-04-02,2.0,1080.0,200.0,,666.0,34.4300003051758,118.0,784.0,75.0,
2001-04-01,2.0,1080.0,200.0,,682.0,34.4300003051758,102.0,784.0,75.0,
2001-03-25,2.0,1030.0,210.0,,627.0,34.1300010681152,157.0,784.0,75.0,
2001-03-23,2.0,1050.0,210.0,,690.0,34.4300003051758,94.0,784.0,75.0,
2001-03-02,6.0,1050.0,200.0,,721.0,34.4000015258789,63.0,784.0,75.0,
2001-03-01,2.0,1160.0,190.0,,719.0,34.1300010681152,61.0,780.0,90.0,
2001-02-21,4.0,1140.0,200.0,,507.0,34.1300010681152,273.0,780.0,128.0,
2001-02-18,24.0,1120.0,195.0,,764.0,34.5,16.0,780.0,128.0,
2001-02-16,4.0,1100.0,190.0,,764.0,34.5,16.0,780.0,128.0,
2001-02-01,9.0,,,,485.0,34.1300010681152,26.0,511.0,,
2001-01-17,2.0,1100.0,200.0,,497.0,34.1300010681152,13.0,510.0,128.0,
2001-01-14,2.0,,,,357.0,34.1300010681152,153.0,510.0,,
2001-01-11,2.0,1160.0,200.0,,492.0,34.1300010681152,18.0,510.0,128.0,
2001-01-09,2.0,1140.0,215.0,,492.0,34.1300010681152,18.0,510.0,128.0,
2001-01-07,2.0,1120.0,190.0,,498.0,34.1300010681152,12.0,510.0,128.0,
2001-01-03,2.0,,,,497.0,34.1300010681152,13.0,510.0,,
2001-01-01,2.0,,,,496.0,34.1300010681152,14.0,510.0,,
2000-12-19,8.0,1040.0,220.0,,502.0,34.0999984741211,8.0,510.0,128.0,
2000-10-02,6.0,1060.0,230.0,,606.0,32.7999992370606,1.0,607.0,128.0,
2000-09-25,3.0,1090.0,220.0,,631.0,33.5,1.0,632.0,128.0,
2000-09-06,11.0,1100.0,270.0,,622.0,32.4000015258789,4.0,626.0,128.0,
2000-08-16,6.0,1060.0,240.0,,645.0,32.2999992370606,3.0,648.0,128.0,
2000-08-11,6.0,1100.0,210.0,,645.0,33.7000007629394,10.0,655.0,128.0,
2000-08-06,10.0,1100.0,210.0,,624.0,34.2999992370606,16.0,640.0,128.0,
2000-07-28,24.0,1100.0,230.0,,630.0,34.5,6.0,636.0,128.0,
2000-07-27,3.0,1100.0,330.0,,630.0,34.5,6.0,636.0,128.0,
2000-06-29,8.0,1100.0,320.0,,657.0,34.0999984741211,10.0,667.0,128.0,
2000-05-21,4.0,1100.0,240.0,,717.0,34.0999984741211,11.0,728.0,128.0,
2000-05-01,6.0,1060.0,235.0,,699.0,34.2000007629394,1.0,700.0,128.0,
2000-04-10,11.0,1090.0,240.0,,725.0,34.4000015258789,0.0,725.0,128.0,
2000-04-06,10.0,1075.0,240.0,,719.0,34.0999984741211,0.0,719.0,128.0,
2000-03-24,6.0,1080.0,240.0,,776.0,34.5,2.0,778.0,128.0,
2000-03-16,24.0,1100.0,220.0,,759.0,34.2999992370606,1.0,760.0,128.0,
2000-03-15,6.0,1120.0,250.0,,759.0,34.2999992370606,1.0,760.0,128.0,
2000-03-07,8.0,1100.0,240.0,,756.0,34.5999984741211,2.0,758.0,128.0,
2000-03-01,10.0,1100.0,250.0,,773.0,34.2000007629394,5.0,778.0,128.0,
2000-02-26,24.0,1140.0,245.0,,939.0,34.2000007629394,3.0,942.0,128.0,
2000-02-25,24.0,1120.0,220.0,,938.0,34.2000007629394,4.0,942.0,128.0,
2000-02-24,24.0,1120.0,220.0,,938.0,34.2000007629394,4.0,942.0,128.0,
2000-02-23,24.0,1150.0,220.0,,941.0,34.2000007629394,1.0,942.0,128.0,
2000-02-22,24.0,1120.0,220.0,,936.0,34.2000007629394,6.0,942.0,128.0,
2000-02-21,24.0,1130.0,220.0,,0.0,34.2000007629394,0.0,0.0,128.0,
2000-02-20,24.0,1120.0,210.0,,0.0,34.2000007629394,0.0,0.0,128.0,
2000-02-19,24.0,1080.0,250.0,,0.0,34.2000007629394,0.0,0.0,128.0,
2000-02-18,24.0,1100.0,185.0,,0.0,34.2000007629394,0.0,0.0,128.0,
2000-02-16,24.0,1020.0,185.0,,0.0,34.2000007629394,0.0,0.0,128.0,
2000-02-15,24.0,880.0,210.0,,0.0,34.4000015258789,0.0,0.0,128.0,
2000-02-14,24.0,1100.0,210.0,,0.0,34.4000015258789,0.0,0.0,128.0,
2000-02-13,24.0,1100.0,210.0,,0.0,34.4000015258789,0.0,0.0,128.0,
2000-02-12,24.0,1080.0,210.0,,0.0,34.4000015258789,0.0,0.0,128.0,
2000-02-11,24.0,1080.0,200.0,,0.0,0.0,0.0,0.0,128.0,
2000-02-09,24.0,1100.0,210.0,,0.0,34.4000015258789,0.0,0.0,128.0,
2000-02-08,4.0,1100.0,260.0,,937.0,34.4000015258789,5.0,942.0,128.0,
2000-02-07,24.0,720.0,240.0,,964.0,34.2999992370606,4.0,968.0,128.0,
2000-02-06,24.0,740.0,220.0,,964.0,34.2999992370606,4.0,968.0,128.0,
2000-02-05,24.0,720.0,230.0,,956.0,34.2999992370606,12.0,968.0,128.0,
2000-02-04,24.0,720.0,250.0,,960.0,34.2999992370606,8.0,968.0,128.0,
2000-02-03,3.0,750.0,260.0,,960.0,34.2999992370606,8.0,968.0,128.0,
2000-02-02,2.0,750.0,260.0,,957.0,34.4000015258789,3.0,960.0,128.0,
2000-02-01,24.0,750.0,190.0,,955.0,33.4000015258789,5.0,960.0,128.0,
2000-01-31,24.0,750.0,240.0,,955.0,33.4000015258789,5.0,960.0,128.0,
2000-01-30,24.0,760.0,245.0,,955.0,33.4000015258789,5.0,960.0,128.0,
2000-01-29,24.0,770.0,240.0,,955.0,33.4000015258789,5.0,960.0,128.0,
2000-01-28,5.0,780.0,310.0,,955.0,33.4000015258789,5.0,960.0,128.0,
2000-01-27,24.0,980.0,250.0,,906.0,35.0,2.0,908.0,128.0,
2000-01-26,24.0,970.0,230.0,,893.0,35.0,15.0,908.0,128.0,
2000-01-25,24.0,1000.0,230.0,,905.0,35.0,3.0,908.0,128.0,
2000-01-20,12.0,1020.0,320.0,,907.0,33.5999984741211,1.0,908.0,128.0,
2000-01-18,3.0,1010.0,290.0,,767.0,34.2999992370606,284.0,1051.0,128.0,
2000-01-17,6.0,990.0,330.0,,663.0,34.2000007629394,245.0,908.0,128.0,
2000-01-16,4.0,975.0,335.0,,557.0,33.7000007629394,421.0,978.0,128.0,
2000-01-12,12.0,1020.0,340.0,,251.0,34.2000007629394,1005.0,1256.0,128.0,
2000-01-11,12.0,1020.0,350.0,,251.0,34.2000007629394,1005.0,1256.0,128.0,
2000-01-10,6.0,420.0,220.0,,269.0,34.2000007629394,690.0,959.0,128.0,
2000-01-07,12.0,420.0,270.0,,215.0,34.2000007629394,644.0,859.0,64.0,
2000-01-06,12.0,420.0,250.0,,302.0,34.2000007629394,560.0,862.0,64.0,
1999-12-28,10.0,420.0,300.0,,359.0,34.0999984741211,561.0,920.0,55.0,
1999-12-20,6.0,420.0,300.0,,335.0,34.2999992370606,713.0,1048.0,55.0,
1999-12-15,4.0,420.0,270.0,,591.0,34.5999984741211,592.0,1183.0,55.0,
1999-12-14,6.0,400.0,325.0,,667.0,34.2999992370606,667.0,1334.0,50.0,
1999-11-19,12.0,450.0,340.0,,708.0,34.2999992370606,580.0,1288.0,50.0,
1999-09-13,12.0,630.0,310.0,,1057.0,34.0999984741211,391.0,1448.0,45.0,
1999-09-10,6.0,620.0,300.0,,1042.0,34.2999992370606,348.0,1390.0,36.0,
1999-07-21,2.0,1040.0,220.0,,21.0,29.0,259.0,280.0,128.0,
1999-02-02,2.0,1120.0,300.0,,107.0,34.0,914.0,1021.0,128.0,
1998-09-28,4.0,920.0,450.0,,618.0,30.5,537.0,1155.0,32.0,
1998-09-21,8.0,950.0,480.0,,812.0,31.0,541.0,1353.0,32.0,
1998-06-07,3.0,550.0,560.0,,1642.0,36.2999992370606,97.0,1739.0,36.0,
1998-05-11,4.0,630.0,1250.0,,1640.0,37.5,35.0,1675.0,32.0,
1998-05-16,5.0,118.0,800.0,,3835.0,0.0,19.0,3854.0,32.0,
1998-05-17,6.0,118.0,790.0,,3846.0,33.7000007629394,23.0,3869.0,32.0,
1998-06-07,6.0,120.0,700.0,,2436.0,33.5,5.0,2441.0,32.0,
1998-09-20,4.0,1020.0,360.0,,522.0,33.5,502.0,1024.0,50.0,
1999-01-05,6.0,980.0,310.0,,180.0,33.0,637.0,817.0,56.0,
1999-01-27,5.0,1080.0,300.0,,197.0,31.2999992370606,1264.0,1461.0,56.0,
1999-12-15,6.0,1160.0,280.0,,138.0,32.0,1240.0,1378.0,128.0,
2000-01-25,24.0,1140.0,225.0,,124.0,31.2000007629394,1254.0,1378.0,128.0,
2000-01-26,24.0,1120.0,220.0,,138.0,31.2000007629394,1240.0,1378.0,128.0,
2000-01-27,24.0,1100.0,225.0,,110.0,31.2000007629394,1268.0,1378.0,128.0,
2000-01-28,24.0,1100.0,220.0,,110.0,31.2000007629394,1268.0,1378.0,128.0,
2000-01-29,24.0,1160.0,220.0,,138.0,31.2000007629394,1240.0,1378.0,128.0,
2000-01-30,24.0,1130.0,220.0,,110.0,31.2000007629394,1268.0,1378.0,128.0,
2000-01-31,24.0,1120.0,220.0,,138.0,31.2000007629394,1240.0,1378.0,128.0,
2000-02-01,24.0,1120.0,190.0,,110.0,31.2000007629394,1268.0,1378.0,128.0,
2000-02-02,2.0,1140.0,230.0,,66.0,32.0,1026.0,1092.0,128.0,
2000-02-03,24.0,1120.0,190.0,,66.0,32.0,1026.0,1092.0,128.0,
2000-02-04,24.0,1120.0,220.0,,66.0,32.0,1026.0,1092.0,128.0,
2000-02-05,24.0,1120.0,240.0,,66.0,32.0,1026.0,1092.0,128.0,
2000-02-06,24.0,1120.0,215.0,,76.0,32.0,1016.0,1092.0,128.0,
2000-02-07,24.0,1120.0,220.0,,98.0,32.0,994.0,1092.0,128.0,
2000-02-08,24.0,1100.0,220.0,,55.0,32.0,1037.0,1092.0,128.0,
2000-02-09,24.0,1110.0,220.0,,0.0,32.0,0.0,0.0,128.0,
2000-02-11,24.0,1090.0,205.0,,0.0,0.0,0.0,0.0,128.0,
2000-02-12,24.0,1090.0,230.0,,0.0,32.0,0.0,0.0,128.0,
2000-02-14,24.0,1115.0,230.0,,0.0,32.0,0.0,0.0,128.0,
2000-02-15,24.0,880.0,210.0,,0.0,32.0,0.0,0.0,128.0,
2000-02-16,24.0,1035.0,240.0,,0.0,32.0,0.0,0.0,128.0,
2000-02-18,24.0,1030.0,240.0,,0.0,32.0,0.0,0.0,128.0,
2000-02-19,24.0,1030.0,265.0,,0.0,32.0,0.0,0.0,128.0,
2000-02-20,24.0,1080.0,230.0,,0.0,32.0,0.0,0.0,128.0,
2000-02-21,24.0,1040.0,230.0,,0.0,32.0,0.0,0.0,128.0,
2000-02-22,8.0,1120.0,280.0,,68.0,32.2000007629394,782.0,850.0,128.0,
2000-02-23,8.0,1060.0,235.0,,68.0,32.2000007629394,782.0,850.0,128.0,
2000-02-24,24.0,1060.0,230.0,,85.0,32.4000015258789,765.0,850.0,128.0,
2000-02-25,24.0,1060.0,230.0,,85.0,32.4000015258789,765.0,850.0,128.0,
2000-02-26,24.0,1130.0,235.0,,102.0,32.4000015258789,748.0,850.0,128.0,
2000-03-03,8.0,1100.0,260.0,,75.0,32.0999984741211,674.0,749.0,128.0,
2000-03-09,6.0,1115.0,250.0,,111.0,32.2999992370606,680.0,791.0,128.0,
2000-03-20,10.0,1080.0,270.0,,94.0,32.2999992370606,579.0,673.0,128.0,
2000-04-01,11.0,1110.0,260.0,,75.0,31.7999992370606,679.0,754.0,128.0,
2000-04-08,12.0,1090.0,240.0,,50.0,32.0,851.0,901.0,128.0,
2000-04-12,10.0,1100.0,240.0,,75.0,32.5,763.0,838.0,128.0,
2000-04-21,10.0,1100.0,300.0,,52.0,32.0,818.0,870.0,128.0,
2000-04-22,6.0,1100.0,260.0,,74.0,32.0999984741211,747.0,821.0,128.0,
2000-04-25,24.0,1120.0,220.0,,117.0,32.0,615.0,732.0,128.0,
2000-04-30,12.0,1100.0,260.0,,157.0,32.5,629.0,786.0,128.0,
2000-05-25,12.0,1100.0,250.0,,126.0,33.0,618.0,744.0,128.0,
2000-06-13,10.0,1080.0,240.0,,52.0,32.0,595.0,647.0,128.0,
2000-07-02,10.0,1040.0,260.0,,58.0,32.0999984741211,667.0,725.0,128.0,
2000-07-28,6.0,1140.0,260.0,,92.0,32.0,523.0,615.0,128.0,
2000-08-07,5.0,1115.0,230.0,,79.0,32.4000015258789,711.0,790.0,128.0,
2000-08-11,6.0,1130.0,230.0,,43.0,32.0999984741211,578.0,621.0,128.0,
2000-08-22,3.0,1120.0,240.0,,62.0,32.5,718.0,780.0,128.0,
2000-09-08,12.0,1090.0,200.0,,57.0,32.4000015258789,517.0,574.0,128.0,
2000-12-20,7.0,1110.0,190.0,,29.0,32.0999984741211,329.0,358.0,128.0,
2001-01-01,2.0,,,,29.0,32.1300010681152,329.0,358.0,,
2001-01-03,5.0,,,,49.0,32.3300018310547,565.0,614.0,,
2001-01-07,2.0,1150.0,175.0,,49.0,32.3300018310547,565.0,614.0,128.0,
2001-01-09,2.0,1170.0,200.0,,55.0,32.3300018310547,559.0,614.0,128.0,
2001-01-11,6.0,1120.0,210.0,,59.0,32.1300010681152,429.0,488.0,128.0,
2001-01-14,6.0,,,,39.0,32.1300010681152,449.0,488.0,,
2001-01-17,6.0,1120.0,185.0,,24.0,32.1300010681152,464.0,488.0,128.0,
2001-02-01,4.0,,,,49.0,32.1300010681152,439.0,488.0,,
2001-02-18,6.0,1150.0,180.0,,29.0,32.0999984741211,455.0,484.0,128.0,
2001-02-21,4.0,1175.0,190.0,,39.0,32.1300010681152,445.0,484.0,128.0,
2001-03-01,2.0,1140.0,180.0,,29.0,32.1300010681152,455.0,484.0,128.0,
2001-03-23,2.0,1150.0,195.0,,48.0,32.1300010681152,436.0,484.0,128.0,
2001-03-25,2.0,1170.0,185.0,,44.0,32.1300010681152,440.0,484.0,128.0,
2001-04-01,2.0,1140.0,185.0,,24.0,32.1300010681152,460.0,484.0,128.0,
2001-04-02,2.0,1150.0,185.0,,24.0,32.1300010681152,460.0,484.0,128.0,
2001-04-19,2.0,1160.0,225.0,,111.0,32.1300010681152,373.0,484.0,128.0,
2001-05-01,2.0,1150.0,180.0,,111.0,32.1300010681152,373.0,484.0,128.0,
2001-05-04,2.0,1150.0,220.0,,73.0,32.1300010681152,411.0,484.0,128.0,
2001-05-07,2.0,1100.0,210.0,,339.0,32.1300010681152,145.0,484.0,128.0,
2001-06-01,2.0,1080.0,205.0,,213.0,32.1300010681152,271.0,484.0,128.0,
2001-06-02,3.0,1070.0,210.0,,166.0,32.2000007629394,42.0,208.0,128.0,
2001-09-13,6.0,1140.0,230.0,,55.0,32.2000007629394,633.0,688.0,128.0,
2001-09-27,5.0,1180.0,220.0,,97.0,32.4000015258789,872.0,969.0,128.0,
2001-11-15,2.0,,,,8.0,32.4300003051758,73.0,81.0,,
2002-01-11,3.0,1140.0,220.0,,34.0,32.2999992370606,822.0,856.0,128.0,
2005-02-15,3.0,1210.0,220.0,,70.0,32.3300018310547,1328.0,1398.0,128.0,
2005-04-30,6.0,1200.0,250.0,,156.0,32.3300018310547,1408.0,1564.0,60.0,
2005-05-07,3.0,1180.0,260.0,,50.0,32.3300018310547,1206.0,1256.0,80.0,
2005-08-27,5.0,1200.0,175.0,,111.0,32.3300018310547,999.0,1110.0,32.0,
2005-09-06,8.0,1200.0,245.0,,127.0,32.3300018310547,1140.0,1267.0,100.0,
2005-09-09,4.0,1190.0,200.0,,95.0,32.3300018310547,1257.0,1352.0,128.0,
2005-10-23,3.0,1200.0,240.0,,52.0,32.3300018310547,1250.0,1302.0,128.0,
2006-02-07,3.0,1190.0,240.0,,41.0,32.3300018310547,1327.0,1368.0,128.0,
2006-04-04,12.0,1200.0,230.0,,31.0,32.3300018310547,987.0,1018.0,128.0,
2008-01-01,3.0,1030.0,300.0,,40.0,32.3300018310547,1970.0,2010.0,117.0,
2008-02-24,4.0,940.0,500.0,,30.0,32.3300018310547,1470.0,1500.0,117.0,
2008-03-24,6.0,840.0,265.0,,70.0,32.3300018310547,1682.0,1752.0,117.0,
2008-03-25,6.0,920.0,240.0,,48.0,32.3300018310547,1543.0,1591.0,117.0,
2008-04-26,6.0,930.0,250.0,,236.0,32.3300018310547,1337.0,1573.0,117.0,
2008-05-21,6.0,840.0,250.0,,161.0,32.3300018310547,1450.0,1611.0,117.0,
2008-07-29,6.0,920.0,260.0,,38.0,32.3300018310547,1215.0,1253.0,117.0,
2008-09-26,6.0,960.0,560.0,,20.0,32.3300018310547,968.0,988.0,40.0,
2008-10-03,6.0,880.0,560.0,,19.0,32.3300018310547,943.0,962.0,40.0,
2011-01-09,4.0,1100.0,340.0,,55.38,32.2999992370606,498.42,553.8,117.0,175.0
2011-02-22,4.0,1030.0,370.0,97.0,33.23,32.2999992370606,1628.17,1661.4,168.0,175.0
2016-02-29,4.0,650.0,320.0,103.0,1219.5,31.2999992370606,1219.5,2439.0,117.0,190.0
2016-03-01,4.0,1020.0,400.0,105.0,132.68,31.2999992370606,2042.33,2175.01,117.0,190.0
2018-02-02,4.0,1100.0,400.0,,42.8,,1818.2,1861.0,35.0,340.0
2018-02-27,4.0,1120.0,400.0,90.0,148.81,33.2999992370606,498.19,647.0,40.0,170.0
2019-02-06,3.0,1000.0,350.0,99.0,22.66,31.2999992370606,1110.34,1133.0,117.0,185.0
2021-09-07,2.0,1100.0,240.0,86.0,20.25,31.2999992370606,2004.75,2025.0,117.0,162.0
1998-05-13,12.0,530.0,970.0,,3018.0,33.5,6.0,3024.0,32.0,
1998-05-14,7.0,280.0,950.0,,2915.0,32.0999984741211,9.0,2924.0,32.0,
1998-05-15,8.0,430.0,980.0,,2903.0,32.0,6.0,2909.0,32.0,
1998-05-16,10.0,450.0,1030.0,,3083.0,32.2000007629394,9.0,3092.0,32.0,
1998-07-21,2.0,,630.0,,2524.0,34.0,38.0,2562.0,44.0,
1998-08-05,4.0,,680.0,,2289.0,33.5999984741211,121.0,2410.0,44.0,
1999-09-01,7.0,1100.0,240.0,,352.0,33.0,53.0,405.0,68.0,
1999-11-26,9.0,1100.0,250.0,,277.0,33.0,38.0,315.0,68.0,
1999-12-19,6.0,1160.0,240.0,,229.0,32.7999992370606,31.0,260.0,68.0,
1999-12-27,6.0,1120.0,220.0,,225.0,33.2000007629394,25.0,250.0,68.0,
2000-01-25,24.0,1140.0,220.0,,143.0,32.0,108.0,251.0,68.0,
2000-01-26,24.0,1110.0,220.0,,198.0,32.0,53.0,251.0,68.0,
2000-01-27,24.0,1100.0,220.0,,235.0,32.0,15.0,250.0,68.0,
2000-01-28,24.0,1110.0,240.0,,150.0,32.0,100.0,250.0,68.0,
2000-01-29,24.0,1160.0,220.0,,243.0,32.0,8.0,251.0,68.0,
2000-01-30,24.0,1130.0,220.0,,130.0,32.0,120.0,250.0,68.0,
2000-01-31,24.0,1100.0,210.0,,138.0,32.0,113.0,251.0,68.0,
2000-02-01,24.0,1120.0,460.0,,235.0,32.0,15.0,250.0,68.0,
2000-02-02,2.0,940.0,240.0,,190.0,33.5,26.0,216.0,68.0,
2000-02-03,24.0,940.0,240.0,,190.0,33.5,26.0,216.0,68.0,
2000-02-04,24.0,1120.0,220.0,,190.0,33.5,26.0,216.0,68.0,
2000-02-05,24.0,1120.0,220.0,,181.0,33.5,35.0,216.0,68.0,
2000-02-06,24.0,1100.0,240.0,,181.0,33.5,35.0,216.0,68.0,
2000-02-07,24.0,1120.0,210.0,,181.0,33.5,35.0,216.0,68.0,
2000-02-08,24.0,1100.0,220.0,,181.0,33.5,35.0,216.0,68.0,
2000-02-09,24.0,1110.0,220.0,,0.0,33.5,0.0,0.0,68.0,
2000-02-11,24.0,1100.0,220.0,,0.0,0.0,0.0,0.0,68.0,
2000-02-12,24.0,1100.0,210.0,,0.0,33.5,0.0,0.0,68.0,
2000-02-14,24.0,1110.0,230.0,,0.0,33.5,0.0,0.0,68.0,
2000-02-15,24.0,860.0,210.0,,0.0,33.5,0.0,0.0,68.0,
2000-02-16,24.0,1030.0,200.0,,0.0,33.5,0.0,0.0,68.0,
2000-02-18,24.0,1100.0,230.0,,0.0,33.5,0.0,0.0,68.0,
2000-02-19,24.0,1070.0,260.0,,0.0,33.5,0.0,0.0,68.0,
2000-02-20,24.0,1080.0,240.0,,0.0,33.5,0.0,0.0,68.0,
2000-02-21,24.0,1100.0,230.0,,0.0,33.5,0.0,0.0,68.0,
2000-02-22,24.0,1100.0,225.0,,130.0,33.5,86.0,216.0,68.0,
2000-02-23,24.0,1150.0,225.0,,130.0,33.5,86.0,216.0,68.0,
2000-02-24,24.0,1140.0,230.0,,134.0,33.2000007629394,82.0,216.0,68.0,
2000-02-25,24.0,1140.0,230.0,,134.0,33.2000007629394,82.0,216.0,68.0,
2000-02-26,24.0,1150.0,230.0,,134.0,33.2000007629394,82.0,216.0,68.0,
2002-05-09,7.5,840.0,225.0,,235.0,33.2999992370606,120.0,355.0,32.0,
2002-05-10,6.0,1000.0,240.0,,102.0,33.2999992370606,125.0,227.0,24.0,
2002-05-11,7.0,1000.0,240.0,,425.0,33.2999992370606,165.0,590.0,24.0,
2002-05-15,8.0,955.0,185.0,,424.0,31.5,138.0,562.0,24.0,
2002-05-16,12.0,950.0,205.0,,195.0,31.5,225.0,420.0,24.0,
2004-08-31,24.0,1130.0,280.0,,0.0,0.0,0.0,0.0,128.0,
2004-09-01,23.25,1120.0,280.0,,0.0,0.0,0.0,0.0,128.0,
2004-09-02,24.0,1120.0,280.0,,0.0,0.0,0.0,0.0,128.0,
2004-09-03,24.0,1120.0,280.0,,0.0,0.0,0.0,0.0,128.0,
2004-09-04,24.0,1140.0,290.0,,0.0,0.0,0.0,0.0,128.0,
2004-09-05,24.0,1140.0,280.0,,0.0,0.0,0.0,0.0,128.0,
2004-09-06,24.0,1140.0,280.0,,0.0,0.0,0.0,0.0,128.0,
2004-09-07,24.0,1145.0,290.0,,0.0,0.0,0.0,0.0,128.0,
2004-09-08,24.0,1170.0,280.0,,0.0,0.0,0.0,0.0,128.0,
2004-09-09,23.0,1170.0,280.0,,0.0,0.0,0.0,0.0,128.0,
2004-10-24,2.0,1160.0,210.0,,100.0,32.6300010681152,2.0,102.0,128.0,
2008-01-06,3.0,940.0,340.0,,32.0,32.6300010681152,95.0,127.0,40.0,
2009-09-03,6.0,1000.0,320.0,83.0,450.24,,621.76,1072.0,128.0,165.0
2009-09-05,6.0,850.0,240.0,80.0,119.42,,221.78,341.2,128.0,165.0
2009-09-06,6.0,1000.0,310.0,82.0,137.28,33.5,291.72,429.0,128.0,160.0
2009-09-08,6.0,800.0,260.0,81.0,259.42,33.5,481.78,741.2,128.0,165.0
2009-09-18,6.0,800.0,290.0,80.0,348.04,33.5,544.36,892.4,128.0,165.0
2011-10-01,6.0,740.0,500.0,88.0,46.6,33.5,186.4,233.0,20.0,165.0
2011-10-12,6.0,720.0,460.0,88.0,81.8,33.5,327.2,409.0,20.0,155.0
2015-04-26,4.0,930.0,580.0,85.0,21.99,33.5,711.03,733.02,34.0,145.0
2016-02-25,4.0,1040.0,400.0,107.0,1456.2,33.5,970.8,2427.0,137.0,190.0
2016-03-01,4.0,1040.0,400.0,107.0,72.81,33.5,2354.19,2427.0,137.0,190.0
2018-02-08,4.0,1060.0,430.0,,196.31,,3507.69,3704.0,137.0,360.0
2018-02-21,5.0,1100.0,560.0,90.0,12.04,,589.88,601.92,40.0,190.0
2018-02-26,4.0,1080.0,550.0,96.0,13.15,33.5,644.45,657.6,30.0,172.0
2019-06-23,4.0,750.0,320.0,84.0,746.76,,15.24,762.0,60.0,187.0
2019-06-24,4.0,740.0,340.0,84.0,710.43,,3.57,714.0,60.0,185.0
2019-06-28,3.0,560.0,400.0,84.0,469.65,,35.35,505.0,60.0,159.0
2019-06-29,2.0,650.0,250.0,84.0,433.78,,95.22,529.0,60.0,159.0
2019-07-03,2.0,530.0,270.0,81.0,349.77,32.7999992370606,43.23,393.0,60.0,159.0
2019-07-04,2.0,520.0,250.0,81.0,398.46,32.7999992370606,59.54,458.0,80.0,159.0
2019-07-05,2.0,510.0,245.0,81.0,359.95,32.7999992370606,73.73,433.68,137.0,159.0
2019-07-19,3.0,475.0,190.0,84.0,337.83,32.7999992370606,0.17,338.0,137.0,156.0
2019-08-26,3.0,500.0,200.0,82.0,154.89,32.7999992370606,8.15,163.04,137.0,149.0
2019-08-30,3.0,760.0,205.0,81.0,186.63,32.7999992370606,30.38,217.01,137.0,151.0
2019-09-21,2.0,750.0,200.0,81.0,158.39,32.7999992370606,17.6,175.99,137.0,149.0
2019-09-22,5.0,760.0,200.0,83.0,134.68,32.7999992370606,13.32,148.0,137.0,151.0
2019-10-14,2.0,750.0,200.0,89.0,105.76,32.7999992370606,9.2,114.96,137.0,158.0
2019-10-18,1.0,740.0,225.0,85.0,144.0,32.7999992370606,36.0,180.0,137.0,151.0
2019-10-21,1.0,840.0,220.0,87.0,131.59,32.7999992370606,8.4,139.99,137.0,150.0
2019-10-25,4.0,800.0,200.0,86.0,95.19,32.7999992370606,5.01,100.2,137.0,158.0
2019-11-14,5.0,790.0,210.0,89.0,82.65,32.7999992370606,4.35,87.0,137.0,160.0
2019-11-18,3.0,800.0,200.0,88.0,90.0,32.7999992370606,10.0,100.0,137.0,153.0
2019-12-20,3.0,790.0,200.0,87.0,65.36,32.7999992370606,3.44,68.8,137.0,162.0
2020-01-05,2.0,800.0,200.0,86.0,58.59,32.7999992370606,4.41,63.0,137.0,155.0
2020-01-19,3.0,875.0,240.0,88.0,146.2,32.7999992370606,25.8,172.0,137.0,160.0
2020-01-28,4.0,860.0,220.0,86.0,74.25,32.7999992370606,24.75,99.0,137.0,166.0
2020-10-02,3.0,740.0,340.0,84.0,203.67,32.7999992370606,15.33,219.0,64.0,167.0
2020-10-16,2.0,750.0,240.0,87.0,62.83,32.7999992370606,18.77,81.6,64.0,157.0
2020-10-19,4.0,760.0,240.0,83.0,77.69,32.7999992370606,21.91,99.6,64.0,157.0
2020-11-05,2.0,740.0,240.0,87.0,270.22,32.7999992370606,63.38,333.6,137.0,161.0
2020-11-13,2.0,730.0,230.0,88.0,124.44,32.7999992370606,21.96,146.4,137.0,160.0
2020-12-19,4.0,1050.0,270.0,84.0,179.33,32.7999992370606,42.07,221.4,40.0,154.0
2020-12-20,3.0,1010.0,300.0,84.0,246.74,32.7999992370606,91.26,338.0,40.0,150.0
2020-12-22,3.0,1000.0,300.0,86.0,167.58,32.7999992370606,98.42,266.0,40.0,148.0
2020-12-24,2.0,1000.0,280.0,85.0,153.72,32.7999992370606,98.28,252.0,44.0,148.0
2020-12-26,3.0,1000.0,250.0,83.0,189.44,32.7999992370606,106.56,296.0,52.0,145.0
2021-01-03,2.0,1000.0,220.0,82.0,102.24,32.7999992370606,41.76,144.0,137.0,160.0
2021-01-04,1.5,1000.0,210.0,86.0,146.88,32.7999992370606,69.12,216.0,137.0,164.0
2021-01-05,3.0,1010.0,250.0,83.0,135.96,32.7999992370606,70.04,206.0,60.0,155.0
2021-01-22,3.0,980.0,210.0,80.0,110.88,32.7999992370606,43.12,154.0,60.0,155.0
2021-02-01,1.5,990.0,200.0,85.0,113.3,32.7999992370606,41.9,155.2,60.0,156.0
2021-02-21,2.0,950.0,220.0,83.0,64.32,32.7999992370606,31.68,96.0,60.0,167.0
2021-03-14,5.0,950.0,220.0,82.0,67.2,32.7999992370606,28.8,96.0,60.0,154.0
2021-06-01,2.0,1040.0,240.0,85.0,52.8,,43.2,96.0,60.0,156.0
2021-06-24,2.0,1010.0,220.0,84.0,49.92,32.7999992370606,46.08,96.0,60.0,154.0
1998-05-12,23.0,,1120.0,,1380.0,36.2000007629394,1.0,1381.0,32.0,
1998-07-21,3.0,450.0,960.0,,3196.0,34.7000007629394,0.0,3196.0,48.0,
1998-08-06,10.0,450.0,1150.0,,2748.0,35.0999984741211,14.0,2762.0,48.0,
1999-07-14,4.0,1020.0,230.0,,86.0,35.0,5.0,91.0,128.0,
1999-07-21,3.0,1030.0,210.0,,124.0,34.5999984741211,11.0,135.0,128.0,
1999-09-08,6.0,680.0,980.0,,1829.0,37.5999984741211,249.0,2078.0,44.0,
1999-09-10,6.0,650.0,1000.0,,1710.0,37.5999984741211,302.0,2012.0,44.0,
1999-09-13,12.0,660.0,885.0,,1098.0,37.5999984741211,347.0,1445.0,44.0,
1999-12-16,8.0,640.0,960.0,,2476.0,36.0,275.0,2751.0,50.0,
2000-01-25,24.0,580.0,1000.0,,2366.0,35.2000007629394,385.0,2751.0,48.0,
2000-01-26,24.0,580.0,1000.0,,2366.0,35.2000007629394,385.0,2751.0,48.0,
2000-01-27,24.0,550.0,1000.0,,2311.0,35.2000007629394,440.0,2751.0,48.0,
2000-01-28,24.0,600.0,1000.0,,2256.0,35.2000007629394,495.0,2751.0,48.0,
2000-01-29,24.0,600.0,1000.0,,2366.0,35.2000007629394,385.0,2751.0,48.0,
2000-01-30,24.0,580.0,540.0,,2338.0,35.2000007629394,413.0,2751.0,48.0,
2000-01-31,24.0,580.0,520.0,,2036.0,35.2000007629394,715.0,2751.0,48.0,
2000-02-01,8.0,590.0,580.0,,367.0,34.5,158.0,525.0,48.0,
2000-02-02,2.0,580.0,380.0,,483.0,34.5,165.0,648.0,55.0,
2000-02-03,3.0,900.0,320.0,,508.0,34.0,183.0,691.0,55.0,
2000-02-04,5.0,1120.0,350.0,,532.0,34.0,178.0,710.0,60.0,
2000-02-05,5.0,1080.0,240.0,,540.0,34.0,170.0,710.0,60.0,
2000-02-06,24.0,1040.0,280.0,,533.0,34.0,177.0,710.0,60.0,
2000-02-07,24.0,1080.0,340.0,,540.0,34.0,170.0,710.0,60.0,
2000-02-08,4.0,1040.0,750.0,,2803.0,34.2000007629394,347.0,3150.0,60.0,
2000-02-09,12.0,1030.0,720.0,,3078.0,34.2999992370606,460.0,3538.0,60.0,
2000-02-10,2.0,850.0,780.0,,2506.0,34.2999992370606,278.0,2784.0,38.0,
2000-02-11,4.0,840.0,780.0,,2642.0,34.2999992370606,293.0,2935.0,56.0,
2000-02-12,9.0,840.0,700.0,,2687.0,34.0,234.0,2921.0,56.0,
2000-02-13,9.0,840.0,740.0,,2570.0,34.0,351.0,2921.0,56.0,
2000-02-14,24.0,840.0,760.0,,2570.0,34.0,351.0,2921.0,56.0,
2000-02-15,24.0,860.0,750.0,,2337.0,34.0,584.0,2921.0,56.0,
2000-02-16,24.0,840.0,740.0,,2483.0,34.0,438.0,2921.0,56.0,
2000-02-18,24.0,840.0,760.0,,2424.0,34.0,497.0,2921.0,56.0,
2000-02-19,7.0,840.0,740.0,,2361.0,34.0,483.0,2844.0,56.0,
2000-02-20,7.0,840.0,750.0,,2361.0,34.0,483.0,2844.0,56.0,
2000-02-21,6.0,840.0,760.0,,2074.0,34.0,518.0,2592.0,56.0,
2000-02-22,7.0,840.0,760.0,,2247.0,34.0,597.0,2844.0,56.0,
2000-02-23,7.0,820.0,780.0,,2087.0,34.2000007629394,522.0,2609.0,56.0,
2000-02-24,24.0,840.0,790.0,,1957.0,34.0999984741211,652.0,2609.0,56.0,
2000-02-25,4.0,840.0,780.0,,1962.0,34.0999984741211,554.0,2516.0,56.0,
2000-02-26,24.0,840.0,750.0,,1887.0,34.0999984741211,629.0,2516.0,56.0,
2000-02-27,6.0,840.0,740.0,,2034.0,32.2999992370606,508.0,2542.0,56.0,
2000-02-29,12.0,840.0,740.0,,2125.0,32.0,375.0,2500.0,56.0,
2000-03-02,8.0,840.0,780.0,,1676.0,32.5,789.0,2465.0,56.0,
2000-03-04,9.0,840.0,780.0,,1605.0,32.2999992370606,755.0,2360.0,56.0,
2000-03-06,8.0,820.0,740.0,,1642.0,32.5999984741211,772.0,2414.0,56.0,
2000-03-08,6.0,780.0,730.0,,1518.0,32.7999992370606,714.0,2232.0,56.0,
2000-03-10,10.0,780.0,720.0,,1644.0,32.5,774.0,2418.0,56.0,
2000-03-12,8.0,775.0,720.0,,1522.0,33.5,856.0,2378.0,56.0,
2000-03-14,8.0,760.0,780.0,,1288.0,32.7999992370606,1012.0,2300.0,56.0,
2000-03-16,10.0,750.0,700.0,,1286.0,32.5,970.0,2256.0,56.0,
2000-03-19,10.0,640.0,600.0,,1082.0,32.2999992370606,1127.0,2209.0,56.0,
2000-03-21,11.0,640.0,620.0,,1274.0,33.0,886.0,2160.0,56.0,
2000-03-23,6.0,720.0,660.0,,1204.0,32.5,986.0,2190.0,56.0,
2000-03-25,7.0,720.0,620.0,,1229.0,32.0,1135.0,2364.0,56.0,
2000-03-27,6.0,700.0,600.0,,978.0,32.2000007629394,978.0,1956.0,56.0,
2000-03-31,8.0,650.0,560.0,,1174.0,32.2999992370606,1084.0,2258.0,60.0,
2000-04-02,11.0,650.0,540.0,,1156.0,32.2000007629394,1068.0,2224.0,60.0,
2000-04-04,7.0,640.0,450.0,,1194.0,32.2999992370606,977.0,2171.0,60.0,
2000-04-05,4.0,630.0,530.0,,1140.0,32.5999984741211,1141.0,2281.0,64.0,
2000-04-07,3.0,630.0,520.0,,1079.0,32.5999984741211,1168.0,2247.0,64.0,
2000-04-08,6.0,620.0,500.0,,1213.0,33.4000015258789,1165.0,2378.0,64.0,
2000-04-09,3.0,610.0,560.0,,1003.0,33.4000015258789,1226.0,2229.0,64.0,
2000-04-11,12.0,600.0,520.0,,1032.0,32.7999992370606,1118.0,2150.0,64.0,
2000-04-15,3.0,600.0,500.0,,908.0,32.9000015258789,1255.0,2163.0,64.0,
2000-04-17,3.0,600.0,480.0,,956.0,33.0999984741211,1123.0,2079.0,64.0,
2000-04-24,16.0,1000.0,300.0,,127.0,33.2000007629394,581.0,708.0,56.0,
2000-04-25,24.0,995.0,330.0,,74.0,33.0,669.0,743.0,64.0,
2000-04-26,10.0,990.0,320.0,,59.0,33.2000007629394,682.0,741.0,64.0,
2000-05-05,3.0,995.0,400.0,,689.0,33.5,991.0,1680.0,64.0,
2000-05-06,3.0,980.0,420.0,,689.0,33.5,991.0,1680.0,64.0,
2000-05-07,3.0,980.0,430.0,,689.0,33.5,991.0,1680.0,64.0,
2000-05-08,24.0,1050.0,280.0,,689.0,33.5,991.0,1680.0,64.0,
2000-05-09,24.0,1060.0,290.0,,689.0,33.5,991.0,1680.0,64.0,
2000-05-11,24.0,1030.0,400.0,,689.0,33.5,991.0,1680.0,64.0,
2000-05-12,24.0,1030.0,380.0,,689.0,33.5,991.0,1680.0,64.0,
2000-05-21,5.0,1030.0,350.0,,101.0,33.0,820.0,921.0,64.0,
2000-05-22,6.0,1020.0,320.0,,111.0,33.2999992370606,684.0,795.0,70.0,
2000-05-23,3.0,1050.0,320.0,,52.0,33.2999992370606,988.0,1040.0,80.0,
2000-05-24,7.0,1060.0,230.0,,52.0,33.2999992370606,996.0,1048.0,128.0,
2000-06-07,11.0,1060.0,300.0,,156.0,33.0999984741211,821.0,977.0,128.0,
2000-06-16,12.0,1040.0,235.0,,88.0,33.4000015258789,790.0,878.0,128.0,
2000-06-28,6.0,1060.0,290.0,,334.0,33.5,1059.0,1393.0,128.0,
2000-07-03,8.0,1060.0,300.0,,147.0,33.0999984741211,769.0,916.0,128.0,
2000-07-28,3.0,1060.0,270.0,,151.0,33.5999984741211,739.0,890.0,128.0,
2000-08-08,11.0,1070.0,265.0,,149.0,33.2999992370606,842.0,991.0,128.0,
2000-08-12,6.0,1050.0,255.0,,74.0,32.5,984.0,1058.0,128.0,
2000-08-23,10.0,1070.0,250.0,,130.0,32.2000007629394,735.0,865.0,128.0,
2000-09-09,12.0,1060.0,245.0,,114.0,32.2999992370606,924.0,1038.0,128.0,
2000-09-24,3.0,1040.0,240.0,,160.0,32.2000007629394,568.0,728.0,128.0,
2000-11-24,6.0,1030.0,200.0,,63.0,32.2999992370606,986.0,1049.0,128.0,
2000-12-19,6.0,1100.0,240.0,,140.0,33.5999984741211,682.0,822.0,128.0,
2001-01-01,2.0,,,,82.0,33.6300010681152,740.0,822.0,,
2001-01-03,2.5,,,,66.0,33.4300003051758,1038.0,1104.0,,
2001-01-07,2.0,1080.0,200.0,,110.0,33.4300003051758,994.0,1104.0,128.0,
2001-01-09,2.0,1100.0,240.0,,442.0,33.4300003051758,662.0,1104.0,128.0,
2001-01-10,3.0,1100.0,210.0,,215.0,32.7000007629394,977.0,1192.0,128.0,
2001-01-11,3.0,1100.0,210.0,,215.0,32.7299995422363,977.0,1192.0,128.0,
2001-01-14,3.0,,,,95.0,32.7299995422363,1097.0,1192.0,,
2001-01-17,3.0,1060.0,190.0,,215.0,32.7299995422363,977.0,1192.0,128.0,
2001-02-01,4.0,,,,107.0,32.7299995422363,1085.0,1192.0,,
2001-02-21,4.0,1095.0,190.0,,79.0,32.7299995422363,905.0,984.0,128.0,
2001-03-01,2.0,1050.0,180.0,,39.0,32.7299995422363,945.0,984.0,128.0,
2001-03-16,10.0,200.0,1100.0,,700.0,32.7999992370606,774.0,1474.0,40.0,
2001-03-17,6.0,200.0,1000.0,,706.0,32.5999984741211,974.0,1680.0,40.0,
2001-03-18,6.0,200.0,850.0,,466.0,32.5999984741211,1294.0,1760.0,40.0,
2001-03-19,5.0,180.0,460.0,,475.0,32.7999992370606,712.0,1187.0,36.0,
2001-03-20,6.0,180.0,470.0,,342.0,32.0,514.0,856.0,36.0,
2001-03-21,4.0,180.0,400.0,,275.0,32.4000015258789,511.0,786.0,36.0,
2001-03-23,2.0,180.0,330.0,,59.0,31.8299999237061,125.0,184.0,36.0,
2001-03-24,2.0,180.0,300.0,,289.0,32.4000015258789,600.0,889.0,40.0,
2001-03-25,2.0,180.0,340.0,,267.0,32.4300003051758,622.0,889.0,40.0,
2001-04-01,2.0,180.0,300.0,,190.0,32.3300018310547,338.0,528.0,40.0,
2001-04-02,2.0,200.0,300.0,,178.0,32.6300010681152,246.0,424.0,40.0,
2001-04-03,6.0,200.0,300.0,,129.0,32.4000015258789,239.0,368.0,40.0,
2001-04-04,6.0,200.0,300.0,,184.0,32.7000007629394,192.0,376.0,40.0,
2001-04-05,6.5,200.0,300.0,,112.0,32.4000015258789,169.0,281.0,40.0,
2001-04-15,6.0,1050.0,540.0,,563.0,32.7000007629394,585.0,1148.0,40.0,
2001-04-19,2.0,1050.0,560.0,,723.0,32.7299995422363,425.0,1148.0,40.0,
2001-05-01,2.0,1050.0,540.0,,459.0,32.7299995422363,689.0,1148.0,40.0,
2001-05-04,2.0,1040.0,530.0,,689.0,32.3300018310547,459.0,1148.0,40.0,
2001-05-07,2.0,1020.0,480.0,,459.0,32.3300018310547,689.0,1148.0,40.0,
2001-05-14,5.0,1050.0,530.0,,773.0,32.5,417.0,1190.0,40.0,
2001-06-01,2.0,1020.0,480.0,,500.0,32.3300018310547,690.0,1190.0,40.0,
2001-06-03,6.0,1020.0,490.0,,202.0,32.4000015258789,638.0,840.0,40.0,
2001-06-06,6.0,1030.0,470.0,,366.0,32.4000015258789,778.0,1144.0,40.0,
2001-06-21,6.0,1010.0,440.0,,456.0,32.4000015258789,684.0,1140.0,40.0,
2001-07-01,2.0,,,,547.0,32.4300003051758,593.0,1140.0,,
2001-07-02,2.0,,,,410.0,32.4300003051758,730.0,1140.0,,
2001-07-12,2.0,1000.0,430.0,,427.0,32.5999984741211,641.0,1068.0,40.0,
2001-08-01,2.0,1030.0,480.0,,288.0,32.7299995422363,780.0,1068.0,40.0,
2001-08-15,4.0,1020.0,500.0,,218.0,32.5999984741211,874.0,1092.0,40.0,
2001-09-01,5.0,1020.0,540.0,,244.0,32.2999992370606,567.0,811.0,40.0,
2001-09-13,3.0,1120.0,510.0,,288.0,32.5999984741211,912.0,1200.0,40.0,
2001-10-05,6.0,1170.0,440.0,,347.0,32.4000015258789,1389.0,1736.0,55.0,
2001-10-08,9.0,1140.0,370.0,,952.0,32.4000015258789,1429.0,2381.0,60.0,
2001-10-12,6.0,1160.0,390.0,,611.0,32.7000007629394,1833.0,2444.0,70.0,
2001-11-14,3.0,1040.0,325.0,,672.0,32.4000015258789,1008.0,1680.0,70.0,
2001-11-15,2.0,,,,56.0,32.4300003051758,84.0,140.0,,
2002-01-12,6.0,1200.0,295.0,,740.0,32.5,1208.0,1948.0,117.0,
2002-04-26,24.0,1180.0,240.0,,504.0,32.5999984741211,1512.0,2016.0,117.0,
2003-02-16,4.0,1170.0,270.0,,177.0,32.4000015258789,2041.0,2218.0,117.0,
2004-08-22,24.0,1180.0,280.0,,184.0,0.0,1176.0,1360.0,117.0,
2004-08-23,24.0,1190.0,280.0,,159.0,0.0,1170.0,1329.0,117.0,
2004-08-24,24.0,1180.0,280.0,,97.0,0.0,1136.0,1233.0,117.0,
2004-08-25,24.0,1180.0,280.0,,97.0,0.0,1215.0,1312.0,117.0,
2004-08-26,24.0,1200.0,260.0,,97.0,0.0,1023.0,1120.0,117.0,
2004-08-27,24.0,1090.0,250.0,,97.0,0.0,997.0,1094.0,117.0,
2004-08-28,24.0,1180.0,240.0,,76.0,0.0,905.0,981.0,117.0,
2004-08-29,24.0,1180.0,240.0,,23.0,0.0,205.0,228.0,117.0,
2004-08-30,24.0,1180.0,240.0,,23.0,0.0,685.0,708.0,117.0,
2004-10-23,3.0,1180.0,280.0,,417.0,32.3300018310547,1667.0,2084.0,117.0,
2005-05-07,24.0,1170.0,260.0,,8.0,32.3300018310547,388.0,396.0,117.0,
2005-05-08,4.0,1170.0,260.0,,47.0,32.3300018310547,2327.0,2374.0,117.0,
2005-10-22,4.0,1180.0,310.0,,365.0,32.4300003051758,1917.0,2282.0,117.0,
2006-02-06,5.0,1150.0,300.0,,152.0,32.4300003051758,2380.0,2532.0,117.0,
2006-06-24,6.0,1100.0,250.0,,23.0,32.4300003051758,759.0,782.0,117.0,
2006-06-29,6.0,1100.0,250.0,,19.0,32.4300003051758,367.0,386.0,117.0,
2006-07-04,6.0,1100.0,250.0,,21.0,32.4300003051758,393.0,414.0,117.0,
2006-10-15,4.0,1160.0,290.0,,64.0,32.4300003051758,2074.0,2138.0,117.0,
2007-07-20,6.0,1200.0,220.0,,38.0,32.4300003051758,1838.0,1876.0,117.0,
2007-08-18,4.0,1190.0,270.0,,80.0,32.4300003051758,2584.0,2664.0,117.0,
2007-12-30,2.0,1020.0,300.0,,220.0,32.4300003051758,1982.0,2202.0,117.0,
2008-01-01,2.0,1020.0,270.0,,31.0,32.4300003051758,3084.0,3115.0,117.0,
2008-03-12,10.0,970.0,240.0,,172.0,32.4300003051758,3274.0,3446.0,117.0,
2008-05-02,10.0,950.0,320.0,,136.0,32.4300003051758,2581.0,2717.0,64.0,
2008-05-11,6.0,960.0,320.0,,48.0,32.4300003051758,2375.0,2423.0,64.0,
2008-05-18,4.0,1000.0,380.0,,171.0,32.4300003051758,2675.0,2846.0,117.0,
2008-05-19,6.0,1000.0,360.0,,86.0,32.4300003051758,2786.0,2872.0,117.0,
2008-05-26,4.0,1040.0,320.0,,58.0,32.4300003051758,2847.0,2905.0,117.0,
2008-05-28,6.0,1040.0,620.0,,29.0,32.4300003051758,705.0,734.0,32.0,
2008-06-05,4.0,1050.0,600.0,,44.0,32.4300003051758,689.0,733.0,32.0,
2008-07-24,6.0,1050.0,580.0,,46.0,32.4300003051758,872.0,918.0,32.0,
2009-07-18,2.5,1110.0,410.0,106.0,41.38,32.4000015258789,2027.42,2068.8,60.0,180.0
2009-07-31,4.0,1060.0,400.0,100.0,85.65,32.4000015258789,1627.35,1713.0,60.0,175.0
2009-08-19,6.0,1020.0,400.0,100.0,65.46,25.2999992370605,2116.54,2182.0,60.0,170.0
2009-08-25,6.0,1010.0,400.0,110.0,73.72,32.4000015258789,2383.48,2457.2,117.0,175.0
2011-01-06,6.0,1060.0,280.0,114.0,234.56,32.4000015258789,2111.04,2345.6,117.0,175.0
2011-03-08,5.0,1060.0,280.0,110.0,202.44,32.4000015258789,2689.56,2892.0,117.0,200.0
2011-07-19,4.0,1040.0,470.0,89.0,29.16,32.4000015258789,1428.84,1458.0,40.0,175.0
2011-08-06,3.0,1020.0,500.0,88.0,28.22,32.4000015258789,1382.78,1411.0,40.0,180.0
2011-08-07,4.0,1020.0,380.0,102.0,54.84,32.4000015258789,2687.16,2742.0,80.0,200.0
2011-12-13,6.0,1040.0,280.0,91.0,230.88,32.4000015258789,3617.12,3848.0,100.0,130.0
2011-12-14,8.0,1020.0,280.0,91.0,124.38,32.4000015258789,4021.62,4146.0,100.0,132.0
2012-01-12,6.0,1040.0,520.0,97.0,30.64,32.4000015258789,1501.36,1532.0,40.0,170.0
2013-05-11,6.0,1120.0,600.0,90.0,41.4,,1338.6,1380.0,40.0,175.0
2015-04-10,6.0,1020.0,350.0,95.0,118.3,32.4000015258789,2247.7,2366.0,60.0,150.0
2015-04-22,4.0,1020.0,540.0,85.0,44.35,32.4000015258789,842.63,886.98,40.0,167.0
2015-04-23,4.0,1020.0,540.0,94.0,85.55,32.4000015258789,1625.47,1711.02,40.0,166.0
2015-07-02,2.0,1020.0,360.0,91.0,35.93,32.4000015258789,1760.47,1796.4,40.0,169.0
2016-02-28,4.0,1090.0,370.0,104.0,77.91,32.4000015258789,2519.09,2597.0,60.0,189.0
2018-02-03,4.0,1130.0,650.0,,75.62,,2148.38,2224.0,35.0,340.0
2018-02-19,3.0,1160.0,600.0,96.0,27.6,,892.4,920.0,40.0,190.0
2018-03-18,4.0,1080.0,490.0,83.0,67.08,32.4000015258789,268.32,335.4,40.0,175.0
2018-06-10,4.0,880.0,340.0,85.0,104.64,32.4000015258789,549.36,654.0,137.0,166.0
2018-07-27,3.0,840.0,300.0,83.0,57.6,32.4000015258789,326.4,384.0,80.0,165.0
2018-07-29,3.0,850.0,310.0,81.0,55.2,32.4000015258789,312.8,368.0,137.0,165.0
2018-09-22,3.0,860.0,340.0,84.0,139.51,32.4000015258789,325.53,465.04,137.0,175.0
2018-11-22,4.0,780.0,230.0,86.0,105.57,32.4000015258789,515.43,621.0,137.0,177.0
2018-12-22,3.0,750.0,300.0,88.0,84.45,32.4000015258789,478.55,563.0,137.0,171.0
2019-01-10,4.0,750.0,300.0,88.0,159.57,32.4000015258789,431.43,591.0,137.0,170.0
2019-01-13,2.0,760.0,280.0,86.0,147.6,32.4000015258789,467.4,615.0,137.0,168.0
2019-01-28,2.0,760.0,320.0,87.0,86.4,32.4000015258789,489.6,576.0,137.0,160.0
2019-02-04,3.0,740.0,310.0,84.0,141.36,32.4000015258789,447.64,589.0,137.0,165.0
2019-03-16,4.0,740.0,280.0,87.0,90.45,32.4000015258789,512.55,603.0,137.0,160.0
2019-04-15,3.0,720.0,280.0,86.0,90.08,32.4000015258789,472.92,563.0,137.0,160.0
2019-05-05,1.0,730.0,280.0,84.0,127.11,32.4000015258789,478.17,605.28,137.0,149.0
2019-06-01,4.0,700.0,280.0,86.0,111.0,32.4000015258789,444.0,555.0,137.0,152.0
2020-01-11,2.0,860.0,275.0,92.0,101.28,32.4000015258789,1164.72,1266.0,137.0,165.0
2020-01-30,4.0,860.0,280.0,91.0,34.56,32.4000015258789,1117.44,1152.0,137.0,170.0
2020-02-13,3.0,820.0,270.0,91.0,27.15,32.4000015258789,877.85,905.0,137.0,174.0
2020-02-29,6.0,810.0,325.0,87.0,84.59,32.4000015258789,684.41,769.0,137.0,164.0
2020-04-18,1.0,820.0,320.0,88.0,122.91,,600.09,723.0,137.0,164.0
2020-04-21,2.0,800.0,320.0,85.0,89.96,32.4000015258789,338.44,428.4,137.0,167.0
2020-06-18,4.0,830.0,320.0,84.0,119.2,32.4000015258789,625.8,745.0,137.0,164.0
2020-06-24,4.0,840.0,300.0,83.0,314.4,32.4000015258789,471.6,786.0,137.0,162.0
2020-07-22,3.0,880.0,280.0,84.0,169.05,32.4000015258789,565.95,735.0,137.0,164.0
2020-07-23,4.0,880.0,340.0,82.0,90.24,32.4000015258789,661.74,751.98,137.0,165.0
2020-07-27,3.0,880.0,340.0,84.0,90.6,32.4000015258789,664.4,755.0,137.0,165.0
2020-08-03,2.0,865.0,295.0,82.0,67.68,32.4000015258789,214.32,282.0,137.0,158.0
2020-10-20,2.0,400.0,370.0,85.0,15.7,32.7999992370606,376.7,392.4,24.0,161.0
2020-10-23,3.0,800.0,230.0,87.0,26.24,32.4000015258789,629.76,656.0,137.0,159.0
1998-05-16,5.5,610.0,570.0,,3353.0,0.0,17.0,3370.0,32.0,
1998-05-17,7.0,600.0,570.0,,3396.0,36.7000007629394,0.0,3396.0,32.0,
1998-05-18,8.0,600.0,570.0,,3385.0,37.0,7.0,3392.0,32.0,
1998-09-11,4.0,885.0,320.0,,39.0,34.7999992370606,744.0,783.0,22.0,
1998-09-12,24.0,1000.0,300.0,,114.0,34.0,1518.0,1632.0,22.0,
1999-01-20,7.0,900.0,600.0,,1560.0,286.0,0.0,1560.0,48.0,
1999-04-20,24.0,935.0,390.0,,170.0,29.7000007629394,894.0,1064.0,32.0,
1999-07-21,3.0,940.0,280.0,,86.0,30.2999992370606,1575.0,1661.0,60.0,
1999-08-05,9.0,940.0,280.0,,34.0,30.5,1655.0,1689.0,60.0,
1999-09-14,2.0,930.0,330.0,,50.0,30.2000007629394,1624.0,1674.0,60.0,
1999-10-24,12.0,950.0,305.0,,87.0,31.0,1646.0,1733.0,60.0,
1999-12-18,7.0,970.0,310.0,,101.0,31.0,1929.0,2030.0,60.0,
1999-12-29,12.0,950.0,240.0,,36.0,31.6000003814697,1746.0,1782.0,60.0,
2000-01-07,4.0,960.0,230.0,,77.0,31.7999992370606,1849.0,1926.0,70.0,
2000-01-10,4.0,980.0,300.0,,63.0,31.7000007629394,2023.0,2086.0,128.0,
2000-01-25,24.0,960.0,230.0,,83.0,31.2000007629394,2003.0,2086.0,128.0,
2000-01-26,24.0,960.0,225.0,,83.0,31.2000007629394,2003.0,2086.0,128.0,
2000-01-27,24.0,950.0,240.0,,104.0,31.2000007629394,1982.0,2086.0,128.0,
2000-01-28,24.0,960.0,240.0,,104.0,31.2000007629394,1982.0,2086.0,128.0,
2000-01-29,24.0,970.0,235.0,,63.0,31.2000007629394,2023.0,2086.0,128.0,
2000-01-30,24.0,960.0,225.0,,83.0,31.2000007629394,2003.0,2086.0,128.0,
2000-01-31,24.0,950.0,240.0,,63.0,31.2000007629394,2023.0,2086.0,128.0,
2000-02-01,24.0,950.0,,,63.0,31.2000007629394,2023.0,2086.0,128.0,
2000-02-02,24.0,950.0,875.0,,63.0,31.2000007629394,2023.0,2086.0,128.0,
2000-02-03,3.0,780.0,240.0,,65.0,31.7000007629394,2103.0,2168.0,128.0,
2000-02-04,11.0,1020.0,310.0,,217.0,31.5,1956.0,2173.0,128.0,
2000-02-05,11.0,1020.0,230.0,,109.0,31.5,2064.0,2173.0,128.0,
2000-02-06,24.0,1020.0,230.0,,65.0,31.5,2108.0,2173.0,128.0,
2000-02-07,24.0,1020.0,450.0,,65.0,31.5,2108.0,2173.0,128.0,
2000-02-08,24.0,1020.0,230.0,,65.0,31.5,2108.0,2173.0,128.0,
2000-02-10,8.0,1030.0,260.0,,81.0,31.5,1539.0,1620.0,128.0,
2000-02-11,9.0,1000.0,295.0,,91.0,31.7000007629394,1728.0,1819.0,128.0,
2000-02-12,9.0,1000.0,285.0,,80.0,31.3999996185303,1514.0,1594.0,128.0,
2000-02-13,9.0,1000.0,265.0,,80.0,31.3999996185303,1514.0,1594.0,128.0,
2000-02-14,24.0,1020.0,270.0,,80.0,31.3999996185303,1514.0,1594.0,128.0,
2000-02-15,24.0,850.0,215.0,,80.0,31.3999996185303,1514.0,1594.0,128.0,
2000-02-16,24.0,980.0,260.0,,80.0,31.3999996185303,1514.0,1594.0,128.0,
2000-02-18,24.0,1020.0,270.0,,48.0,31.3999996185303,1546.0,1594.0,128.0,
2000-02-19,8.0,1040.0,270.0,,61.0,31.0,1957.0,2018.0,128.0,
2000-02-20,8.0,1030.0,260.0,,61.0,31.0,1957.0,2018.0,128.0,
2000-02-21,8.0,1030.0,260.0,,61.0,31.0,1957.0,2018.0,128.0,
2000-02-22,8.0,1020.0,255.0,,61.0,31.0,1957.0,2018.0,128.0,
2000-02-23,8.0,1040.0,265.0,,61.0,31.0,1957.0,2018.0,128.0,
2000-02-24,24.0,1020.0,260.0,,101.0,31.3999996185303,1917.0,2018.0,128.0,
2000-02-25,24.0,1020.0,260.0,,101.0,31.3999996185303,1917.0,2018.0,128.0,
2000-02-26,24.0,1040.0,260.0,,101.0,31.3999996185303,1917.0,2018.0,128.0,
2000-03-05,8.0,1020.0,350.0,,100.0,31.3999996185303,1908.0,2008.0,128.0,
2000-03-11,11.0,1000.0,260.0,,68.0,31.3999996185303,1640.0,1708.0,128.0,
2000-03-22,11.0,1000.0,280.0,,97.0,32.0,1516.0,1613.0,128.0,
2000-04-03,7.0,1020.0,295.0,,53.0,31.7999992370606,1701.0,1754.0,128.0,
2000-04-04,24.0,1005.0,220.0,,53.0,31.7999992370606,1701.0,1754.0,128.0,
2000-04-09,6.0,1010.0,300.0,,73.0,32.0999984741211,1742.0,1815.0,128.0,
2000-04-27,4.0,1020.0,300.0,,49.0,32.0999984741211,1571.0,1620.0,128.0,
2000-04-29,11.0,1020.0,280.0,,46.0,32.2999992370606,1475.0,1521.0,128.0,
2000-05-22,6.0,1020.0,305.0,,36.0,32.4000015258789,1774.0,1810.0,128.0,
2000-06-08,9.0,1025.0,310.0,,51.0,32.2000007629394,1654.0,1705.0,128.0,
2000-06-17,9.0,1000.0,270.0,,91.0,31.7999992370606,1722.0,1813.0,128.0,
2000-07-29,4.0,1020.0,300.0,,161.0,32.0999984741211,1629.0,1790.0,128.0,
2000-08-09,9.0,1090.0,270.0,,73.0,32.4000015258789,1754.0,1827.0,128.0,
2000-08-14,4.0,1050.0,300.0,,69.0,32.2000007629394,1648.0,1717.0,128.0,
2000-08-24,6.0,1090.0,295.0,,36.0,32.4000015258789,1767.0,1803.0,128.0,
2000-09-24,3.0,1040.0,325.0,,68.0,32.4000015258789,1634.0,1702.0,128.0,
2000-12-20,6.0,1030.0,250.0,,43.0,32.5,1407.0,1450.0,128.0,
2001-01-01,2.0,,,,58.0,32.5299987792969,1392.0,1450.0,,
2001-01-03,2.0,,,,43.0,32.5299987792969,1406.0,1449.0,,
2001-01-07,2.0,1060.0,255.0,,29.0,32.5299987792969,1421.0,1450.0,128.0,
2001-01-09,2.0,1090.0,270.0,,72.0,32.5299987792969,1377.0,1449.0,128.0,
2001-01-10,4.0,1080.0,315.0,,47.0,32.5,1507.0,1554.0,128.0,
2001-01-11,4.0,1080.0,315.0,,47.0,32.5299987792969,1507.0,1554.0,128.0,
2001-01-14,4.0,,,,171.0,32.5299987792969,1383.0,1554.0,,
2001-01-17,4.0,1040.0,245.0,,47.0,32.5299987792969,1507.0,1554.0,128.0,
2001-02-01,4.0,,,,78.0,32.5299987792969,1476.0,1554.0,,
2001-02-18,6.0,1100.0,325.0,,113.0,32.5999984741211,1775.0,1888.0,128.0,
2001-02-21,6.0,1090.0,270.0,,94.0,32.5299987792969,1794.0,1888.0,128.0,
2001-03-01,2.0,1070.0,255.0,,57.0,32.5299987792969,1831.0,1888.0,128.0,
2001-03-23,2.0,1100.0,255.0,,76.0,32.5299987792969,1812.0,1888.0,128.0,
2001-03-25,2.0,1070.0,250.0,,57.0,32.5299987792969,1831.0,1888.0,128.0,
2001-04-01,2.0,1100.0,260.0,,57.0,32.5299987792969,1831.0,1888.0,128.0,
2001-04-02,2.0,1100.0,255.0,,57.0,32.5299987792969,1831.0,1888.0,128.0,
2001-04-19,2.0,1110.0,260.0,,76.0,32.5299987792969,1812.0,1888.0,128.0,
2001-05-01,2.0,1080.0,240.0,,57.0,32.5299987792969,1831.0,1888.0,128.0,
2001-05-04,2.0,1080.0,240.0,,76.0,32.5299987792969,1812.0,1888.0,128.0,
2001-05-07,2.0,1040.0,230.0,,94.0,32.5299987792969,1794.0,1888.0,128.0,
2001-06-01,2.0,1040.0,230.0,,76.0,32.5299987792969,1812.0,1888.0,128.0,
2001-06-04,6.0,1040.0,240.0,,30.0,32.5999984741211,1478.0,1508.0,128.0,
2001-07-01,2.0,,,,30.0,32.5299987792969,1478.0,1508.0,,
2001-07-02,2.0,,,,90.0,32.5299987792969,1418.0,1508.0,,
2001-07-12,3.0,980.0,200.0,,35.0,32.5999984741211,1133.0,1168.0,128.0,
2001-08-01,2.0,1020.0,250.0,,47.0,32.5299987792969,1121.0,1168.0,128.0,
2001-08-15,4.0,1040.0,270.0,,34.0,32.5999984741211,1670.0,1704.0,128.0,
2001-08-23,8.0,1040.0,265.0,,87.0,32.7999992370606,1647.0,1734.0,128.0,
2001-09-13,4.0,1010.0,290.0,,152.0,32.0,1744.0,1896.0,128.0,
2001-11-15,2.0,,,,10.0,32.4300003051758,181.0,191.0,,
2002-01-12,6.0,1120.0,300.0,,42.0,32.4000015258789,2066.0,2108.0,,
2002-04-25,24.0,1140.0,310.0,,22.0,32.4000015258789,2180.0,2202.0,,
2002-10-24,2.0,1070.0,230.0,,71.0,32.4000015258789,2284.0,2355.0,,
2003-02-15,5.0,1070.0,290.0,,232.0,32.2000007629394,2093.0,2325.0,128.0,
2004-10-21,6.0,1160.0,190.0,,88.0,32.1300010681152,117.0,205.0,55.0,
2005-08-23,4.0,1160.0,220.0,,20.0,32.1300010681152,974.0,994.0,128.0,
2006-02-05,4.0,1170.0,280.0,,67.0,32.1300010681152,2153.0,2220.0,128.0,
2008-01-05,3.0,1090.0,340.0,,147.0,32.1300010681152,2793.0,2940.0,168.0,
2008-02-06,6.0,1050.0,240.0,,68.0,32.1300010681152,1643.0,1711.0,168.0,
2008-02-08,12.0,1100.0,220.0,,195.0,32.1300010681152,3699.0,3894.0,168.0,
2008-02-09,24.0,1100.0,220.0,,191.0,32.1300010681152,3632.0,3823.0,168.0,
2008-02-10,24.0,1100.0,220.0,,193.0,32.1300010681152,3668.0,3861.0,168.0,
2008-02-11,6.0,1110.0,240.0,,115.0,32.1300010681152,3708.0,3823.0,168.0,
2008-03-21,6.0,1050.0,300.0,,124.0,32.1300010681152,2364.0,2488.0,168.0,
2008-03-22,6.0,1040.0,300.0,,51.0,32.1300010681152,2499.0,2550.0,168.0,
2008-05-20,6.0,1060.0,300.0,,86.0,32.1300010681152,2796.0,2882.0,168.0,
2008-08-06,6.0,1110.0,300.0,,88.0,35.1300010681152,2858.0,2946.0,168.0,
2011-01-08,6.0,1070.0,260.0,109.0,125.36,32.0999984741211,1441.64,1567.0,168.0,180.0
2016-02-22,3.0,1000.0,260.0,103.0,80.68,32.0999984741211,1936.32,2017.0,116.0,167.0
2018-02-04,4.0,1060.0,490.0,,55.19,,1915.81,1971.0,35.0,340.0
2018-02-18,7.0,980.0,400.0,87.0,1382.84,32.0999984741211,120.25,1503.09,40.0,176.0
2018-03-17,1.5,1060.0,290.0,79.0,640.25,32.0999984741211,344.75,985.0,80.0,174.0
2018-04-04,6.0,1050.0,460.0,79.0,0.0,,0.0,0.0,80.0,170.0
2018-04-14,6.0,1010.0,220.0,84.0,777.57,32.0999984741211,116.19,893.76,80.0,171.0
2018-04-16,6.0,1050.0,300.0,82.0,1117.08,32.0999984741211,166.92,1284.0,80.0,170.0
2018-05-06,2.0,1010.0,230.0,84.0,678.38,34.0999984741211,129.22,807.6,137.0,164.0
2018-05-09,6.0,1000.0,200.0,82.0,537.6,34.0999984741211,102.4,640.0,137.0,164.0
2018-05-10,6.0,1000.0,200.0,83.0,557.76,34.0999984741211,106.24,664.0,137.0,140.0
2018-06-16,3.0,1020.0,450.0,84.0,157.95,34.0999984741211,85.05,243.0,50.0,158.0
2026-08-28,4.0,870.0,200.0,85.0,3.0,34.7000007629394,97.02,100.02,117.0,140.0
